DeviceTag: ,FirmwareVersion: 3.0.0,AppVersion: 2023.6.0,SyncStatus: Unknown (Synced/Un-synced),OutputRate: 60,FilterProfile: Unknown,Measurement Mode: Sensor fusion Mode - Extended (Euler),StartTime: 2025-11-13 22:43:10.341,Â© Movella Technologies B.V. 2005-2025
SampleTimeFine,Quat_W,Quat_X,Quat_Y,Quat_Z,FreeAcc_X,FreeAcc_Y,FreeAcc_Z,Status
4114140,0.8586,-0.0153,-0.0101,0.5123,0.0405,0.0060,1.8659,0
4114306,0.8584,-0.0150,-0.0102,0.5127,0.0580,0.0183,1.8779,0
4114473,0.8584,-0.0148,-0.0107,0.5126,0.0594,0.0202,1.8973,0
4114640,0.8584,-0.0145,-0.0112,0.5127,0.0206,0.0116,1.8627,0
4114806,0.8583,-0.0142,-0.0115,0.5128,0.0007,-0.0067,1.9565,0
4114973,0.8583,-0.0139,-0.0115,0.5128,-0.0144,-0.0379,1.8754,0
4115140,0.8583,-0.0136,-0.0113,0.5128,0.0122,-0.0542,1.9168,0
4115306,0.8582,-0.0133,-0.0112,0.5130,0.0167,-0.0442,1.9351,0
4115473,0.8582,-0.0131,-0.0110,0.5130,0.0364,-0.0550,1.8922,0
4115640,0.8582,-0.0128,-0.0108,0.5130,0.0353,-0.0697,1.9371,0
4115806,0.8581,-0.0126,-0.0106,0.5132,0.0380,-0.0610,1.9037,0
4115973,0.8580,-0.0124,-0.0105,0.5134,0.0272,-0.0342,1.8883,0
4116140,0.8579,-0.0122,-0.0103,0.5135,0.0401,-0.0459,1.9075,0
4116306,0.8579,-0.0119,-0.0101,0.5136,0.0506,-0.0548,1.9090,0
4116473,0.8579,-0.0117,-0.0100,0.5136,0.0813,-0.0485,1.9068,0
4116640,0.8579,-0.0114,-0.0098,0.5137,0.0926,-0.0616,1.9084,0
4116806,0.8578,-0.0111,-0.0097,0.5138,0.0525,-0.0721,1.8853,0
4116973,0.8578,-0.0109,-0.0095,0.5138,0.0659,-0.0719,1.8885,0
4117140,0.8578,-0.0107,-0.0094,0.5139,0.0558,-0.0681,1.9077,0
4117306,0.8577,-0.0104,-0.0093,0.5140,0.0798,-0.0601,1.8937,0
4117473,0.8578,-0.0101,-0.0091,0.5138,0.0896,-0.0790,1.8893,0
4117640,0.8578,-0.0099,-0.0090,0.5139,0.1220,-0.0965,1.9041,0
4117806,0.8577,-0.0096,-0.0088,0.5139,0.1389,-0.1044,1.9087,0
4117973,0.8577,-0.0093,-0.0087,0.5141,0.1164,-0.1142,1.9119,0
4118140,0.8576,-0.0091,-0.0086,0.5141,0.1189,-0.1015,1.9024,0
4118307,0.8575,-0.0088,-0.0084,0.5143,0.0948,-0.1038,1.9102,0
4118473,0.8575,-0.0086,-0.0083,0.5144,0.1116,-0.0995,1.9106,0
4118640,0.8574,-0.0083,-0.0082,0.5146,0.1212,-0.1084,1.9215,0
4118807,0.8573,-0.0080,-0.0080,0.5146,0.1406,-0.1234,1.8793,0
4118973,0.8573,-0.0078,-0.0079,0.5147,0.1703,-0.1455,1.8474,0
4119140,0.8573,-0.0075,-0.0078,0.5148,0.1728,-0.1377,1.9767,0
4119307,0.8572,-0.0073,-0.0077,0.5148,0.1407,-0.1172,1.8300,0
4119473,0.8572,-0.0070,-0.0075,0.5149,0.1756,-0.1037,1.8623,0
4119640,0.8571,-0.0068,-0.0074,0.5150,0.1815,-0.1119,2.0963,0
4119807,0.8571,-0.0065,-0.0073,0.5151,0.1436,-0.1235,1.7089,0
4119973,0.8571,-0.0063,-0.0071,0.5151,0.1893,-0.1552,1.9842,0
4120140,0.8570,-0.0060,-0.0070,0.5152,0.2126,-0.1720,1.9037,0
4120307,0.8570,-0.0058,-0.0068,0.5153,0.2105,-0.1801,1.8513,0
4120473,0.8569,-0.0055,-0.0067,0.5154,0.2077,-0.1819,1.9781,0
4120640,0.8568,-0.0052,-0.0066,0.5155,0.1835,-0.1723,1.8960,0
4120807,0.8568,-0.0050,-0.0065,0.5156,0.1835,-0.1550,1.9249,0
4120973,0.8567,-0.0047,-0.0064,0.5157,0.2011,-0.1635,1.9172,0
4121140,0.8567,-0.0044,-0.0063,0.5158,0.2280,-0.1562,1.8512,0
4121307,0.8566,-0.0042,-0.0062,0.5159,0.2374,-0.1552,1.9161,0
4121473,0.8566,-0.0039,-0.0061,0.5160,0.2492,-0.1776,1.8845,0
4121640,0.8565,-0.0036,-0.0060,0.5160,0.2541,-0.1763,1.9046,0
4121807,0.8564,-0.0034,-0.0058,0.5162,0.2524,-0.1623,1.8953,0
4121973,0.8563,-0.0031,-0.0057,0.5164,0.2332,-0.1772,1.9090,0
4122140,0.8563,-0.0028,-0.0056,0.5165,0.2492,-0.1928,1.9294,0
4122307,0.8562,-0.0026,-0.0055,0.5166,0.2752,-0.2056,1.8878,0
4122473,0.8561,-0.0023,-0.0054,0.5167,0.3035,-0.2119,1.8883,0
4122640,0.8561,-0.0021,-0.0053,0.5168,0.2846,-0.1910,1.9068,0
4122807,0.8560,-0.0018,-0.0052,0.5170,0.2925,-0.2053,1.9163,0
4122973,0.8559,-0.0015,-0.0051,0.5171,0.2599,-0.2020,1.9106,0
4123140,0.8558,-0.0013,-0.0050,0.5172,0.2704,-0.2067,1.8898,0
4123307,0.8558,-0.0010,-0.0048,0.5174,0.2831,-0.2161,1.8913,0
4123473,0.8557,-0.0008,-0.0047,0.5175,0.3033,-0.2153,1.9031,0
4123640,0.8556,-0.0005,-0.0046,0.5176,0.3266,-0.2213,1.9088,0
4123807,0.8555,-0.0002,-0.0045,0.5178,0.3173,-0.2236,1.9071,0
4123973,0.8554,0.0000,-0.0044,0.5179,0.3239,-0.2139,1.8959,0
4124140,0.8554,0.0003,-0.0043,0.5180,0.3128,-0.2295,1.9153,0
4124307,0.8553,0.0005,-0.0042,0.5182,0.3252,-0.2186,1.9019,0
4124473,0.8552,0.0008,-0.0041,0.5183,0.3366,-0.2266,1.8835,0
4124640,0.8551,0.0010,-0.0040,0.5184,0.3512,-0.2459,1.9164,0
4124807,0.8550,0.0012,-0.0039,0.5185,0.3558,-0.2703,1.8950,0
4124973,0.8550,0.0015,-0.0038,0.5187,0.3578,-0.2599,1.8894,0
4125140,0.8549,0.0017,-0.0037,0.5188,0.3426,-0.2532,1.9116,0
4125307,0.8548,0.0019,-0.0036,0.5189,0.3268,-0.2298,1.9186,0
4125473,0.8547,0.0022,-0.0035,0.5191,0.3454,-0.2401,1.9166,0
4125640,0.8547,0.0024,-0.0034,0.5192,0.3650,-0.2517,1.9006,0
4125807,0.8546,0.0026,-0.0033,0.5193,0.3934,-0.2704,1.9005,0
4125973,0.8545,0.0029,-0.0032,0.5194,0.3935,-0.2788,1.8941,0
4126140,0.8545,0.0031,-0.0031,0.5195,0.3986,-0.2775,1.8898,0
4126307,0.8544,0.0033,-0.0030,0.5196,0.3925,-0.2877,1.8982,0
4126473,0.8544,0.0035,-0.0029,0.5197,0.3892,-0.2591,1.8983,0
4126640,0.8543,0.0037,-0.0028,0.5198,0.3773,-0.2633,1.9043,0
4126807,0.8542,0.0040,-0.0027,0.5199,0.4013,-0.2746,1.9002,0
4126973,0.8542,0.0042,-0.0026,0.5200,0.4092,-0.2936,1.8888,0
4127140,0.8541,0.0044,-0.0024,0.5201,0.4276,-0.2949,1.8665,0
4127307,0.8541,0.0046,-0.0023,0.5201,0.4251,-0.3199,1.9252,0
4127473,0.8540,0.0048,-0.0023,0.5203,0.4159,-0.3075,1.8926,0
4127640,0.8539,0.0050,-0.0022,0.5204,0.4199,-0.3053,1.9177,0
4127807,0.8539,0.0052,-0.0021,0.5204,0.4230,-0.2998,1.9026,0
4127973,0.8538,0.0054,-0.0020,0.5205,0.4236,-0.3006,1.8796,0
4128140,0.8538,0.0056,-0.0019,0.5206,0.4420,-0.3004,1.8899,0
4128307,0.8537,0.0058,-0.0018,0.5207,0.4573,-0.3172,1.9095,0
4128473,0.8537,0.0060,-0.0017,0.5208,0.4534,-0.3208,1.8786,0
4128640,0.8536,0.0062,-0.0016,0.5209,0.4263,-0.3095,1.8734,0
4128807,0.8535,0.0063,-0.0015,0.5210,0.4379,-0.3122,1.8607,0
4128973,0.8535,0.0065,-0.0015,0.5211,0.4551,-0.3003,1.8646,0
4129140,0.8534,0.0067,-0.0014,0.5212,0.4693,-0.3066,1.9937,0
4129307,0.8534,0.0069,-0.0013,0.5213,0.4680,-0.3026,1.8776,0
4129473,0.8533,0.0071,-0.0012,0.5214,0.4707,-0.3390,1.7604,0
4129640,0.8532,0.0072,-0.0011,0.5215,0.5186,-0.3616,1.9815,0
4129807,0.8531,0.0074,-0.0010,0.5216,0.4814,-0.3417,1.8607,0
4129973,0.8531,0.0076,-0.0009,0.5217,0.4633,-0.3162,1.9346,0
4130140,0.8530,0.0077,-0.0009,0.5219,0.4711,-0.3410,1.9289,0
4130307,0.8529,0.0079,-0.0008,0.5219,0.4765,-0.3592,1.8703,0
4130473,0.8529,0.0080,-0.0007,0.5221,0.4876,-0.3489,1.8960,0
4130640,0.8528,0.0082,-0.0007,0.5222,0.4932,-0.3167,1.8814,0
4130807,0.8527,0.0083,-0.0006,0.5223,0.5082,-0.3325,1.8703,0
4130973,0.8527,0.0085,-0.0005,0.5224,0.5087,-0.3638,1.9243,0
4131140,0.8526,0.0087,-0.0005,0.5225,0.4994,-0.3668,1.9191,0
4131307,0.8525,0.0088,-0.0004,0.5226,0.4816,-0.3401,1.8754,0
4131473,0.8525,0.0089,-0.0004,0.5227,0.5127,-0.3387,1.8922,0
4131640,0.8524,0.0091,-0.0003,0.5228,0.5261,-0.3447,1.8862,0
4131807,0.8524,0.0092,-0.0003,0.5229,0.5485,-0.3473,1.8994,0
4131973,0.8523,0.0094,-0.0002,0.5230,0.5123,-0.3782,1.8795,0
4132140,0.8522,0.0095,-0.0001,0.5231,0.5201,-0.3543,1.8845,0
4132307,0.8522,0.0096,-0.0001,0.5232,0.5151,-0.3722,1.9232,0
4132473,0.8521,0.0097,-0.0000,0.5233,0.5359,-0.3680,1.9008,0
4132640,0.8521,0.0098,0.0000,0.5234,0.5218,-0.3807,1.8805,0
4132807,0.8520,0.0100,0.0001,0.5234,0.5330,-0.3771,1.8976,0
4132973,0.8520,0.0101,0.0001,0.5235,0.5473,-0.3657,1.8742,0
4133140,0.8519,0.0102,0.0001,0.5236,0.5597,-0.3706,1.8952,0
4133307,0.8518,0.0103,0.0002,0.5237,0.5316,-0.3597,1.8778,0
4133473,0.8518,0.0104,0.0002,0.5238,0.5277,-0.3637,1.8869,0
4133640,0.8517,0.0105,0.0003,0.5239,0.5377,-0.3751,1.9045,0
4133807,0.8517,0.0106,0.0003,0.5240,0.5350,-0.3864,1.8847,0
4133973,0.8516,0.0107,0.0004,0.5241,0.5503,-0.3721,1.8850,0
4134140,0.8515,0.0107,0.0004,0.5242,0.5543,-0.3823,1.8665,0
4134307,0.8515,0.0108,0.0004,0.5243,0.5522,-0.3856,1.8774,0
4134473,0.8514,0.0109,0.0005,0.5243,0.5407,-0.3890,1.8877,0
4134640,0.8514,0.0110,0.0005,0.5244,0.5474,-0.3726,1.7936,0
4134807,0.8513,0.0110,0.0005,0.5245,0.5638,-0.3587,2.0553,0
4134974,0.8513,0.0111,0.0006,0.5246,0.5404,-0.3732,1.8019,0
4135140,0.8512,0.0112,0.0006,0.5247,0.5442,-0.4024,1.9477,0
4135307,0.8512,0.0112,0.0006,0.5248,0.5496,-0.4186,1.8698,0
4135474,0.8511,0.0113,0.0007,0.5249,0.5846,-0.4046,1.8553,0
4135640,0.8510,0.0113,0.0007,0.5250,0.5860,-0.3773,1.9447,0
4135807,0.8510,0.0114,0.0007,0.5251,0.5579,-0.3908,1.8598,0
4135974,0.8509,0.0114,0.0007,0.5252,0.5386,-0.3844,1.9062,0
4136140,0.8509,0.0115,0.0007,0.5253,0.5560,-0.3891,1.8610,0
4136307,0.8508,0.0115,0.0007,0.5253,0.5699,-0.3856,1.8718,0
4136474,0.8508,0.0116,0.0008,0.5254,0.5858,-0.3963,1.9013,0
4136640,0.8507,0.0116,0.0008,0.5255,0.5923,-0.3994,1.8940,0
4136807,0.8507,0.0116,0.0008,0.5256,0.5819,-0.3923,1.8812,0
4136974,0.8506,0.0116,0.0008,0.5257,0.5788,-0.3930,1.9029,0
4137140,0.8506,0.0117,0.0008,0.5257,0.5551,-0.3780,1.9631,0
4137307,0.8505,0.0117,0.0009,0.5258,0.5385,-0.3748,1.8618,0
4137474,0.8504,0.0117,0.0009,0.5259,0.5624,-0.3953,1.9309,0
4137640,0.8504,0.0117,0.0008,0.5260,0.5904,-0.4195,1.8534,0
4137807,0.8504,0.0118,0.0008,0.5261,0.6086,-0.4221,1.8918,0
4137974,0.8503,0.0118,0.0008,0.5261,0.5896,-0.3794,1.8937,0
4138140,0.8503,0.0118,0.0008,0.5262,0.5733,-0.3705,1.8796,0
4138307,0.8502,0.0118,0.0008,0.5263,0.5581,-0.3825,1.8985,0
4138474,0.8502,0.0118,0.0008,0.5264,0.5385,-0.3885,1.8649,0
4138640,0.8501,0.0118,0.0008,0.5264,0.5597,-0.3816,1.8885,0
4138807,0.8501,0.0118,0.0008,0.5265,0.5740,-0.3804,1.9077,0
4138974,0.8500,0.0118,0.0008,0.5266,0.5841,-0.4079,1.8583,0
4139140,0.8500,0.0118,0.0008,0.5266,0.5923,-0.4142,1.9241,0
4139307,0.8500,0.0117,0.0008,0.5267,0.5819,-0.4154,1.9382,0
4139474,0.8499,0.0117,0.0008,0.5268,0.5505,-0.3912,1.7799,0
4139640,0.8499,0.0117,0.0008,0.5268,0.5801,-0.3948,1.8194,0
4139807,0.8499,0.0117,0.0008,0.5269,0.5982,-0.3682,2.0747,0
4139974,0.8498,0.0116,0.0008,0.5269,0.5840,-0.3616,1.7151,0
4140140,0.8498,0.0116,0.0008,0.5270,0.5812,-0.3954,2.0187,0
4140307,0.8498,0.0115,0.0008,0.5271,0.5618,-0.4124,1.9284,0
4140474,0.8497,0.0115,0.0008,0.5271,0.5518,-0.4052,1.8385,0
4140640,0.8497,0.0115,0.0008,0.5271,0.5400,-0.4097,1.9680,0
4140807,0.8497,0.0114,0.0007,0.5272,0.5455,-0.3791,1.8634,0
4140974,0.8496,0.0114,0.0007,0.5272,0.5625,-0.3703,1.8945,0
4141140,0.8496,0.0113,0.0006,0.5273,0.5935,-0.3787,1.8943,0
4141307,0.8496,0.0113,0.0006,0.5273,0.6037,-0.3609,1.8209,0
4141474,0.8496,0.0112,0.0006,0.5273,0.5869,-0.3787,1.9024,0
4141640,0.8496,0.0112,0.0006,0.5274,0.5686,-0.3874,1.9100,0
4141807,0.8496,0.0111,0.0006,0.5274,0.5342,-0.3980,1.8896,0
4141974,0.8495,0.0111,0.0005,0.5274,0.5431,-0.3955,1.9075,0
4142140,0.8495,0.0110,0.0005,0.5274,0.5586,-0.3796,1.8760,0
4142307,0.8495,0.0109,0.0005,0.5275,0.5520,-0.4047,1.8749,0
4142474,0.8495,0.0109,0.0005,0.5275,0.5574,-0.3785,1.9008,0
4142640,0.8495,0.0108,0.0004,0.5275,0.5288,-0.3608,1.8868,0
4142807,0.8495,0.0107,0.0004,0.5275,0.5487,-0.3528,1.8942,0
4142974,0.8494,0.0107,0.0004,0.5276,0.5537,-0.3624,1.8840,0
4143140,0.8494,0.0106,0.0003,0.5276,0.5524,-0.3774,1.9226,0
4143307,0.8494,0.0105,0.0003,0.5276,0.5758,-0.3723,1.9174,0
4143474,0.8494,0.0105,0.0002,0.5276,0.5739,-0.3816,1.8750,0
4143640,0.8494,0.0104,0.0002,0.5277,0.5461,-0.3802,1.9025,0
4143807,0.8494,0.0103,0.0001,0.5277,0.5143,-0.3920,1.8640,0
4143974,0.8494,0.0102,0.0001,0.5277,0.5042,-0.3744,1.8785,0
4144140,0.8493,0.0101,0.0001,0.5277,0.5270,-0.3814,1.8080,0
4144307,0.8493,0.0100,0.0001,0.5278,0.5531,-0.3465,1.9675,0
4144474,0.8493,0.0099,0.0000,0.5278,0.5540,-0.3468,1.9034,0
4144640,0.8493,0.0099,-0.0000,0.5279,0.5528,-0.3826,1.9039,0
4144807,0.8493,0.0098,-0.0001,0.5279,0.5325,-0.3947,1.9055,0
4144974,0.8493,0.0097,-0.0001,0.5279,0.5266,-0.3730,1.8577,0
4145140,0.8492,0.0096,-0.0002,0.5279,0.5103,-0.3551,1.9495,0
4145307,0.8492,0.0095,-0.0002,0.5279,0.5257,-0.3365,1.9218,0
4145474,0.8492,0.0094,-0.0003,0.5279,0.5132,-0.3647,1.8686,0
4145640,0.8492,0.0093,-0.0003,0.5279,0.5157,-0.3676,1.8703,0
4145807,0.8492,0.0092,-0.0004,0.5280,0.5296,-0.3667,1.8394,0
4145974,0.8492,0.0091,-0.0004,0.5280,0.5530,-0.3543,1.9017,0
4146140,0.8492,0.0090,-0.0005,0.5280,0.5242,-0.3607,1.9314,0
4146307,0.8492,0.0089,-0.0005,0.5280,0.5201,-0.3608,1.8824,0
4146474,0.8492,0.0088,-0.0006,0.5280,0.5164,-0.3620,1.8697,0
4146640,0.8492,0.0087,-0.0006,0.5280,0.5140,-0.3470,1.9109,0
4146807,0.8492,0.0086,-0.0006,0.5280,0.4871,-0.3381,1.8644,0
4146974,0.8492,0.0085,-0.0007,0.5280,0.4878,-0.3469,1.9144,0
4147140,0.8492,0.0084,-0.0007,0.5280,0.5069,-0.3547,1.8974,0
4147307,0.8492,0.0083,-0.0008,0.5280,0.5005,-0.3482,1.9110,0
4147474,0.8492,0.0082,-0.0009,0.5279,0.4829,-0.3385,1.9194,0
4147640,0.8492,0.0081,-0.0009,0.5280,0.5101,-0.3485,1.8929,0
4147807,0.8492,0.0080,-0.0010,0.5279,0.4997,-0.3423,1.8643,0
4147974,0.8493,0.0078,-0.0010,0.5279,0.5019,-0.3280,1.8930,0
4148140,0.8493,0.0077,-0.0011,0.5279,0.5013,-0.3285,1.8982,0
4148307,0.8493,0.0076,-0.0012,0.5279,0.4828,-0.3314,1.9046,0
4148474,0.8493,0.0075,-0.0012,0.5279,0.4944,-0.3459,1.8871,0
4148640,0.8493,0.0074,-0.0012,0.5279,0.4970,-0.3392,1.8686,0
4148807,0.8493,0.0072,-0.0013,0.5278,0.4885,-0.3329,2.0234,0
4148974,0.8493,0.0071,-0.0014,0.5278,0.4526,-0.3300,1.8538,0
4149140,0.8493,0.0070,-0.0014,0.5278,0.4664,-0.3376,1.8839,0
4149307,0.8494,0.0069,-0.0015,0.5278,0.4822,-0.3309,1.8776,0
4149474,0.8494,0.0068,-0.0015,0.5277,0.4808,-0.3156,1.8742,0
4149640,0.8494,0.0067,-0.0016,0.5277,0.4728,-0.3169,1.9255,0
4149807,0.8494,0.0065,-0.0017,0.5277,0.4446,-0.3341,1.8988,0
4149974,0.8494,0.0064,-0.0017,0.5277,0.4505,-0.3338,1.8964,0
4150140,0.8494,0.0063,-0.0018,0.5276,0.4562,-0.3199,1.8751,0
4150307,0.8495,0.0062,-0.0018,0.5276,0.4494,-0.3144,1.9187,0
4150474,0.8495,0.0060,-0.0019,0.5276,0.4613,-0.3037,1.8926,0
4150640,0.8495,0.0059,-0.0020,0.5275,0.4694,-0.3069,1.9012,0
4150807,0.8495,0.0058,-0.0020,0.5275,0.4583,-0.3130,1.8865,0
4150974,0.8495,0.0057,-0.0021,0.5275,0.4471,-0.3137,1.8724,0
4151140,0.8496,0.0055,-0.0022,0.5274,0.4471,-0.3061,1.8737,0
4151307,0.8496,0.0054,-0.0022,0.5274,0.4407,-0.3064,1.9102,0
4151474,0.8496,0.0053,-0.0023,0.5274,0.4400,-0.3130,1.8846,0
4151641,0.8496,0.0051,-0.0023,0.5274,0.4437,-0.3200,1.8824,0
4151807,0.8497,0.0050,-0.0023,0.5273,0.4460,-0.3124,1.9475,0
4151974,0.8497,0.0049,-0.0024,0.5273,0.4153,-0.3001,1.9290,0
4152141,0.8497,0.0048,-0.0025,0.5273,0.4062,-0.3103,1.8787,0
4152307,0.8497,0.0047,-0.0025,0.5272,0.4079,-0.2997,1.8798,0
4152474,0.8497,0.0045,-0.0026,0.5272,0.4085,-0.3043,1.8894,0
4152641,0.8498,0.0044,-0.0027,0.5271,0.4198,-0.2787,1.9377,0
4152807,0.8498,0.0043,-0.0027,0.5271,0.4196,-0.2824,1.9028,0
4152974,0.8498,0.0042,-0.0028,0.5271,0.4254,-0.2955,1.8953,0
4153141,0.8498,0.0040,-0.0028,0.5271,0.4097,-0.2873,1.8936,0
4153307,0.8498,0.0039,-0.0029,0.5270,0.4096,-0.2938,1.8659,0
4153474,0.8499,0.0038,-0.0030,0.5270,0.3948,-0.2893,1.9451,0
4153641,0.8499,0.0037,-0.0030,0.5269,0.3932,-0.2901,1.9004,0
4153807,0.8499,0.0035,-0.0031,0.5269,0.4120,-0.2771,1.8947,0
4153974,0.8500,0.0034,-0.0032,0.5268,0.4013,-0.2817,1.8837,0
4154141,0.8500,0.0033,-0.0032,0.5268,0.3898,-0.2702,1.8820,0
4154307,0.8500,0.0032,-0.0032,0.5268,0.3869,-0.2644,1.8929,0
4154474,0.8500,0.0030,-0.0033,0.5267,0.3786,-0.2713,1.9091,0
4154641,0.8501,0.0029,-0.0034,0.5267,0.3753,-0.2740,1.9147,0
4154807,0.8501,0.0028,-0.0034,0.5266,0.3908,-0.2720,1.8611,0
4154974,0.8501,0.0026,-0.0034,0.5266,0.3851,-0.2759,1.9551,0
4155141,0.8502,0.0025,-0.0035,0.5265,0.3726,-0.2755,1.8845,0
4155307,0.8502,0.0024,-0.0036,0.5265,0.3755,-0.2889,1.8870,0
4155474,0.8502,0.0023,-0.0036,0.5264,0.3778,-0.2728,1.9186,0
4155641,0.8502,0.0022,-0.0037,0.5264,0.3797,-0.2620,1.8699,0
4155807,0.8503,0.0021,-0.0037,0.5263,0.3662,-0.2411,1.9311,0
4155974,0.8503,0.0019,-0.0038,0.5262,0.3699,-0.2503,1.9207,0
4156141,0.8504,0.0018,-0.0038,0.5262,0.3616,-0.2547,1.9033,0
4156307,0.8504,0.0017,-0.0039,0.5261,0.3573,-0.2560,1.9239,0
4156474,0.8504,0.0016,-0.0039,0.5261,0.3580,-0.2534,1.9180,0
4156641,0.8505,0.0014,-0.0040,0.5260,0.3625,-0.2689,1.8950,0
4156807,0.8505,0.0013,-0.0040,0.5260,0.3586,-0.2544,1.9138,0
4156974,0.8505,0.0012,-0.0041,0.5259,0.3538,-0.2456,1.8707,0
4157141,0.8506,0.0011,-0.0041,0.5259,0.3446,-0.2549,1.9249,0
4157307,0.8506,0.0010,-0.0041,0.5258,0.3328,-0.2511,1.9205,0
4157474,0.8506,0.0008,-0.0042,0.5258,0.3279,-0.2505,1.9020,0
4157641,0.8506,0.0007,-0.0042,0.5257,0.3408,-0.2540,1.9016,0
4157807,0.8507,0.0006,-0.0043,0.5257,0.3383,-0.2368,1.8960,0
4157974,0.8507,0.0005,-0.0043,0.5256,0.3350,-0.2348,1.8980,0
4158141,0.8507,0.0004,-0.0044,0.5256,0.3226,-0.2325,1.9008,0
4158307,0.8508,0.0003,-0.0044,0.5255,0.3196,-0.2445,1.9020,0
4158474,0.8508,0.0002,-0.0045,0.5254,0.3305,-0.2221,1.9122,0
4158641,0.8508,0.0000,-0.0045,0.5254,0.3355,-0.2271,1.9197,0
4158807,0.8509,-0.0001,-0.0046,0.5253,0.3154,-0.2408,1.8989,0
4158974,0.8509,-0.0002,-0.0046,0.5253,0.3208,-0.2341,1.9297,0
4159141,0.8510,-0.0003,-0.0047,0.5252,0.3095,-0.2343,1.8925,0
4159307,0.8510,-0.0004,-0.0048,0.5251,0.3149,-0.2237,1.8951,0
4159474,0.8510,-0.0005,-0.0048,0.5251,0.2938,-0.2151,1.9230,0
4159641,0.8511,-0.0007,-0.0048,0.5250,0.3013,-0.2247,1.8644,0
4159807,0.8511,-0.0008,-0.0049,0.5249,0.3130,-0.2357,1.9329,0
4159974,0.8511,-0.0009,-0.0049,0.5249,0.3028,-0.2276,1.9113,0
4160141,0.8512,-0.0010,-0.0050,0.5248,0.3002,-0.2223,1.8960,0
4160307,0.8512,-0.0011,-0.0051,0.5248,0.2931,-0.2199,1.9246,0
4160474,0.8513,-0.0012,-0.0051,0.5247,0.3042,-0.2144,1.8950,0
4160641,0.8513,-0.0013,-0.0052,0.5247,0.2878,-0.2164,1.9167,0
4160807,0.8513,-0.0014,-0.0052,0.5247,0.2868,-0.2178,1.9075,0
4160974,0.8513,-0.0015,-0.0053,0.5246,0.2753,-0.2256,1.9178,0
4161141,0.8514,-0.0016,-0.0053,0.5245,0.2804,-0.2177,1.8879,0
4161307,0.8514,-0.0017,-0.0054,0.5245,0.3007,-0.2241,1.8763,0
4161474,0.8514,-0.0018,-0.0055,0.5244,0.2937,-0.2101,1.9182,0
4161641,0.8515,-0.0019,-0.0055,0.5244,0.2808,-0.2200,1.9262,0
4161807,0.8515,-0.0020,-0.0056,0.5243,0.2630,-0.2092,1.8926,0
4161974,0.8516,-0.0020,-0.0056,0.5242,0.2754,-0.2120,1.9149,0
4162141,0.8516,-0.0021,-0.0057,0.5242,0.2807,-0.2243,1.8951,0
4162307,0.8517,-0.0022,-0.0058,0.5241,0.2886,-0.1964,1.8634,0
4162474,0.8517,-0.0023,-0.0058,0.5240,0.2875,-0.1918,1.9148,0
4162641,0.8517,-0.0024,-0.0059,0.5240,0.2580,-0.2005,1.9236,0
4162807,0.8518,-0.0025,-0.0059,0.5239,0.2447,-0.2151,1.9130,0
4162974,0.8518,-0.0026,-0.0060,0.5239,0.2539,-0.2072,1.9110,0
4163141,0.8518,-0.0027,-0.0060,0.5238,0.2577,-0.1846,1.8963,0
4163307,0.8519,-0.0028,-0.0061,0.5237,0.2527,-0.1978,1.9256,0
4163474,0.8519,-0.0028,-0.0062,0.5236,0.2642,-0.2084,1.9162,0
4163641,0.8520,-0.0029,-0.0062,0.5236,0.2564,-0.2078,1.9125,0
4163807,0.8520,-0.0030,-0.0063,0.5235,0.2634,-0.1816,1.9217,0
4163974,0.8520,-0.0030,-0.0064,0.5234,0.2650,-0.1744,1.8833,0
4164141,0.8521,-0.0031,-0.0065,0.5234,0.2387,-0.1876,1.9462,0
4164307,0.8521,-0.0032,-0.0066,0.5233,0.2416,-0.1704,1.8449,0
4164474,0.8522,-0.0032,-0.0066,0.5232,0.2644,-0.1837,1.9360,0
4164641,0.8522,-0.0033,-0.0067,0.5231,0.2550,-0.1672,1.8912,0
4164807,0.8523,-0.0034,-0.0068,0.5231,0.2562,-0.1738,1.9134,0
4164974,0.8523,-0.0034,-0.0068,0.5230,0.2389,-0.1776,1.9023,0
4165141,0.8523,-0.0035,-0.0069,0.5229,0.2185,-0.2035,1.8716,0
4165307,0.8524,-0.0036,-0.0070,0.5229,0.2149,-0.1990,1.9169,0
4165474,0.8524,-0.0036,-0.0071,0.5228,0.2327,-0.1739,1.8901,0
4165641,0.8524,-0.0037,-0.0071,0.5228,0.2350,-0.1735,1.9004,0
4165807,0.8525,-0.0038,-0.0072,0.5227,0.2439,-0.1694,1.9106,0
4165974,0.8525,-0.0039,-0.0072,0.5226,0.2309,-0.1902,1.8733,0
4166141,0.8526,-0.0039,-0.0073,0.5225,0.2172,-0.1813,1.9396,0
4166307,0.8526,-0.0040,-0.0074,0.5224,0.2036,-0.1818,1.8680,0
4166474,0.8527,-0.0040,-0.0074,0.5223,0.2051,-0.1854,1.9020,0
4166641,1.0000,-0.0074,-0.0042,-0.0000,-0.0699,-0.2767,1.8993,0
4166807,1.0000,-0.0075,-0.0042,-0.0001,-0.0613,-0.2857,1.9087,0
4166974,1.0000,-0.0076,-0.0043,-0.0001,-0.0660,-0.2584,1.9108,0
4167141,1.0000,-0.0077,-0.0043,-0.0002,-0.0659,-0.2367,1.8849,0
4167307,1.0000,-0.0077,-0.0043,-0.0003,-0.0726,-0.1816,1.9367,0
4167474,1.0000,-0.0078,-0.0043,-0.0004,-0.0681,-0.2620,1.8133,0
4167641,1.0000,-0.0079,-0.0043,-0.0005,-0.0446,-0.3452,1.9707,0
4167807,1.0000,-0.0080,-0.0043,-0.0005,0.0015,-0.3227,1.8307,0
4167974,1.0000,-0.0081,-0.0043,-0.0006,-0.0080,-0.2839,1.9088,0
4168141,1.0000,-0.0082,-0.0043,-0.0007,-0.0414,-0.2257,1.9263,0
4168308,1.0000,-0.0083,-0.0043,-0.0008,-0.0563,-0.2217,1.8382,0
4168474,1.0000,-0.0083,-0.0043,-0.0008,-0.0472,-0.2188,1.9694,0
4168641,1.0000,-0.0084,-0.0043,-0.0009,-0.0330,-0.2116,1.8590,0
4168808,1.0000,-0.0085,-0.0043,-0.0010,-0.0667,-0.2485,1.9668,0
4168974,1.0000,-0.0086,-0.0043,-0.0011,-0.0886,-0.3077,1.8973,0
4169141,1.0000,-0.0087,-0.0043,-0.0012,-0.0731,-0.2951,1.8674,0
4169308,1.0000,-0.0088,-0.0043,-0.0012,-0.0362,-0.2423,1.9573,0
4169474,1.0000,-0.0088,-0.0043,-0.0013,-0.0283,-0.1863,1.8741,0
4169641,1.0000,-0.0089,-0.0043,-0.0014,-0.0541,-0.2032,1.9384,0
4169808,0.9999,-0.0090,-0.0042,-0.0015,-0.0734,-0.2250,1.8692,0
4169974,0.9999,-0.0091,-0.0042,-0.0015,-0.0402,-0.2431,1.9280,0
4170141,0.9999,-0.0091,-0.0042,-0.0016,-0.0397,-0.2600,1.9316,0
4170308,0.9999,-0.0092,-0.0042,-0.0017,-0.0377,-0.2850,1.8678,0
4170474,0.9999,-0.0093,-0.0042,-0.0018,-0.0615,-0.2316,1.9457,0
4170641,0.9999,-0.0094,-0.0042,-0.0019,-0.0770,-0.2032,1.8728,0
4170808,0.9999,-0.0095,-0.0042,-0.0019,-0.0586,-0.1736,1.9318,0
4170974,0.9999,-0.0096,-0.0042,-0.0020,-0.0271,-0.2008,1.8901,0
4171141,0.9999,-0.0096,-0.0042,-0.0021,-0.0298,-0.2377,1.8744,0
4171308,0.9999,-0.0097,-0.0041,-0.0022,-0.0452,-0.2526,1.9167,0
4171474,0.9999,-0.0098,-0.0041,-0.0023,-0.0575,-0.2530,1.8891,0
4171641,0.9999,-0.0098,-0.0041,-0.0023,-0.0479,-0.2249,1.9418,0
4171808,0.9999,-0.0099,-0.0041,-0.0024,-0.0546,-0.1881,1.8909,0
4171974,0.9999,-0.0100,-0.0041,-0.0025,-0.0587,-0.1677,1.9312,0
4172141,0.9999,-0.0101,-0.0041,-0.0025,-0.0447,-0.1859,1.8858,0
4172308,0.9999,-0.0101,-0.0041,-0.0026,-0.0395,-0.2113,1.8514,0
4172474,0.9999,-0.0102,-0.0040,-0.0027,-0.0424,-0.2335,1.9387,0
4172641,0.9999,-0.0103,-0.0040,-0.0027,-0.0412,-0.2295,1.8636,0
4172808,0.9999,-0.0103,-0.0040,-0.0028,-0.0632,-0.2241,1.9440,0
4172974,0.9999,-0.0104,-0.0040,-0.0029,-0.0589,-0.2019,1.8971,0
4173141,0.9999,-0.0105,-0.0040,-0.0029,-0.0532,-0.1826,1.9022,0
4173308,0.9999,-0.0106,-0.0040,-0.0030,-0.0279,-0.1999,1.9267,0
4173474,0.9999,-0.0106,-0.0040,-0.0031,-0.0336,-0.2192,1.8784,0
4173641,0.9999,-0.0107,-0.0040,-0.0031,-0.0606,-0.2217,1.9357,0
4173808,0.9999,-0.0107,-0.0040,-0.0032,-0.0592,-0.2107,1.9156,0
4173974,0.9999,-0.0108,-0.0040,-0.0033,-0.0450,-0.1802,1.9517,0
4174141,0.9999,-0.0109,-0.0040,-0.0034,-0.0013,-0.1679,1.8433,0
4174308,0.9999,-0.0109,-0.0040,-0.0034,-0.0541,-0.1703,1.9278,0
4174474,0.9999,-0.0110,-0.0040,-0.0035,-0.0562,-0.2054,1.8903,0
4174641,0.9999,-0.0111,-0.0040,-0.0036,-0.0386,-0.2070,1.8493,0
4174808,0.9999,-0.0111,-0.0040,-0.0037,-0.0147,-0.2160,1.9396,0
4174974,0.9999,-0.0112,-0.0040,-0.0037,-0.0463,-0.2029,1.8710,0
4175141,0.9999,-0.0112,-0.0039,-0.0038,-0.0893,-0.1837,1.9428,0
4175308,0.9999,-0.0113,-0.0039,-0.0038,-0.0781,-0.1502,1.8895,0
4175474,0.9999,-0.0114,-0.0039,-0.0039,-0.0335,-0.1588,1.9270,0
4175641,0.9999,-0.0114,-0.0039,-0.0040,-0.0126,-0.1798,1.9287,0
4175808,0.9999,-0.0115,-0.0039,-0.0041,-0.0468,-0.2069,1.8716,0
4175974,0.9999,-0.0115,-0.0039,-0.0041,-0.0776,-0.1992,1.9471,0
4176141,0.9999,-0.0116,-0.0039,-0.0042,-0.0597,-0.1809,1.8847,0
4176308,0.9999,-0.0117,-0.0039,-0.0043,-0.0205,-0.1637,1.9206,0
4176474,0.9999,-0.0117,-0.0039,-0.0043,-0.0232,-0.1532,1.9069,0
4176641,0.9999,-0.0118,-0.0039,-0.0044,-0.0608,-0.1604,1.8938,0
4176808,0.9999,-0.0118,-0.0038,-0.0045,-0.0808,-0.1718,1.8998,0
4176974,0.9999,-0.0119,-0.0038,-0.0045,-0.0505,-0.1978,1.9055,0
4177141,0.9999,-0.0119,-0.0038,-0.0046,-0.0194,-0.1940,1.9870,0
4177308,0.9999,-0.0120,-0.0038,-0.0047,-0.0467,-0.1515,1.8709,0
4177474,0.9999,-0.0121,-0.0038,-0.0048,-0.0828,-0.1513,1.9338,0
4177641,0.9999,-0.0121,-0.0038,-0.0048,-0.0464,-0.1550,1.8870,0
4177808,0.9999,-0.0122,-0.0038,-0.0049,-0.0111,-0.1551,1.8661,0
4177974,0.9999,-0.0122,-0.0038,-0.0049,-0.0034,-0.1590,1.9284,0
4178141,0.9999,-0.0123,-0.0037,-0.0050,-0.0426,-0.1793,1.8507,0
4178308,0.9999,-0.0123,-0.0037,-0.0050,-0.0738,-0.1840,1.9336,0
4178474,0.9999,-0.0124,-0.0037,-0.0051,-0.0552,-0.1510,1.8838,0
4178641,0.9999,-0.0124,-0.0036,-0.0052,-0.0369,-0.1238,1.9247,0
4178808,0.9999,-0.0125,-0.0036,-0.0052,-0.0461,-0.1114,1.9302,0
4178974,0.9999,-0.0126,-0.0036,-0.0053,-0.0507,-0.1572,1.8859,0
4179141,0.9999,-0.0126,-0.0036,-0.0054,-0.0444,-0.1756,1.8884,0
4179308,0.9999,-0.0127,-0.0036,-0.0054,-0.0196,-0.1794,1.9093,0
4179474,0.9999,-0.0127,-0.0036,-0.0055,-0.0219,-0.1841,1.8888,0
4179641,0.9999,-0.0128,-0.0035,-0.0056,-0.0345,-0.1497,1.9049,0
4179808,0.9999,-0.0128,-0.0035,-0.0056,-0.0641,-0.1344,1.8914,0
4179974,0.9999,-0.0129,-0.0035,-0.0057,-0.0543,-0.1273,1.9400,0
4180141,0.9999,-0.0129,-0.0035,-0.0057,-0.0419,-0.1346,1.8864,0
4180308,0.9999,-0.0130,-0.0035,-0.0058,-0.0455,-0.1535,1.8868,0
4180474,0.9999,-0.0130,-0.0034,-0.0059,-0.0397,-0.1791,1.8993,0
4180641,0.9999,-0.0130,-0.0034,-0.0059,-0.0350,-0.1577,1.9064,0
4180808,0.9999,-0.0131,-0.0034,-0.0060,-0.0390,-0.1447,1.8758,0
4180974,0.9999,-0.0131,-0.0034,-0.0060,-0.0324,-0.1111,1.9048,0
4181141,0.9999,-0.0132,-0.0033,-0.0061,-0.0198,-0.1124,1.8963,0
4181308,0.9999,-0.0132,-0.0033,-0.0062,-0.0109,-0.1287,1.8795,0
4181474,0.9999,-0.0132,-0.0032,-0.0063,-0.0060,-0.1364,1.9210,0
4181641,0.9999,-0.0133,-0.0032,-0.0064,-0.0108,-0.1570,1.8672,0
4181808,0.9999,-0.0133,-0.0031,-0.0064,-0.0236,-0.1411,1.9105,0
4181974,0.9999,-0.0133,-0.0031,-0.0065,-0.0464,-0.1208,1.9232,0
4182141,0.9999,-0.0134,-0.0030,-0.0065,-0.0568,-0.1266,1.9226,0
4182308,0.9999,-0.0134,-0.0030,-0.0066,-0.0619,-0.1193,1.9145,0
4182474,0.9999,-0.0135,-0.0030,-0.0066,-0.0533,-0.1255,1.9002,0
4182641,0.9999,-0.0135,-0.0029,-0.0067,-0.0523,-0.1327,1.8923,0
4182808,0.9999,-0.0135,-0.0029,-0.0068,-0.0358,-0.1281,1.8877,0
4182974,0.9999,-0.0135,-0.0028,-0.0068,-0.0166,-0.1480,1.8819,0
4183141,0.9999,-0.0136,-0.0027,-0.0069,-0.0072,-0.1242,1.8850,0
4183308,0.9999,-0.0136,-0.0027,-0.0070,-0.0098,-0.1172,1.8975,0
4183474,0.9999,-0.0136,-0.0026,-0.0071,-0.0152,-0.1165,1.9064,0
4183641,0.9999,-0.0136,-0.0025,-0.0071,-0.0440,-0.1259,1.8960,0
4183808,0.9999,-0.0137,-0.0024,-0.0072,-0.0398,-0.1163,1.8935,0
4183974,0.9999,-0.0137,-0.0024,-0.0073,-0.0430,-0.1344,1.8914,0
4184141,0.9999,-0.0137,-0.0023,-0.0073,-0.0463,-0.1518,1.9412,0
4184308,0.9999,-0.0137,-0.0022,-0.0074,-0.0469,-0.1402,1.9160,0
4184474,0.9999,-0.0138,-0.0022,-0.0074,-0.0541,-0.1355,1.9416,0
4184641,0.9999,-0.0138,-0.0021,-0.0075,-0.0463,-0.1128,1.9151,0
4184808,0.9999,-0.0138,-0.0021,-0.0076,-0.0451,-0.1136,1.9149,0
4184975,0.9999,-0.0138,-0.0020,-0.0076,-0.0407,-0.1099,1.9174,0
4185141,0.9999,-0.0139,-0.0020,-0.0077,-0.0498,-0.1356,1.9117,0
4185308,0.9999,-0.0139,-0.0020,-0.0077,-0.0396,-0.1373,1.9438,0
4185475,0.9999,-0.0139,-0.0019,-0.0078,-0.0386,-0.1180,1.9008,0
4185641,0.9999,-0.0140,-0.0019,-0.0078,-0.0413,-0.1167,1.9165,0
4185808,0.9999,-0.0140,-0.0019,-0.0079,-0.0380,-0.1135,1.9298,0
4185975,0.9999,-0.0140,-0.0019,-0.0080,-0.0226,-0.1159,1.9229,0
4186141,0.9999,-0.0141,-0.0019,-0.0080,-0.0194,-0.1141,1.9217,0
4186308,0.9999,-0.0141,-0.0019,-0.0081,-0.0294,-0.1147,1.9075,0
4186475,0.9999,-0.0141,-0.0019,-0.0082,-0.0381,-0.1368,1.9090,0
4186641,0.9999,-0.0142,-0.0018,-0.0082,-0.0149,-0.1160,1.9152,0
4186808,0.9999,-0.0142,-0.0018,-0.0083,-0.0201,-0.1014,1.9051,0
4186975,0.9999,-0.0142,-0.0018,-0.0083,-0.0194,-0.1211,1.9064,0
4187141,0.9999,-0.0143,-0.0018,-0.0084,-0.0239,-0.1117,1.8982,0
4187308,0.9999,-0.0143,-0.0018,-0.0085,-0.0350,-0.1071,1.8983,0
4187475,0.9999,-0.0143,-0.0018,-0.0085,-0.0308,-0.0956,1.9098,0
4187641,0.9999,-0.0144,-0.0018,-0.0085,-0.0469,-0.0933,1.9083,0
4187808,0.9999,-0.0144,-0.0018,-0.0086,-0.0308,-0.1057,1.9076,0
4187975,0.9999,-0.0144,-0.0018,-0.0086,-0.0317,-0.1157,1.9056,0
4188141,0.9999,-0.0145,-0.0017,-0.0087,-0.0289,-0.1060,1.9151,0
4188308,0.9999,-0.0145,-0.0018,-0.0087,-0.0340,-0.1192,1.9025,0
4188475,0.9999,-0.0145,-0.0018,-0.0088,-0.0202,-0.1067,1.8875,0
4188641,0.9999,-0.0146,-0.0018,-0.0088,-0.0192,-0.1022,1.9141,0
4188808,0.9999,-0.0146,-0.0017,-0.0089,-0.0161,-0.0879,1.9159,0
4188975,0.9999,-0.0146,-0.0018,-0.0089,-0.0157,-0.0895,1.9023,0
4189141,0.9999,-0.0146,-0.0018,-0.0089,-0.0250,-0.0866,1.8933,0
4189308,0.9999,-0.0147,-0.0018,-0.0090,-0.0256,-0.0948,1.9036,0
4189475,0.9998,-0.0147,-0.0017,-0.0090,-0.0370,-0.0966,1.9209,0
4189641,0.9998,-0.0147,-0.0017,-0.0091,-0.0417,-0.1082,1.8987,0
4189808,0.9998,-0.0148,-0.0017,-0.0091,-0.0380,-0.1048,1.9204,0
4189975,0.9998,-0.0148,-0.0017,-0.0092,-0.0352,-0.0936,1.9154,0
4190141,0.9998,-0.0148,-0.0017,-0.0092,-0.0288,-0.0920,1.9085,0
4190308,0.9998,-0.0148,-0.0017,-0.0092,-0.0300,-0.0945,1.9156,0
4190475,0.9998,-0.0149,-0.0017,-0.0093,-0.0293,-0.0903,1.9139,0
4190641,0.9998,-0.0149,-0.0017,-0.0094,-0.0249,-0.0922,1.8827,0
4190808,0.9998,-0.0149,-0.0017,-0.0094,-0.0112,-0.0923,1.9108,0
4190975,0.9998,-0.0149,-0.0017,-0.0094,-0.0339,-0.1071,1.9305,0
4191141,0.9998,-0.0150,-0.0017,-0.0094,-0.0270,-0.0932,1.8869,0
4191308,0.9998,-0.0150,-0.0017,-0.0095,-0.0191,-0.0892,1.9038,0
4191475,0.9998,-0.0150,-0.0017,-0.0095,-0.0156,-0.0744,1.9079,0
4191641,0.9998,-0.0150,-0.0017,-0.0095,-0.0412,-0.0896,1.9063,0
4191808,0.9998,-0.0150,-0.0016,-0.0096,-0.0370,-0.0958,1.8977,0
4191975,0.9998,-0.0151,-0.0016,-0.0096,-0.0366,-0.0947,1.9305,0
4192141,0.9998,-0.0151,-0.0016,-0.0097,-0.0425,-0.0917,1.9134,0
4192308,0.9998,-0.0151,-0.0016,-0.0097,-0.0275,-0.0881,1.9063,0
4192475,0.9998,-0.0151,-0.0016,-0.0097,-0.0209,-0.0754,1.8929,0
4192641,0.9998,-0.0152,-0.0016,-0.0098,-0.0262,-0.0633,1.9075,0
4192808,0.9998,-0.0152,-0.0016,-0.0098,-0.0215,-0.0561,1.9036,0
4192975,0.9998,-0.0152,-0.0016,-0.0099,-0.0183,-0.0839,1.9027,0
4193141,0.9998,-0.0152,-0.0016,-0.0099,-0.0300,-0.0959,1.9002,0
4193308,0.9998,-0.0153,-0.0016,-0.0099,-0.0229,-0.1050,1.9246,0
4193475,0.9998,-0.0153,-0.0016,-0.0100,-0.0272,-0.1016,1.9274,0
4193641,0.9998,-0.0153,-0.0016,-0.0100,-0.0267,-0.0896,1.9040,0
4193808,0.9998,-0.0153,-0.0016,-0.0101,-0.0244,-0.0598,1.8883,0
4193975,0.9998,-0.0153,-0.0015,-0.0101,-0.0266,-0.0701,1.9046,0
4194141,0.9998,-0.0154,-0.0015,-0.0101,-0.0218,-0.0784,1.9163,0
4194308,0.9998,-0.0154,-0.0016,-0.0102,-0.0243,-0.0760,1.8945,0
4194475,0.9998,-0.0154,-0.0015,-0.0102,-0.0235,-0.0912,1.9165,0
4194641,0.9998,-0.0154,-0.0015,-0.0103,-0.0299,-0.0893,1.9042,0
4194808,0.9998,-0.0154,-0.0015,-0.0103,-0.0345,-0.0967,1.9075,0
4194975,0.9998,-0.0155,-0.0016,-0.0103,-0.0348,-0.0796,1.8918,0
4195141,0.9998,-0.0155,-0.0016,-0.0104,-0.0206,-0.0583,1.8943,0
4195308,0.9998,-0.0155,-0.0016,-0.0104,-0.0100,-0.0656,1.9130,0
4195475,0.9998,-0.0155,-0.0016,-0.0104,-0.0178,-0.0801,1.9043,0
4195641,0.9998,-0.0155,-0.0016,-0.0105,-0.0213,-0.0796,1.9251,0
4195808,0.9998,-0.0156,-0.0016,-0.0105,-0.0304,-0.0899,1.9006,0
4195975,0.9998,-0.0156,-0.0016,-0.0105,-0.0267,-0.0882,1.8951,0
4196141,0.9998,-0.0156,-0.0016,-0.0106,-0.0319,-0.0724,1.8893,0
4196308,0.9998,-0.0156,-0.0015,-0.0106,-0.0166,-0.0688,1.9157,0
4196475,0.9998,-0.0156,-0.0015,-0.0106,-0.0158,-0.0819,1.8993,0
4196641,0.9998,-0.0157,-0.0015,-0.0107,-0.0115,-0.0637,1.9114,0
4196808,0.9998,-0.0157,-0.0015,-0.0107,-0.0358,-0.0804,1.9090,0
4196975,0.9998,-0.0157,-0.0015,-0.0107,-0.0470,-0.0963,1.9317,0
4197141,0.9998,-0.0157,-0.0015,-0.0108,-0.0357,-0.0855,1.8480,0
4197308,0.9998,-0.0157,-0.0015,-0.0108,-0.0442,-0.0711,1.9394,0
4197475,0.9998,-0.0158,-0.0015,-0.0108,-0.0340,-0.0826,1.9219,0
4197641,0.9998,-0.0158,-0.0015,-0.0109,-0.0129,-0.0601,1.9082,0
4197808,0.9998,-0.0158,-0.0015,-0.0109,-0.0137,-0.0810,1.8967,0
4197975,0.9998,-0.0158,-0.0015,-0.0109,-0.0094,-0.0745,1.9104,0
4198141,0.9998,-0.0158,-0.0015,-0.0109,-0.0226,-0.0903,1.9109,0
4198308,0.9998,-0.0159,-0.0015,-0.0109,-0.0449,-0.0961,1.9106,0
4198475,0.9998,-0.0159,-0.0015,-0.0110,-0.0235,-0.0688,1.9185,0
4198641,0.9998,-0.0159,-0.0015,-0.0110,-0.0343,-0.0520,1.9276,0
4198808,0.9998,-0.0159,-0.0015,-0.0110,-0.0276,-0.0592,1.9223,0
4198975,0.9998,-0.0159,-0.0015,-0.0111,-0.0361,-0.0679,1.9210,0
4199141,0.9998,-0.0159,-0.0015,-0.0111,-0.0229,-0.0755,1.8933,0
4199308,0.9998,-0.0160,-0.0015,-0.0111,-0.0254,-0.0672,1.9082,0
4199475,0.9998,-0.0160,-0.0015,-0.0112,-0.0112,-0.0631,1.9208,0
4199641,0.9998,-0.0160,-0.0015,-0.0112,-0.0310,-0.0614,1.9150,0
4199808,0.9998,-0.0160,-0.0015,-0.0113,-0.0197,-0.0654,1.9201,0
4199975,0.9998,-0.0160,-0.0015,-0.0113,-0.0119,-0.0509,1.9104,0
4200141,0.9998,-0.0160,-0.0015,-0.0113,-0.0153,-0.0787,1.8937,0
4200308,0.9998,-0.0160,-0.0015,-0.0113,-0.0296,-0.0778,1.9058,0
4200475,0.9998,-0.0161,-0.0015,-0.0114,-0.0290,-0.0744,1.9125,0
4200641,0.9998,-0.0161,-0.0015,-0.0114,-0.0289,-0.0657,1.9050,0
4200808,0.9998,-0.0161,-0.0015,-0.0114,-0.0280,-0.0689,1.9210,0
4200975,0.9998,-0.0161,-0.0015,-0.0114,-0.0258,-0.0835,1.9228,0
4201141,0.9998,-0.0161,-0.0015,-0.0114,-0.0274,-0.0693,1.9128,0
4201308,0.9998,-0.0161,-0.0015,-0.0114,-0.0298,-0.0793,1.8987,0
4201475,0.9998,-0.0161,-0.0015,-0.0115,-0.0166,-0.0732,1.8837,0
4201642,0.9998,-0.0161,-0.0015,-0.0115,-0.0171,-0.0578,1.8982,0
4201808,0.9998,-0.0161,-0.0014,-0.0115,-0.0253,-0.0792,1.9052,0
4201975,0.9998,-0.0162,-0.0015,-0.0115,-0.0279,-0.0686,1.9076,0
4202142,0.9998,-0.0162,-0.0014,-0.0115,-0.0323,-0.0688,1.9283,0
4202308,0.9998,-0.0162,-0.0014,-0.0116,-0.0297,-0.0699,1.9217,0
4202475,0.9998,-0.0162,-0.0014,-0.0116,-0.0280,-0.0649,1.9151,0
4202642,0.9998,-0.0162,-0.0014,-0.0116,-0.0288,-0.0569,1.8978,0
4202808,0.9998,-0.0162,-0.0014,-0.0116,-0.0253,-0.0679,1.9124,0
4202975,0.9998,-0.0162,-0.0014,-0.0116,-0.0107,-0.0573,1.9105,0
4203142,0.9998,-0.0163,-0.0014,-0.0116,-0.0332,-0.0596,1.8987,0
4203308,0.9998,-0.0163,-0.0014,-0.0117,-0.0136,-0.0668,1.9056,0
4203475,0.9998,-0.0163,-0.0014,-0.0117,-0.0309,-0.0577,1.8940,0
4203642,0.9998,-0.0163,-0.0014,-0.0117,-0.0280,-0.0697,1.9014,0
4203808,0.9998,-0.0163,-0.0014,-0.0118,-0.0292,-0.0511,1.9184,0
4203975,0.9998,-0.0163,-0.0014,-0.0118,-0.0400,-0.0640,1.9027,0
4204142,0.9998,-0.0163,-0.0014,-0.0118,-0.0218,-0.0643,1.9081,0
4204308,0.9998,-0.0163,-0.0014,-0.0118,-0.0221,-0.0491,1.9228,0
4204475,0.9998,-0.0164,-0.0014,-0.0118,-0.0147,-0.0478,1.9221,0
4204642,0.9998,-0.0164,-0.0014,-0.0119,-0.0231,-0.0537,1.9007,0
4204808,0.9998,-0.0164,-0.0014,-0.0118,-0.0286,-0.0774,1.8935,0
4204975,0.9998,-0.0164,-0.0014,-0.0118,-0.0273,-0.0650,1.8794,0
4205142,0.9998,-0.0164,-0.0014,-0.0118,-0.0238,-0.0581,1.8939,0
4205308,0.9998,-0.0164,-0.0014,-0.0119,-0.0164,-0.0545,1.9156,0
4205475,0.9998,-0.0164,-0.0014,-0.0119,-0.0276,-0.0632,1.9233,0
4205642,0.9998,-0.0164,-0.0014,-0.0119,-0.0249,-0.0519,1.9312,0
4205808,0.9998,-0.0164,-0.0014,-0.0119,-0.0355,-0.0626,1.9099,0
4205975,0.9998,-0.0164,-0.0014,-0.0119,-0.0244,-0.0506,1.9082,0
4206142,0.9998,-0.0164,-0.0014,-0.0120,-0.0287,-0.0671,1.9157,0
4206308,0.9998,-0.0164,-0.0014,-0.0120,-0.0214,-0.0771,1.9259,0
4206475,0.9998,-0.0165,-0.0014,-0.0120,-0.0241,-0.0770,1.9194,0
4206642,0.9998,-0.0165,-0.0014,-0.0120,-0.0244,-0.0545,1.8862,0
4206808,0.9998,-0.0165,-0.0014,-0.0120,-0.0221,-0.0683,1.9061,0
4206975,0.9998,-0.0165,-0.0014,-0.0120,-0.0119,-0.0478,1.8945,0
4207142,0.9998,-0.0165,-0.0014,-0.0120,-0.0338,-0.0551,1.9089,0
4207308,0.9998,-0.0165,-0.0014,-0.0120,-0.0141,-0.0626,1.9010,0
4207475,0.9998,-0.0165,-0.0014,-0.0120,-0.0228,-0.0472,1.9039,0
4207642,0.9998,-0.0165,-0.0014,-0.0120,-0.0284,-0.0545,1.9117,0
4207808,0.9998,-0.0166,-0.0014,-0.0120,-0.0198,-0.0649,1.9003,0
4207975,0.9998,-0.0166,-0.0014,-0.0121,-0.0351,-0.0424,1.9085,0
4208142,0.9998,-0.0166,-0.0014,-0.0121,-0.0326,-0.0500,1.9195,0
4208308,0.9998,-0.0166,-0.0014,-0.0121,-0.0239,-0.0446,1.9025,0
4208475,0.9998,-0.0166,-0.0014,-0.0121,-0.0213,-0.0532,1.8999,0
4208642,0.9998,-0.0166,-0.0014,-0.0121,-0.0157,-0.0505,1.9233,0
4208808,0.9998,-0.0166,-0.0014,-0.0121,-0.0247,-0.0572,1.8970,0
4208975,0.9998,-0.0166,-0.0014,-0.0122,-0.0257,-0.0669,1.8974,0
4209142,0.9998,-0.0166,-0.0014,-0.0122,-0.0259,-0.0465,1.9147,0
4209308,0.9998,-0.0166,-0.0014,-0.0122,-0.0247,-0.0555,1.9185,0
4209475,0.9998,-0.0166,-0.0014,-0.0123,-0.0103,-0.0482,1.9176,0
4209642,0.9998,-0.0166,-0.0014,-0.0123,-0.0330,-0.0416,1.9010,0
4209808,0.9998,-0.0166,-0.0014,-0.0123,-0.0281,-0.0508,1.9080,0
4209975,0.9998,-0.0166,-0.0014,-0.0123,-0.0381,-0.0595,1.9070,0
4210142,0.9998,-0.0167,-0.0014,-0.0123,-0.0328,-0.0559,1.9115,0
4210308,0.9998,-0.0167,-0.0014,-0.0123,-0.0249,-0.0468,1.9042,0
4210475,0.9998,-0.0167,-0.0014,-0.0124,-0.0278,-0.0529,1.9115,0
4210642,0.9998,-0.0167,-0.0014,-0.0124,-0.0297,-0.0625,1.9085,0
4210808,0.9998,-0.0167,-0.0014,-0.0124,-0.0342,-0.0452,1.9090,0
4210975,0.9998,-0.0167,-0.0014,-0.0124,-0.0384,-0.0466,1.9101,0
4211142,0.9998,-0.0167,-0.0014,-0.0125,-0.0132,-0.0419,1.9101,0
4211308,0.9998,-0.0167,-0.0014,-0.0125,-0.0185,-0.0466,1.9098,0
4211475,0.9998,-0.0167,-0.0014,-0.0125,-0.0177,-0.0347,1.9109,0
4211642,0.9998,-0.0167,-0.0014,-0.0125,-0.0285,-0.0663,1.9113,0
4211808,0.9998,-0.0167,-0.0014,-0.0125,-0.0239,-0.0498,1.9079,0
4211975,0.9998,-0.0167,-0.0014,-0.0125,-0.0295,-0.0592,1.9161,0
4212142,0.9998,-0.0168,-0.0014,-0.0125,-0.0330,-0.0475,1.9126,0
4212308,0.9998,-0.0168,-0.0014,-0.0125,-0.0264,-0.0585,1.9130,0
4212475,0.9998,-0.0168,-0.0014,-0.0126,-0.0277,-0.0500,1.9070,0
4212642,0.9998,-0.0168,-0.0014,-0.0126,-0.0140,-0.0317,1.9141,0
4212808,0.9998,-0.0168,-0.0014,-0.0126,-0.0190,-0.0554,1.9014,0
4212975,0.9998,-0.0168,-0.0014,-0.0126,-0.0371,-0.0400,1.9326,0
4213142,0.9998,-0.0168,-0.0014,-0.0126,-0.0031,-0.0483,1.9159,0
4213308,0.9998,-0.0168,-0.0014,-0.0126,-0.0163,-0.0429,1.9149,0
4213475,0.9998,-0.0168,-0.0014,-0.0126,-0.0314,-0.0418,1.8992,0
4213642,0.9998,-0.0168,-0.0014,-0.0126,-0.0392,-0.0585,1.8811,0
4213808,0.9998,-0.0168,-0.0014,-0.0126,-0.0256,-0.0592,1.9014,0
4213975,0.9997,-0.0225,-0.0001,-0.0054,0.0189,0.0874,1.8826,0
4214142,0.9997,-0.0225,-0.0001,-0.0054,0.0116,0.0825,1.9064,0
4214308,0.9997,-0.0225,-0.0001,-0.0055,0.0163,0.0752,1.8832,0
4214475,0.9997,-0.0225,-0.0001,-0.0055,0.0228,0.0816,1.9133,0
4214642,0.9997,-0.0225,-0.0001,-0.0055,0.0107,0.0727,1.9073,0
4214808,0.9997,-0.0225,-0.0001,-0.0055,0.0186,0.0830,1.9099,0
4214975,0.9997,-0.0224,-0.0001,-0.0055,0.0131,0.0801,1.9157,0
4215142,0.9997,-0.0224,-0.0001,-0.0055,-0.0075,0.0973,1.9135,0
4215308,0.9997,-0.0224,-0.0001,-0.0055,0.0079,0.0874,1.9063,0
4215475,0.9997,-0.0225,-0.0001,-0.0055,0.0067,0.0852,1.9008,0
4215642,0.9997,-0.0225,-0.0001,-0.0055,-0.0019,0.0779,1.9145,0
4215808,0.9997,-0.0225,-0.0001,-0.0055,0.0105,0.0899,1.8989,0
4215975,0.9997,-0.0225,-0.0001,-0.0056,0.0143,0.0823,1.9069,0
4216142,0.8554,-0.0191,-0.0118,0.5175,-0.0733,0.0470,1.8896,0
4216308,0.8554,-0.0191,-0.0118,0.5174,-0.0646,0.0531,1.9144,0
4216475,0.8554,-0.0191,-0.0118,0.5174,-0.0651,0.0517,1.8975,0
4216642,0.8554,-0.0191,-0.0118,0.5174,-0.0657,0.0521,1.9048,0
4216808,0.8554,-0.0191,-0.0118,0.5174,-0.0732,0.0463,1.9070,0
4216975,0.8554,-0.0191,-0.0118,0.5174,-0.0755,0.0349,1.9253,0
4217142,0.8555,-0.0191,-0.0118,0.5174,-0.0748,0.0342,1.9086,0
4217308,0.8555,-0.0191,-0.0118,0.5174,-0.0673,0.0465,1.9148,0
4217475,0.8555,-0.0191,-0.0118,0.5174,-0.0795,0.0413,1.9142,0
4217642,0.8555,-0.0191,-0.0118,0.5174,-0.0823,0.0358,1.8920,0
4217808,0.8555,-0.0191,-0.0118,0.5174,-0.0652,0.0585,1.9135,0
4217975
4218142
