DeviceTag: Movella DOT,FirmwareVersion: 3.0.0,AppVersion: 2023.6.0,SyncStatus: Unknown (Synced/Un-synced),OutputRate: 60,FilterProfile: Unknown,Measurement Mode: Sensor fusion Mode - Extended (Euler),StartTime: 2025-11-10 09:21:00.678,Â© Movella Technologies B.V. 2005-2025
SampleTimeFine,Quat_W,Quat_X,Quat_Y,Quat_Z,FreeAcc_X,FreeAcc_Y,FreeAcc_Z,Status
4229822,0.9457,-0.0003,0.0068,-0.3249,0.0029,-0.0161,0.2670,0
4229989,0.9459,-0.0006,0.0066,-0.3244,0.0127,0.0051,0.3000,0
4230156,0.9460,-0.0006,0.0063,-0.3241,-0.0018,0.0053,0.2745,0
4230322,0.9460,-0.0007,0.0061,-0.3240,0.0033,0.0051,0.3071,0
4230489,0.9460,-0.0008,0.0059,-0.3241,0.0092,0.0151,0.2832,0
4230656,0.9460,-0.0008,0.0056,-0.3241,-0.0058,0.0131,0.2963,0
4230822,0.9461,-0.0009,0.0054,-0.3238,0.0033,0.0135,0.3104,0
4230989,0.9462,-0.0009,0.0053,-0.3236,-0.0190,0.0138,0.2973,0
4231156,0.9463,-0.0010,0.0051,-0.3232,-0.0153,0.0194,0.2791,0
4231322,0.9464,-0.0011,0.0050,-0.3230,-0.0219,0.0209,0.2818,0
4231489,0.9465,-0.0012,0.0049,-0.3228,-0.0195,0.0290,0.2807,0
4231656,0.9465,-0.0012,0.0048,-0.3226,-0.0189,0.0299,0.2637,0
4231822,0.9466,-0.0013,0.0046,-0.3223,-0.0432,0.0326,0.2726,0
4231989,0.9467,-0.0014,0.0045,-0.3222,-0.0221,0.0376,0.2973,0
4232156,0.9467,-0.0015,0.0044,-0.3221,-0.0288,0.0310,0.2795,0
4232322,0.9468,-0.0015,0.0043,-0.3219,-0.0227,0.0162,0.2845,0
4232489,0.9468,-0.0016,0.0042,-0.3219,-0.0352,0.0381,0.2783,0
4232656,0.9468,-0.0017,0.0041,-0.3217,-0.0231,0.0395,0.2891,0
4232822,0.9469,-0.0018,0.0039,-0.3215,-0.0246,0.0355,0.2916,0
4232989,0.9469,-0.0019,0.0038,-0.3216,-0.0324,0.0499,0.2905,0
4233156,0.9469,-0.0020,0.0037,-0.3215,-0.0264,0.0513,0.2649,0
4233322,0.9469,-0.0020,0.0036,-0.3214,-0.0366,0.0319,0.2861,0
4233489,0.9470,-0.0021,0.0034,-0.3213,-0.0293,0.0388,0.2836,0
4233656,0.9470,-0.0022,0.0033,-0.3211,-0.0312,0.0527,0.3041,0
4233822,0.9471,-0.0023,0.0031,-0.3210,-0.0477,0.0403,0.3030,0
4233989,0.9471,-0.0024,0.0030,-0.3208,-0.0350,0.0526,0.2957,0
4234156,0.9472,-0.0025,0.0029,-0.3206,-0.0507,0.0578,0.2974,0
4234322,0.9473,-0.0026,0.0028,-0.3204,-0.0482,0.0560,0.2672,0
4234489,0.9473,-0.0027,0.0026,-0.3202,-0.0414,0.0646,0.2804,0
4234656,0.9474,-0.0028,0.0025,-0.3200,-0.0580,0.0686,0.2935,0
4234822,0.9475,-0.0029,0.0024,-0.3199,-0.0520,0.0668,0.2756,0
4234989,0.9475,-0.0029,0.0022,-0.3197,-0.0625,0.0767,0.2977,0
4235156,0.9475,-0.0030,0.0021,-0.3196,-0.0602,0.0713,0.2819,0
4235322,0.9476,-0.0031,0.0020,-0.3194,-0.0584,0.0765,0.2967,0
4235489,0.9477,-0.0032,0.0018,-0.3193,-0.0683,0.0803,0.2746,0
4235656,0.9477,-0.0033,0.0017,-0.3192,-0.0526,0.0907,0.2835,0
4235822,0.9477,-0.0034,0.0016,-0.3190,-0.0786,0.0810,0.2985,0
4235989,0.9479,-0.0034,0.0015,-0.3186,-0.0571,0.0848,0.2817,0
4236156,0.9479,-0.0035,0.0013,-0.3185,-0.0793,0.1027,0.2855,0
4236322,0.9480,-0.0036,0.0012,-0.3183,-0.0655,0.0909,0.2816,0
4236489,0.9480,-0.0037,0.0011,-0.3181,-0.0616,0.0930,0.2907,0
4236656,0.9481,-0.0038,0.0009,-0.3179,-0.0704,0.0961,0.2872,0
4236822,0.9482,-0.0039,0.0008,-0.3178,-0.0807,0.0901,0.2865,0
4236989,0.9482,-0.0039,0.0007,-0.3176,-0.0778,0.0922,0.3002,0
4237156,0.9482,-0.0040,0.0005,-0.3175,-0.0732,0.1096,0.2939,0
4237322,0.9483,-0.0041,0.0004,-0.3174,-0.0872,0.1086,0.2745,0
4237489,0.9483,-0.0042,0.0003,-0.3172,-0.0831,0.1117,0.2753,0
4237656,0.9484,-0.0043,0.0002,-0.3170,-0.0874,0.1110,0.2917,0
4237822,0.9485,-0.0044,0.0000,-0.3169,-0.0825,0.1092,0.2923,0
4237989,0.9485,-0.0044,-0.0001,-0.3167,-0.0925,0.1200,0.2824,0
4238156,0.9486,-0.0045,-0.0003,-0.3165,-0.0830,0.1152,0.3076,0
4238322,0.9486,-0.0046,-0.0004,-0.3164,-0.0908,0.1246,0.2924,0
4238489,0.9487,-0.0047,-0.0005,-0.3162,-0.0952,0.1149,0.2704,0
4238656,0.9487,-0.0048,-0.0006,-0.3161,-0.1010,0.1168,0.2850,0
4238822,0.9488,-0.0049,-0.0008,-0.3159,-0.0920,0.1345,0.2952,0
4238989,0.9488,-0.0049,-0.0009,-0.3158,-0.0957,0.1275,0.2834,0
4239156,0.9489,-0.0050,-0.0010,-0.3156,-0.1008,0.1288,0.2793,0
4239322,0.9489,-0.0051,-0.0011,-0.3155,-0.0961,0.1212,0.2996,0
4239489,0.9490,-0.0052,-0.0013,-0.3154,-0.1007,0.1245,0.2837,0
4239656,0.9490,-0.0053,-0.0014,-0.3153,-0.1100,0.1361,0.3130,0
4239822,0.9490,-0.0053,-0.0015,-0.3151,-0.1030,0.1350,0.2903,0
4239989,0.9491,-0.0054,-0.0017,-0.3150,-0.1034,0.1363,0.2819,0
4240156,0.9491,-0.0055,-0.0018,-0.3148,-0.1045,0.1420,0.2761,0
4240322,0.9492,-0.0056,-0.0019,-0.3147,-0.1282,0.1415,0.2867,0
4240489,0.9492,-0.0057,-0.0020,-0.3145,-0.1244,0.1419,0.2651,0
4240656,0.9493,-0.0057,-0.0022,-0.3144,-0.1192,0.1500,0.2984,0
4240822,0.9493,-0.0058,-0.0023,-0.3142,-0.1263,0.1410,0.2861,0
4240989,0.9494,-0.0059,-0.0024,-0.3141,-0.1278,0.1523,0.2770,0
4241156,0.9494,-0.0060,-0.0025,-0.3139,-0.1231,0.1557,0.2862,0
4241322,0.9495,-0.0060,-0.0026,-0.3138,-0.1268,0.1451,0.2885,0
4241489,0.9495,-0.0061,-0.0027,-0.3136,-0.1177,0.1650,0.2840,0
4241656,0.9496,-0.0062,-0.0029,-0.3135,-0.1380,0.1640,0.2808,0
4241822,0.9496,-0.0063,-0.0030,-0.3133,-0.1305,0.1706,0.2589,0
4241989,0.9497,-0.0063,-0.0031,-0.3132,-0.1326,0.1631,0.2928,0
4242156,0.9497,-0.0064,-0.0032,-0.3130,-0.1380,0.1716,0.2729,0
4242322,0.9498,-0.0065,-0.0033,-0.3129,-0.1278,0.1782,0.2770,0
4242489,0.9498,-0.0066,-0.0035,-0.3127,-0.1435,0.1839,0.2807,0
4242656,0.9499,-0.0066,-0.0036,-0.3126,-0.1365,0.1661,0.2874,0
4242823,0.9499,-0.0067,-0.0037,-0.3124,-0.1473,0.1835,0.2829,0
4242989,0.9500,-0.0068,-0.0038,-0.3123,-0.1568,0.1615,0.2917,0
4243156,0.9500,-0.0069,-0.0039,-0.3121,-0.1454,0.1944,0.2621,0
4243323,0.9501,-0.0069,-0.0040,-0.3120,-0.1459,0.1818,0.2937,0
4243489,0.9501,-0.0070,-0.0041,-0.3118,-0.1475,0.1667,0.2840,0
4243656,0.9502,-0.0071,-0.0042,-0.3117,-0.1630,0.1948,0.2771,0
4243823,0.9502,-0.0071,-0.0043,-0.3115,-0.1571,0.1833,0.2754,0
4243989,0.9503,-0.0072,-0.0044,-0.3114,-0.1434,0.1841,0.2756,0
4244156,0.9503,-0.0073,-0.0045,-0.3112,-0.1541,0.1990,0.2976,0
4244323,0.9504,-0.0073,-0.0046,-0.3111,-0.1628,0.1986,0.2970,0
4244489,0.9504,-0.0074,-0.0047,-0.3109,-0.1580,0.2002,0.2846,0
4244656,0.9504,-0.0074,-0.0049,-0.3108,-0.1555,0.1999,0.2933,0
4244823,0.9505,-0.0075,-0.0050,-0.3106,-0.1646,0.2066,0.2830,0
4244989,0.9505,-0.0076,-0.0050,-0.3105,-0.1661,0.2110,0.2971,0
4245156,0.9506,-0.0076,-0.0051,-0.3104,-0.1590,0.2083,0.2766,0
4245323,0.9506,-0.0077,-0.0052,-0.3102,-0.1667,0.2021,0.2621,0
4245489,0.9507,-0.0077,-0.0053,-0.3101,-0.1661,0.2148,0.2803,0
4245656,0.9507,-0.0078,-0.0054,-0.3099,-0.1628,0.1896,0.2979,0
4245823,0.9508,-0.0079,-0.0055,-0.3098,-0.1789,0.2071,0.2802,0
4245989,0.9508,-0.0079,-0.0056,-0.3097,-0.1716,0.2152,0.2829,0
4246156,0.9508,-0.0080,-0.0057,-0.3095,-0.1739,0.2114,0.2973,0
4246323,0.9509,-0.0080,-0.0057,-0.3094,-0.1785,0.2132,0.2890,0
4246489,0.9509,-0.0081,-0.0058,-0.3093,-0.1776,0.2286,0.2882,0
4246656,0.9510,-0.0082,-0.0059,-0.3091,-0.1590,0.2262,0.2704,0
4246823,0.9510,-0.0082,-0.0060,-0.3090,-0.1879,0.2150,0.2788,0
4246989,0.9511,-0.0083,-0.0061,-0.3088,-0.1857,0.2078,0.2706,0
4247156,0.9511,-0.0083,-0.0062,-0.3087,-0.1831,0.2426,0.2908,0
4247323,0.9511,-0.0084,-0.0062,-0.3086,-0.1891,0.2247,0.2791,0
4247489,0.9512,-0.0084,-0.0063,-0.3084,-0.1793,0.2277,0.2961,0
4247656,0.9512,-0.0085,-0.0064,-0.3083,-0.1696,0.2172,0.2964,0
4247823,0.9513,-0.0085,-0.0065,-0.3081,-0.1859,0.2384,0.2977,0
4247989,0.9513,-0.0086,-0.0065,-0.3080,-0.1873,0.2415,0.2955,0
4248156,0.9514,-0.0086,-0.0066,-0.3079,-0.1831,0.2250,0.2915,0
4248323,0.9514,-0.0087,-0.0067,-0.3077,-0.1796,0.2398,0.2833,0
4248489,0.9515,-0.0087,-0.0067,-0.3076,-0.1952,0.2407,0.2897,0
4248656,0.9515,-0.0087,-0.0068,-0.3074,-0.1868,0.2198,0.2871,0
4248823,0.9516,-0.0088,-0.0069,-0.3073,-0.1904,0.2332,0.3111,0
4248989,0.9516,-0.0088,-0.0069,-0.3072,-0.1810,0.2327,0.2868,0
4249156,0.9516,-0.0088,-0.0070,-0.3070,-0.1995,0.2431,0.2804,0
4249323,0.9517,-0.0089,-0.0071,-0.3069,-0.1948,0.2432,0.3052,0
4249489,0.9517,-0.0089,-0.0071,-0.3067,-0.1899,0.2476,0.2888,0
4249656,0.9491,-0.0002,0.0061,-0.3150,0.0120,-0.0067,0.2810,0
4249823,0.9491,-0.0002,0.0061,-0.3149,0.0141,-0.0137,0.2915,0
4249989,0.9491,-0.0002,0.0061,-0.3150,0.0042,-0.0123,0.2796,0
4250156,0.9491,-0.0002,0.0062,-0.3150,0.0090,-0.0232,0.2854,0
4250323,0.9490,-0.0002,0.0062,-0.3151,0.0028,-0.0209,0.2940,0
4250489,0.9490,-0.0002,0.0062,-0.3151,0.0021,0.0015,0.2889,0
4250656,0.9490,-0.0002,0.0062,-0.3152,0.0025,-0.0028,0.3142,0
4250823,0.9490,-0.0002,0.0062,-0.3153,0.0025,-0.0124,0.2775,0
4250989,0.9490,-0.0002,0.0062,-0.3153,-0.0019,-0.0159,0.2901,0
4251156,0.9490,-0.0002,0.0062,-0.3154,0.0064,-0.0156,0.3062,0
4251323,0.9489,-0.0002,0.0062,-0.3154,-0.0035,-0.0192,0.2952,0
4251489,0.9489,-0.0002,0.0062,-0.3155,0.0124,-0.0060,0.2676,0
4251656,0.9489,-0.0002,0.0062,-0.3155,0.0033,-0.0263,0.3048,0
4251823,0.9489,-0.0002,0.0062,-0.3156,-0.0065,-0.0080,0.2679,0
4251989,0.9489,-0.0002,0.0062,-0.3156,0.0023,-0.0180,0.2852,0
4252156,0.9488,-0.0002,0.0062,-0.3157,0.0129,-0.0073,0.3044,0
4252323,0.9488,-0.0002,0.0062,-0.3157,0.0132,-0.0053,0.2646,0
4252489,0.9488,-0.0001,0.0062,-0.3158,-0.0010,-0.0109,0.2725,0
4252656,0.9488,-0.0001,0.0062,-0.3159,0.0066,-0.0115,0.3128,0
4252823,0.9488,-0.0001,0.0062,-0.3159,-0.0135,-0.0124,0.2854,0
4252989,0.9488,-0.0002,0.0062,-0.3159,0.0067,0.0020,0.2953,0
4253156,0.9487,-0.0001,0.0062,-0.3160,0.0074,-0.0143,0.3058,0
4253323,0.9487,-0.0001,0.0062,-0.3160,0.0014,-0.0001,0.2773,0
4253489,0.9487,-0.0001,0.0061,-0.3160,-0.0068,-0.0142,0.2807,0
4253656,0.9487,-0.0001,0.0061,-0.3161,0.0064,-0.0058,0.3041,0
4253823,0.9487,-0.0001,0.0061,-0.3161,0.0111,-0.0162,0.3065,0
4253989,0.9487,-0.0001,0.0061,-0.3162,0.0049,-0.0040,0.2940,0
4254156,0.9487,-0.0001,0.0061,-0.3162,0.0071,-0.0093,0.2788,0
4254323,0.9486,-0.0001,0.0061,-0.3163,0.0096,-0.0076,0.2876,0
4254489,0.9486,-0.0001,0.0061,-0.3163,-0.0012,-0.0161,0.2802,0
4254656,0.9486,-0.0001,0.0061,-0.3164,-0.0041,-0.0193,0.2869,0
4254823,0.9486,-0.0001,0.0061,-0.3164,-0.0138,0.0008,0.2907,0
4254989,0.9486,-0.0001,0.0061,-0.3164,-0.0006,-0.0080,0.2908,0
4255156,0.9486,-0.0002,0.0061,-0.3165,-0.0024,0.0063,0.2987,0
4255323,0.9486,-0.0002,0.0061,-0.3165,0.0093,-0.0027,0.3090,0
4255489,0.9486,-0.0002,0.0061,-0.3166,0.0087,-0.0033,0.2869,0
4255656,0.9485,-0.0002,0.0061,-0.3166,0.0013,-0.0187,0.2682,0
4255823,0.9485,-0.0002,0.0061,-0.3167,0.0003,-0.0151,0.2845,0
4255989,0.9485,-0.0002,0.0061,-0.3167,-0.0052,-0.0028,0.2714,0
4256156,0.9485,-0.0002,0.0061,-0.3167,0.0116,-0.0098,0.2804,0
4256323,0.9485,-0.0002,0.0061,-0.3167,0.0070,-0.0038,0.2964,0
4256489,0.9485,-0.0002,0.0061,-0.3168,0.0111,0.0146,0.2966,0
4256656,0.9485,-0.0002,0.0061,-0.3168,0.0054,-0.0051,0.2884,0
4256823,0.9485,-0.0002,0.0061,-0.3168,0.0011,0.0071,0.2760,0
4256989,0.9485,-0.0002,0.0061,-0.3168,0.0078,0.0097,0.3135,0
4257156,0.9484,-0.0002,0.0061,-0.3169,0.0022,-0.0096,0.2866,0
4257323,0.9484,-0.0002,0.0061,-0.3169,0.0103,-0.0039,0.3028,0
4257489,0.9484,-0.0002,0.0061,-0.3169,0.0054,0.0009,0.2921,0
4257656,0.9484,-0.0002,0.0061,-0.3170,0.0086,-0.0134,0.3086,0
4257823,0.9484,-0.0002,0.0061,-0.3170,0.0088,-0.0165,0.2797,0
4257989,0.9484,-0.0002,0.0061,-0.3170,0.0024,-0.0079,0.2770,0
4258156,0.9484,-0.0002,0.0061,-0.3171,0.0127,-0.0039,0.3049,0
4258323,0.9484,-0.0002,0.0061,-0.3171,0.0077,-0.0066,0.2771,0
4258489,0.9484,-0.0002,0.0061,-0.3171,0.0170,-0.0016,0.3106,0
4258656,0.9483,-0.0002,0.0061,-0.3172,0.0019,-0.0095,0.2701,0
4258823,0.9483,-0.0002,0.0061,-0.3172,0.0178,-0.0088,0.2996,0
4258989,0.9483,-0.0002,0.0061,-0.3172,0.0127,-0.0062,0.2841,0
4259156,0.9483,-0.0002,0.0061,-0.3173,-0.0019,0.0130,0.2942,0
4259323,0.9483,-0.0002,0.0061,-0.3173,-0.0020,-0.0014,0.3097,0
4259490,0.9483,-0.0002,0.0061,-0.3173,0.0030,-0.0001,0.2942,0
4259656,0.9483,-0.0002,0.0061,-0.3174,0.0015,-0.0039,0.2898,0
4259823,0.9483,-0.0002,0.0061,-0.3174,0.0116,-0.0090,0.2838,0
4259990,0.9483,-0.0002,0.0061,-0.3174,0.0127,-0.0182,0.2943,0
4260156,0.9483,-0.0002,0.0061,-0.3174,-0.0050,-0.0047,0.2931,0
4260323,0.9482,-0.0002,0.0061,-0.3175,-0.0077,-0.0057,0.2698,0
4260490,0.9482,-0.0002,0.0061,-0.3175,0.0048,-0.0037,0.2865,0
4260656,0.9482,-0.0002,0.0061,-0.3175,-0.0057,-0.0189,0.2961,0
4260823,0.9482,-0.0002,0.0061,-0.3176,0.0109,-0.0084,0.2975,0
4260990,0.9482,-0.0002,0.0061,-0.3176,0.0057,-0.0001,0.2873,0
4261156,0.9482,-0.0002,0.0061,-0.3176,0.0141,0.0063,0.2892,0
4261323,0.9482,-0.0002,0.0061,-0.3177,0.0163,-0.0034,0.2868,0
4261490,0.9482,-0.0002,0.0061,-0.3177,0.0063,-0.0073,0.2863,0
4261656,0.9482,-0.0002,0.0061,-0.3177,0.0021,0.0045,0.2957,0
4261823,0.9482,-0.0002,0.0061,-0.3178,-0.0037,0.0086,0.2996,0
4261990,0.9481,-0.0002,0.0061,-0.3178,0.0043,-0.0092,0.2785,0
4262156,0.9481,-0.0002,0.0061,-0.3178,0.0035,-0.0090,0.2847,0
4262323,0.9481,-0.0002,0.0061,-0.3178,0.0038,-0.0048,0.2845,0
4262490,0.9481,-0.0002,0.0061,-0.3178,0.0090,-0.0135,0.2700,0
4262656,0.9481,-0.0002,0.0061,-0.3179,0.0023,-0.0160,0.2971,0
4262823,0.9481,-0.0002,0.0061,-0.3179,-0.0054,0.0053,0.3024,0
4262990,0.9481,-0.0002,0.0061,-0.3180,-0.0005,-0.0087,0.2825,0
4263156,0.9481,-0.0002,0.0061,-0.3180,0.0176,-0.0188,0.2867,0
4263323,0.9481,-0.0002,0.0061,-0.3180,-0.0069,-0.0160,0.2986,0
4263490,0.9481,-0.0002,0.0061,-0.3180,-0.0050,-0.0093,0.2950,0
4263656,0.9481,-0.0002,0.0061,-0.3180,-0.0001,-0.0108,0.2969,0
4263823,0.9480,-0.0002,0.0061,-0.3181,0.0009,0.0051,0.3003,0
4263990,0.9480,-0.0002,0.0061,-0.3181,0.0072,0.0023,0.3035,0
4264156,0.9480,-0.0002,0.0061,-0.3181,0.0158,-0.0076,0.2923,0
4264323,0.9480,-0.0002,0.0061,-0.3181,-0.0019,-0.0097,0.2865,0
4264490,0.9480,-0.0002,0.0061,-0.3182,-0.0147,0.0062,0.2877,0
4264656,0.9480,-0.0002,0.0061,-0.3182,0.0028,-0.0057,0.3105,0
4264823,0.9480,-0.0002,0.0061,-0.3182,0.0080,0.0146,0.2845,0
4264990,0.9480,-0.0002,0.0061,-0.3183,-0.0033,0.0033,0.2827,0
4265156,0.9480,-0.0002,0.0061,-0.3183,0.0116,-0.0071,0.2770,0
4265323,0.9480,-0.0002,0.0061,-0.3183,-0.0019,-0.0017,0.2796,0
4265490,0.9480,-0.0002,0.0061,-0.3183,-0.0006,-0.0050,0.2880,0
4265656,0.9480,-0.0002,0.0061,-0.3183,0.0123,-0.0000,0.2896,0
4265823,0.9480,-0.0002,0.0061,-0.3184,0.0064,0.0175,0.2813,0
4265990,0.9479,-0.0002,0.0061,-0.3184,-0.0140,-0.0116,0.2809,0
4266156,0.9479,-0.0002,0.0060,-0.3184,0.0110,-0.0116,0.2755,0
4266323,0.9479,-0.0003,0.0060,-0.3184,0.0061,-0.0001,0.2941,0
4266490,0.9479,-0.0002,0.0060,-0.3184,0.0101,0.0012,0.2879,0
4266656,0.9479,-0.0002,0.0060,-0.3184,0.0042,-0.0056,0.3067,0
4266823,0.9479,-0.0002,0.0060,-0.3185,0.0032,-0.0028,0.2724,0
4266990,0.9479,-0.0002,0.0060,-0.3185,0.0020,-0.0036,0.2833,0
4267156,0.9479,-0.0002,0.0060,-0.3185,0.0014,-0.0141,0.2992,0
4267323,0.9479,-0.0003,0.0060,-0.3185,0.0197,-0.0085,0.2943,0
4267490,0.9479,-0.0003,0.0060,-0.3185,0.0209,-0.0048,0.2883,0
4267656,0.9479,-0.0003,0.0060,-0.3186,-0.0009,0.0043,0.3038,0
4267823,0.9479,-0.0003,0.0060,-0.3186,0.0018,0.0241,0.3025,0
4267990,0.9479,-0.0002,0.0060,-0.3186,0.0141,0.0064,0.2804,0
4268156,0.9479,-0.0002,0.0060,-0.3186,-0.0086,-0.0027,0.3052,0
4268323,0.9479,-0.0002,0.0060,-0.3186,0.0007,-0.0034,0.2862,0
4268490,0.9479,-0.0002,0.0060,-0.3187,0.0223,-0.0091,0.2599,0
4268656,0.9478,-0.0002,0.0060,-0.3187,-0.0008,0.0142,0.3052,0
4268823,0.9478,-0.0002,0.0060,-0.3187,-0.0018,-0.0069,0.2874,0
4268990,0.9478,-0.0002,0.0060,-0.3187,-0.0029,0.0122,0.2851,0
4269156,0.9478,-0.0002,0.0060,-0.3187,-0.0030,-0.0065,0.3011,0
4269323,0.9478,-0.0002,0.0060,-0.3187,0.0064,-0.0078,0.2781,0
4269490,0.9478,-0.0002,0.0060,-0.3188,0.0103,-0.0063,0.3065,0
4269656,0.9478,-0.0002,0.0061,-0.3187,0.0096,0.0005,0.3146,0
4269823,0.9478,-0.0002,0.0061,-0.3187,0.0277,-0.0006,0.3017,0
4269990,0.9478,-0.0002,0.0061,-0.3187,0.0140,-0.0123,0.3003,0
4270156,0.9478,-0.0002,0.0061,-0.3188,0.0069,0.0001,0.2920,0
4270323,0.9478,-0.0002,0.0061,-0.3188,0.0139,0.0075,0.2995,0
4270490,0.9478,-0.0002,0.0061,-0.3188,0.0018,0.0087,0.2837,0
4270656,0.9478,-0.0002,0.0061,-0.3188,-0.0042,-0.0124,0.2967,0
4270823,0.9478,-0.0002,0.0061,-0.3188,0.0121,-0.0048,0.2901,0
4270990,0.9478,-0.0002,0.0061,-0.3188,-0.0050,-0.0042,0.2898,0
4271156,0.9478,-0.0002,0.0061,-0.3189,0.0082,0.0056,0.2985,0
4271323,0.9478,-0.0002,0.0061,-0.3189,0.0031,0.0071,0.2792,0
4271490,0.9478,-0.0002,0.0061,-0.3189,0.0105,-0.0009,0.2863,0
4271656,0.9478,-0.0002,0.0061,-0.3189,0.0045,-0.0031,0.3123,0
4271823,0.9478,-0.0002,0.0061,-0.3189,-0.0007,0.0038,0.2648,0
4271990,0.9478,-0.0002,0.0061,-0.3189,0.0050,-0.0042,0.2975,0
4272156,0.9478,-0.0002,0.0061,-0.3189,-0.0044,-0.0153,0.2837,0
4272323,0.9478,-0.0002,0.0061,-0.3189,0.0013,-0.0026,0.3022,0
4272490,0.9477,-0.0002,0.0061,-0.3190,0.0012,0.0034,0.2962,0
4272656,0.9477,-0.0002,0.0061,-0.3190,0.0150,-0.0150,0.3066,0
4272823,0.9477,-0.0002,0.0061,-0.3190,0.0023,-0.0052,0.2738,0
4272990,0.9477,-0.0002,0.0061,-0.3190,0.0117,-0.0105,0.2807,0
4273156,0.9477,-0.0002,0.0061,-0.3190,0.0035,-0.0137,0.2724,0
4273323,0.9477,-0.0002,0.0061,-0.3190,0.0140,-0.0014,0.2858,0
4273490,0.9477,-0.0002,0.0061,-0.3190,0.0143,-0.0125,0.2722,0
4273656,0.9477,-0.0002,0.0061,-0.3191,0.0030,-0.0084,0.3004,0
4273823,0.9477,-0.0002,0.0061,-0.3191,0.0034,-0.0116,0.3086,0
4273990,0.9477,-0.0002,0.0061,-0.3191,-0.0130,-0.0053,0.3048,0
4274156,0.9477,-0.0002,0.0061,-0.3191,-0.0088,-0.0158,0.2933,0
4274323,0.9477,-0.0002,0.0061,-0.3191,0.0149,0.0059,0.2948,0
4274490,0.9477,-0.0002,0.0060,-0.3191,-0.0058,-0.0038,0.2905,0
4274656,0.9477,-0.0002,0.0061,-0.3191,-0.0009,-0.0043,0.2605,0
4274823,0.9477,-0.0002,0.0060,-0.3191,0.0198,0.0054,0.2902,0
4274990,0.9477,-0.0002,0.0061,-0.3192,0.0096,-0.0163,0.2942,0
4275156,0.9477,-0.0002,0.0061,-0.3192,0.0080,-0.0048,0.2948,0
4275323,0.9477,-0.0002,0.0061,-0.3192,-0.0172,-0.0084,0.3026,0
4275490,0.9477,-0.0002,0.0061,-0.3192,0.0010,-0.0104,0.3035,0
4275656,0.9477,-0.0003,0.0060,-0.3192,0.0155,-0.0053,0.2887,0
4275823,0.9477,-0.0003,0.0060,-0.3193,-0.0009,0.0036,0.3004,0
4275990,0.9476,-0.0003,0.0060,-0.3193,0.0007,-0.0010,0.2844,0
4276157,0.9476,-0.0002,0.0060,-0.3193,0.0064,-0.0066,0.2902,0
4276323,0.9476,-0.0002,0.0060,-0.3193,-0.0031,-0.0161,0.2826,0
4276490,0.9476,-0.0002,0.0060,-0.3193,0.0100,-0.0042,0.3046,0
4276657,0.9476,-0.0002,0.0060,-0.3193,0.0087,-0.0018,0.2799,0
4276823,0.9476,-0.0002,0.0060,-0.3194,0.0088,0.0022,0.3032,0
4276990,0.9476,-0.0002,0.0060,-0.3194,0.0067,-0.0121,0.2862,0
4277157,0.9476,-0.0002,0.0060,-0.3194,0.0007,-0.0153,0.2902,0
4277323,0.9476,-0.0002,0.0060,-0.3194,0.0087,0.0067,0.2998,0
4277490,0.9476,-0.0002,0.0061,-0.3194,0.0261,-0.0031,0.2861,0
4277657,0.9476,-0.0002,0.0061,-0.3194,0.0162,-0.0169,0.2933,0
4277823,0.9476,-0.0002,0.0061,-0.3194,-0.0002,-0.0042,0.2946,0
4277990,0.9476,-0.0002,0.0061,-0.3195,-0.0000,0.0063,0.2799,0
4278157,0.9476,-0.0002,0.0061,-0.3195,0.0044,0.0131,0.2890,0
4278323,0.9476,-0.0002,0.0061,-0.3195,-0.0018,-0.0013,0.2951,0
4278490,0.9476,-0.0002,0.0061,-0.3195,0.0201,0.0029,0.3002,0
4278657,0.9476,-0.0002,0.0060,-0.3195,0.0012,0.0051,0.3014,0
4278823,0.9476,-0.0002,0.0060,-0.3195,0.0267,0.0027,0.3131,0
4278990,0.9476,-0.0002,0.0060,-0.3195,0.0073,-0.0033,0.3139,0
4279157,0.9476,-0.0002,0.0060,-0.3195,0.0036,0.0053,0.2898,0
4279323,0.9475,-0.0002,0.0060,-0.3196,0.0007,-0.0010,0.2780,0
4279490,0.9475,-0.0002,0.0060,-0.3196,-0.0083,-0.0053,0.3129,0
4279657,0.9475,-0.0002,0.0061,-0.3196,0.0114,-0.0027,0.2979,0
4279823,0.9475,-0.0003,0.0061,-0.3196,0.0034,0.0091,0.2906,0
4279990,0.9475,-0.0003,0.0061,-0.3196,0.0088,0.0090,0.3041,0
4280157,0.9475,-0.0003,0.0061,-0.3196,0.0042,0.0005,0.2798,0
4280323,0.9475,-0.0003,0.0061,-0.3196,0.0077,-0.0028,0.2755,0
4280490,0.9475,-0.0003,0.0061,-0.3196,-0.0032,-0.0133,0.2821,0
4280657,0.9475,-0.0003,0.0061,-0.3196,0.0106,0.0016,0.2995,0
4280823,0.9475,-0.0003,0.0061,-0.3196,0.0044,-0.0175,0.2679,0
4280990,0.9475,-0.0003,0.0060,-0.3197,0.0188,-0.0156,0.2831,0
4281157,0.9475,-0.0003,0.0060,-0.3197,0.0063,-0.0070,0.2940,0
4281323,0.9475,-0.0003,0.0060,-0.3197,-0.0042,-0.0126,0.3129,0
4281490,0.9475,-0.0003,0.0060,-0.3197,0.0081,-0.0067,0.2947,0
4281657,0.9475,-0.0003,0.0060,-0.3197,-0.0122,-0.0053,0.2926,0
4281823,0.9475,-0.0003,0.0060,-0.3197,-0.0071,-0.0016,0.3005,0
4281990,0.9475,-0.0003,0.0061,-0.3197,0.0024,-0.0087,0.3055,0
4282157,0.9475,-0.0002,0.0061,-0.3197,-0.0009,0.0067,0.2821,0
4282323,0.9475,-0.0003,0.0061,-0.3197,-0.0072,-0.0005,0.2861,0
4282490,0.9475,-0.0003,0.0061,-0.3197,0.0022,-0.0014,0.2882,0
4282657,0.9475,-0.0003,0.0061,-0.3197,0.0034,0.0034,0.2949,0
4282823,0.9475,-0.0003,0.0060,-0.3198,0.0057,-0.0146,0.2869,0
4282990,0.9475,-0.0003,0.0060,-0.3198,0.0086,-0.0082,0.2953,0
4283157,0.9475,-0.0002,0.0060,-0.3198,-0.0128,-0.0122,0.3019,0
4283323,0.9475,-0.0003,0.0060,-0.3198,-0.0035,0.0001,0.2800,0
4283490,0.9475,-0.0003,0.0060,-0.3198,-0.0043,-0.0096,0.3189,0
4283657,0.9475,-0.0002,0.0060,-0.3198,0.0115,0.0027,0.3134,0
4283823,0.9475,-0.0003,0.0060,-0.3198,0.0101,-0.0117,0.2883,0
4283990,0.9475,-0.0003,0.0060,-0.3198,-0.0095,0.0069,0.3070,0
4284157,0.9475,-0.0003,0.0060,-0.3198,0.0076,0.0019,0.3177,0
4284323,0.9475,-0.0003,0.0060,-0.3198,-0.0058,0.0013,0.2895,0
4284490,0.9475,-0.0003,0.0060,-0.3198,0.0146,-0.0124,0.2919,0
4284657,0.9475,-0.0003,0.0060,-0.3198,-0.0009,-0.0053,0.2794,0
4284823,0.9474,-0.0003,0.0060,-0.3199,0.0056,-0.0061,0.2858,0
4284990,0.9474,-0.0003,0.0060,-0.3199,0.0001,-0.0068,0.3078,0
4285157,0.9474,-0.0003,0.0060,-0.3199,0.0038,-0.0038,0.2883,0
4285323,1.0000,-0.0022,0.0056,0.0000,-0.0030,0.0115,0.2783,0
4285490,1.0000,-0.0022,0.0056,-0.0000,-0.0059,0.0100,0.2822,0
4285657,1.0000,-0.0022,0.0056,-0.0000,0.0060,-0.0042,0.3086,0
4285823,1.0000,-0.0022,0.0056,-0.0000,0.0066,0.0017,0.2852,0
4285990,1.0000,-0.0022,0.0056,-0.0000,-0.0033,-0.0010,0.2949,0
4286157,1.0000,-0.0022,0.0056,-0.0000,0.0173,-0.0008,0.2986,0
4286323,1.0000,-0.0022,0.0056,-0.0000,-0.0101,-0.0003,0.2912,0
4286490,1.0000,-0.0022,0.0056,-0.0000,0.0037,0.0127,0.2769,0
4286657,1.0000,-0.0022,0.0056,-0.0001,-0.0076,-0.0083,0.2901,0
4286823,1.0000,-0.0022,0.0056,-0.0001,0.0033,-0.0066,0.2946,0
4286990,1.0000,-0.0022,0.0056,-0.0001,0.0134,-0.0111,0.2764,0
4287157,1.0000,-0.0022,0.0057,-0.0001,0.0101,0.0056,0.2927,0
4287323,1.0000,-0.0022,0.0057,-0.0001,0.0046,-0.0180,0.2859,0
4287490,1.0000,-0.0022,0.0057,-0.0001,0.0156,-0.0038,0.2994,0
4287657,1.0000,-0.0022,0.0057,-0.0001,0.0149,-0.0046,0.2898,0
4287823,1.0000,-0.0022,0.0057,-0.0001,0.0012,-0.0032,0.3010,0
4287990,1.0000,-0.0022,0.0057,-0.0002,0.0026,-0.0029,0.3011,0
4288157,1.0000,-0.0022,0.0057,-0.0002,0.0040,0.0023,0.3151,0
4288323,1.0000,-0.0022,0.0057,-0.0002,-0.0015,-0.0099,0.3134,0
4288490,1.0000,-0.0022,0.0057,-0.0002,0.0118,0.0014,0.2846,0
4288657,1.0000,-0.0022,0.0057,-0.0002,0.0133,-0.0062,0.2834,0
4288823,1.0000,-0.0022,0.0057,-0.0002,0.0143,0.0053,0.3113,0
4288990,1.0000,-0.0023,0.0057,-0.0002,0.0043,-0.0039,0.2990,0
4289157,1.0000,-0.0023,0.0057,-0.0002,0.0177,0.0099,0.3020,0
4289323,1.0000,-0.0022,0.0057,-0.0002,0.0060,-0.0003,0.3018,0
4289490,1.0000,-0.0022,0.0057,-0.0002,0.0203,0.0078,0.2932,0
4289657,1.0000,-0.0022,0.0056,-0.0003,0.0086,-0.0029,0.3204,0
4289823,1.0000,-0.0022,0.0057,-0.0003,0.0040,0.0053,0.2816,0
4289990,1.0000,-0.0022,0.0056,-0.0003,-0.0010,-0.0020,0.2918,0
4290157,1.0000,-0.0022,0.0056,-0.0003,-0.0028,0.0030,0.2732,0
4290323,1.0000,-0.0022,0.0056,-0.0003,-0.0011,0.0016,0.2929,0
4290490,1.0000,-0.0022,0.0056,-0.0003,0.0096,-0.0070,0.2667,0
4290657,1.0000,-0.0022,0.0056,-0.0003,0.0019,-0.0072,0.2729,0
4290823,1.0000,-0.0022,0.0056,-0.0003,0.0007,-0.0014,0.2865,0
4290990,1.0000,-0.0022,0.0056,-0.0003,0.0024,-0.0096,0.2918,0
4291157,1.0000,-0.0022,0.0056,-0.0003,0.0029,-0.0017,0.2995,0
4291323,1.0000,-0.0022,0.0056,-0.0004,0.0030,0.0063,0.3046,0
4291490,1.0000,-0.0022,0.0056,-0.0004,0.0073,-0.0098,0.2888,0
4291657,1.0000,-0.0022,0.0056,-0.0004,-0.0037,-0.0047,0.2762,0
4291823,1.0000,-0.0022,0.0056,-0.0004,0.0107,-0.0008,0.2881,0
4291990,1.0000,-0.0022,0.0056,-0.0004,0.0148,0.0041,0.2905,0
4292157,1.0000,-0.0022,0.0057,-0.0004,0.0115,0.0167,0.3150,0
4292323,1.0000,-0.0022,0.0057,-0.0004,-0.0045,-0.0123,0.3036,0
4292490,1.0000,-0.0022,0.0057,-0.0004,0.0027,-0.0006,0.2964,0
4292657,1.0000,-0.0022,0.0057,-0.0004,0.0150,-0.0121,0.2602,0
4292824,1.0000,-0.0022,0.0057,-0.0004,0.0174,0.0012,0.2835,0
4292990,1.0000,-0.0022,0.0057,-0.0004,0.0169,-0.0040,0.2988,0
4293157,1.0000,-0.0022,0.0057,-0.0004,0.0172,0.0017,0.2731,0
4293324,1.0000,-0.0022,0.0057,-0.0005,0.0067,0.0076,0.3068,0
4293490,1.0000,-0.0022,0.0057,-0.0005,0.0167,-0.0005,0.3016,0
4293657,1.0000,-0.0022,0.0057,-0.0005,0.0086,-0.0025,0.2697,0
4293824,1.0000,-0.0022,0.0057,-0.0005,0.0126,-0.0050,0.3006,0
4293990,1.0000,-0.0022,0.0057,-0.0005,0.0042,0.0029,0.2996,0
4294157,1.0000,-0.0022,0.0057,-0.0005,0.0116,0.0083,0.3135,0
4294324,1.0000,-0.0022,0.0057,-0.0005,-0.0023,-0.0093,0.2895,0
4294490,1.0000,-0.0022,0.0057,-0.0005,0.0115,0.0026,0.2991,0
4294657,1.0000,-0.0022,0.0057,-0.0005,0.0220,-0.0016,0.2996,0
4294824,1.0000,-0.0022,0.0057,-0.0005,0.0297,-0.0060,0.2782,0
4294990,1.0000,-0.0022,0.0057,-0.0005,0.0134,0.0029,0.2880,0
4295157,1.0000,-0.0022,0.0057,-0.0005,0.0120,-0.0078,0.2877,0
4295324,1.0000,-0.0022,0.0057,-0.0005,0.0089,0.0014,0.3000,0
4295490,1.0000,-0.0022,0.0057,-0.0005,0.0211,0.0011,0.2879,0
4295657,1.0000,-0.0022,0.0057,-0.0005,0.0072,-0.0024,0.2891,0
4295824,1.0000,-0.0022,0.0057,-0.0005,0.0048,0.0046,0.2951,0
4295990,1.0000,-0.0022,0.0057,-0.0005,0.0040,-0.0017,0.3006,0
4296157,1.0000,-0.0022,0.0057,-0.0006,0.0065,-0.0161,0.3013,0
4296324,1.0000,-0.0022,0.0057,-0.0006,0.0104,0.0138,0.3013,0
4296490,1.0000,-0.0022,0.0057,-0.0006,0.0242,-0.0102,0.3062,0
4296657,1.0000,-0.0022,0.0057,-0.0006,0.0076,0.0042,0.2962,0
4296824,1.0000,-0.0022,0.0057,-0.0006,0.0137,-0.0078,0.2838,0
4296990,1.0000,-0.0022,0.0057,-0.0006,0.0040,-0.0059,0.2827,0
4297157,1.0000,-0.0022,0.0057,-0.0006,-0.0026,-0.0063,0.2859,0
4297324,1.0000,-0.0022,0.0057,-0.0006,0.0106,-0.0066,0.3022,0
4297490,1.0000,-0.0022,0.0057,-0.0006,0.0104,-0.0006,0.3050,0
4297657,1.0000,-0.0022,0.0057,-0.0006,0.0007,0.0089,0.3220,0
4297824,1.0000,-0.0022,0.0057,-0.0006,-0.0008,0.0189,0.2910,0
4297990,1.0000,-0.0022,0.0057,-0.0006,0.0119,-0.0179,0.2730,0
4298157,1.0000,-0.0022,0.0057,-0.0007,0.0128,-0.0120,0.2759,0
4298324,1.0000,-0.0022,0.0057,-0.0007,0.0118,-0.0105,0.3117,0
4298490,1.0000,-0.0022,0.0057,-0.0007,0.0092,-0.0013,0.2831,0
4298657,1.0000,-0.0022,0.0057,-0.0007,0.0055,0.0020,0.2889,0
4298824,1.0000,-0.0022,0.0057,-0.0007,-0.0021,-0.0021,0.2877,0
4298990,1.0000,-0.0022,0.0057,-0.0007,0.0112,0.0103,0.2994,0
4299157,1.0000,-0.0022,0.0057,-0.0007,0.0172,0.0045,0.2803,0
4299324,1.0000,-0.0022,0.0057,-0.0007,0.0026,-0.0041,0.2773,0
4299490,1.0000,-0.0022,0.0057,-0.0007,0.0158,0.0004,0.2999,0
4299657,1.0000,-0.0022,0.0057,-0.0007,0.0062,-0.0086,0.2945,0
4299824,1.0000,-0.0022,0.0057,-0.0008,0.0062,-0.0093,0.2795,0
4299990,1.0000,-0.0022,0.0057,-0.0008,-0.0128,0.0081,0.2875,0
4300157,1.0000,-0.0022,0.0057,-0.0008,0.0034,0.0091,0.3076,0
4300324,1.0000,-0.0022,0.0057,-0.0008,-0.0041,0.0076,0.2943,0
4300490,1.0000,-0.0022,0.0057,-0.0008,0.0068,0.0098,0.2878,0
4300657,1.0000,-0.0022,0.0057,-0.0008,0.0032,-0.0084,0.2830,0
4300824,1.0000,-0.0022,0.0057,-0.0008,0.0057,-0.0033,0.2966,0
4300990,1.0000,-0.0022,0.0057,-0.0008,0.0204,-0.0061,0.2977,0
4301157,1.0000,-0.0022,0.0057,-0.0008,0.0151,0.0134,0.2719,0
4301324,1.0000,-0.0022,0.0057,-0.0008,0.0074,-0.0064,0.2726,0
4301490,1.0000,-0.0022,0.0057,-0.0008,0.0030,0.0025,0.2868,0
4301657,1.0000,-0.0022,0.0057,-0.0008,0.0021,-0.0001,0.2836,0
4301824,1.0000,-0.0022,0.0057,-0.0008,-0.0043,-0.0093,0.2954,0
4301990,1.0000,-0.0022,0.0057,-0.0009,0.0044,0.0018,0.3056,0
4302157,1.0000,-0.0022,0.0057,-0.0009,-0.0021,-0.0067,0.3018,0
4302324,1.0000,-0.0022,0.0057,-0.0009,0.0111,0.0046,0.2801,0
4302490,1.0000,-0.0022,0.0057,-0.0009,0.0166,-0.0019,0.3146,0
4302657,1.0000,-0.0022,0.0057,-0.0009,0.0006,0.0069,0.2962,0
4302824,1.0000,-0.0022,0.0057,-0.0009,0.0059,-0.0095,0.3216,0
4302990,1.0000,-0.0022,0.0056,-0.0009,0.0113,0.0063,0.2856,0
4303157,1.0000,-0.0022,0.0057,-0.0009,-0.0087,-0.0054,0.2952,0
4303324,1.0000,-0.0022,0.0057,-0.0009,0.0131,-0.0056,0.2859,0
4303490,1.0000,-0.0022,0.0057,-0.0009,-0.0012,-0.0085,0.2933,0
4303657,1.0000,-0.0022,0.0057,-0.0009,0.0047,0.0012,0.2800,0
4303824,1.0000,-0.0022,0.0057,-0.0009,0.0015,-0.0028,0.3009,0
4303990,1.0000,-0.0022,0.0057,-0.0009,-0.0095,0.0053,0.2864,0
4304157,1.0000,-0.0022,0.0057,-0.0009,0.0018,0.0052,0.2855,0
4304324,1.0000,-0.0022,0.0057,-0.0009,0.0121,-0.0007,0.3117,0
4304490,1.0000,-0.0022,0.0057,-0.0009,0.0047,-0.0062,0.3156,0
4304657,1.0000,-0.0022,0.0057,-0.0009,-0.0063,0.0033,0.3082,0
4304824,1.0000,-0.0022,0.0057,-0.0009,0.0008,0.0045,0.3084,0
4304990,1.0000,-0.0022,0.0057,-0.0009,-0.0007,0.0027,0.3043,0
4305157,1.0000,-0.0022,0.0057,-0.0010,0.0141,0.0020,0.3024,0
4305324,1.0000,-0.0022,0.0057,-0.0010,0.0084,0.0069,0.2952,0
4305490,1.0000,-0.0022,0.0057,-0.0010,0.0028,0.0099,0.2937,0
4305657,1.0000,-0.0022,0.0057,-0.0010,0.0008,-0.0074,0.2806,0
4305824,1.0000,-0.0022,0.0057,-0.0010,-0.0004,-0.0207,0.2906,0
4305990,1.0000,-0.0022,0.0057,-0.0010,0.0068,0.0004,0.3156,0
4306157,1.0000,-0.0022,0.0057,-0.0010,0.0173,-0.0098,0.2852,0
4306324,1.0000,-0.0022,0.0057,-0.0010,0.0146,-0.0136,0.2857,0
4306490,1.0000,-0.0022,0.0057,-0.0010,0.0025,0.0015,0.2924,0
4306657,1.0000,-0.0022,0.0057,-0.0010,0.0164,-0.0037,0.2933,0
4306824,1.0000,-0.0022,0.0057,-0.0010,0.0007,-0.0047,0.3151,0
4306990,1.0000,-0.0022,0.0057,-0.0010,-0.0043,-0.0080,0.3008,0
4307157,1.0000,-0.0022,0.0057,-0.0010,0.0060,0.0036,0.3017,0
4307324,1.0000,-0.0022,0.0057,-0.0010,0.0112,-0.0033,0.3002,0
4307490,1.0000,-0.0022,0.0057,-0.0010,-0.0033,-0.0021,0.3042,0
4307657,1.0000,-0.0021,0.0057,-0.0010,0.0180,-0.0045,0.2850,0
4307824,1.0000,-0.0022,0.0057,-0.0010,0.0216,0.0122,0.2786,0
4307990,1.0000,-0.0022,0.0057,-0.0011,-0.0027,-0.0099,0.2867,0
4308157,1.0000,-0.0022,0.0057,-0.0011,0.0149,0.0001,0.2866,0
4308324,1.0000,-0.0022,0.0058,-0.0011,-0.0043,-0.0014,0.2908,0
4308490,1.0000,-0.0022,0.0057,-0.0011,0.0060,-0.0103,0.2940,0
4308657,1.0000,-0.0022,0.0057,-0.0011,0.0108,0.0025,0.3385,0
4308824,1.0000,-0.0022,0.0058,-0.0011,-0.0023,-0.0124,0.2996,0
4308990,1.0000,-0.0022,0.0057,-0.0011,0.0004,-0.0053,0.3238,0
4309157,1.0000,-0.0022,0.0057,-0.0011,0.0077,-0.0004,0.2953,0
4309324,1.0000,-0.0022,0.0057,-0.0011,0.0210,0.0010,0.3018,0
4309491,1.0000,-0.0022,0.0057,-0.0011,0.0028,-0.0055,0.3109,0
4309657,1.0000,-0.0022,0.0057,-0.0011,-0.0126,0.0122,0.3185,0
4309824,1.0000,-0.0022,0.0057,-0.0011,-0.0008,-0.0019,0.3119,0
4309991,1.0000,-0.0022,0.0057,-0.0011,-0.0086,0.0016,0.2912,0
4310157,1.0000,-0.0022,0.0057,-0.0011,-0.0018,0.0031,0.2873,0
4310324,1.0000,-0.0022,0.0057,-0.0011,0.0062,-0.0013,0.2930,0
4310491,1.0000,-0.0022,0.0057,-0.0011,-0.0005,0.0034,0.3036,0
4310657,1.0000,-0.0022,0.0057,-0.0011,0.0081,-0.0017,0.2902,0
4310824,1.0000,-0.0022,0.0057,-0.0011,0.0070,0.0091,0.2810,0
4310991,1.0000,-0.0023,0.0057,-0.0011,0.0003,0.0046,0.2749,0
4311157,1.0000,-0.0023,0.0057,-0.0011,0.0052,-0.0040,0.3224,0
4311324,1.0000,-0.0023,0.0058,-0.0011,-0.0009,-0.0059,0.2923,0
4311491,1.0000,-0.0022,0.0058,-0.0012,0.0037,-0.0006,0.2892,0
4311657,1.0000,-0.0023,0.0058,-0.0011,-0.0017,0.0021,0.2989,0
4311824,1.0000,-0.0023,0.0058,-0.0011,0.0179,-0.0011,0.3200,0
4311991,1.0000,-0.0023,0.0058,-0.0011,0.0056,0.0122,0.2896,0
4312157,1.0000,-0.0023,0.0058,-0.0011,-0.0008,0.0021,0.2876,0
4312324,1.0000,-0.0023,0.0058,-0.0011,0.0072,0.0015,0.2760,0
4312491,1.0000,-0.0023,0.0058,-0.0011,-0.0105,0.0055,0.3035,0
4312657,1.0000,-0.0023,0.0058,-0.0012,0.0016,-0.0095,0.3117,0
4312824,1.0000,-0.0023,0.0059,-0.0012,0.0061,0.0119,0.2826,0
4312991,1.0000,-0.0024,0.0059,-0.0012,0.0055,-0.0016,0.2948,0
4313157,1.0000,-0.0024,0.0059,-0.0012,0.0176,-0.0050,0.2907,0
4313324,1.0000,-0.0024,0.0059,-0.0012,0.0129,-0.0044,0.2892,0
4313491,1.0000,-0.0024,0.0059,-0.0012,0.0080,-0.0067,0.2756,0
4313657,1.0000,-0.0024,0.0059,-0.0012,0.0026,-0.0021,0.2950,0
4313824,1.0000,-0.0024,0.0059,-0.0012,-0.0055,-0.0077,0.3009,0
4313991,1.0000,-0.0024,0.0059,-0.0012,0.0060,-0.0146,0.2894,0
4314157,1.0000,-0.0024,0.0059,-0.0012,0.0003,-0.0078,0.3101,0
4314324,1.0000,-0.0024,0.0059,-0.0013,0.0055,0.0036,0.2777,0
4314491,1.0000,-0.0024,0.0059,-0.0013,0.0016,0.0086,0.2727,0
4314657,1.0000,-0.0024,0.0059,-0.0012,0.0008,0.0120,0.2747,0
4314824,1.0000,-0.0024,0.0059,-0.0013,0.0172,0.0016,0.3004,0
4314991,1.0000,-0.0024,0.0059,-0.0013,-0.0027,-0.0177,0.2988,0
4315157,1.0000,-0.0024,0.0059,-0.0013,0.0050,0.0011,0.3057,0
4315324,1.0000,-0.0024,0.0059,-0.0013,0.0101,-0.0084,0.2810,0
4315491,1.0000,-0.0024,0.0059,-0.0013,-0.0241,0.0072,0.3107,0
4315657,1.0000,-0.0024,0.0059,-0.0013,0.0113,0.0045,0.2954,0
4315824,1.0000,-0.0024,0.0059,-0.0013,0.0086,-0.0042,0.3181,0
4315991,1.0000,-0.0024,0.0059,-0.0013,-0.0079,-0.0020,0.2808,0
4316157,1.0000,-0.0024,0.0059,-0.0013,0.0027,0.0037,0.2885,0
4316324,1.0000,-0.0024,0.0059,-0.0013,-0.0002,0.0026,0.2849,0
4316491,1.0000,-0.0024,0.0059,-0.0013,-0.0079,-0.0043,0.2756,0
4316657,1.0000,-0.0024,0.0059,-0.0014,0.0132,-0.0053,0.3024,0
4316824,1.0000,-0.0024,0.0059,-0.0014,0.0094,-0.0037,0.2967,0
4316991,1.0000,-0.0024,0.0058,-0.0014,0.0132,-0.0043,0.2868,0
4317157,1.0000,-0.0024,0.0058,-0.0014,0.0016,-0.0044,0.2695,0
4317324,1.0000,-0.0024,0.0058,-0.0014,0.0050,0.0012,0.2812,0
4317491,1.0000,-0.0024,0.0058,-0.0014,0.0073,0.0002,0.3010,0
4317657,1.0000,-0.0024,0.0058,-0.0014,-0.0002,-0.0086,0.2869,0
4317824,1.0000,-0.0024,0.0058,-0.0014,-0.0028,-0.0121,0.2846,0
4317991,1.0000,-0.0024,0.0058,-0.0014,0.0047,-0.0153,0.2974,0
4318157,1.0000,-0.0024,0.0058,-0.0014,0.0016,0.0014,0.2621,0
4318324,1.0000,-0.0024,0.0058,-0.0014,0.0085,-0.0118,0.2886,0
4318491,1.0000,-0.0024,0.0058,-0.0014,-0.0043,-0.0059,0.2972,0
4318657,1.0000,-0.0023,0.0058,-0.0014,0.0177,0.0128,0.3082,0
4318824,1.0000,-0.0023,0.0058,-0.0015,0.0223,0.0011,0.3000,0
4318991,1.0000,-0.0023,0.0058,-0.0015,0.0123,0.0192,0.2990,0
4319157,1.0000,-0.0023,0.0058,-0.0015,0.0122,-0.0043,0.2973,0
4319324,1.0000,-0.0023,0.0058,-0.0015,0.0044,-0.0132,0.3013,0
4319491,1.0000,-0.0023,0.0058,-0.0015,-0.0001,-0.0055,0.2869,0
4319657,1.0000,-0.0023,0.0058,-0.0015,0.0001,0.0097,0.2891,0
4319824,1.0000,-0.0023,0.0058,-0.0015,0.0040,0.0022,0.2942,0
4319991,1.0000,-0.0024,0.0058,-0.0015,-0.0017,0.0029,0.2880,0
4320157,1.0000,-0.0024,0.0058,-0.0015,0.0008,0.0052,0.2944,0
4320324,1.0000,-0.0024,0.0058,-0.0015,0.0191,0.0053,0.2818,0
4320491,1.0000,-0.0024,0.0058,-0.0015,0.0159,-0.0041,0.2950,0
4320657,1.0000,-0.0024,0.0058,-0.0015,0.0103,-0.0044,0.2967,0
4320824,1.0000,-0.0024,0.0058,-0.0015,0.0108,-0.0002,0.2826,0
4320991,1.0000,-0.0024,0.0058,-0.0015,0.0057,0.0080,0.2793,0
4321157,1.0000,-0.0024,0.0058,-0.0015,-0.0052,0.0014,0.2959,0
4321324,1.0000,-0.0024,0.0058,-0.0015,-0.0143,-0.0129,0.2822,0
4321491,1.0000,-0.0024,0.0058,-0.0015,-0.0150,-0.0041,0.3014,0
4321657,1.0000,-0.0024,0.0058,-0.0015,-0.0004,-0.0011,0.3132,0
4321824,1.0000,-0.0024,0.0058,-0.0015,0.0234,0.0011,0.2817,0
4321991,1.0000,-0.0024,0.0058,-0.0016,0.0306,0.0019,0.2846,0
4322157,1.0000,-0.0024,0.0058,-0.0016,0.0151,-0.0038,0.2933,0
4322324,1.0000,-0.0024,0.0058,-0.0016,0.0174,0.0104,0.2894,0
4322491,1.0000,-0.0024,0.0058,-0.0016,-0.0052,-0.0122,0.2826,0
4322657,1.0000,-0.0024,0.0058,-0.0016,0.0064,-0.0132,0.3049,0
4322824,1.0000,-0.0024,0.0059,-0.0016,-0.0061,-0.0016,0.2949,0
4322991,1.0000,-0.0024,0.0058,-0.0015,-0.0158,-0.0162,0.2593,0
4323157,1.0000,-0.0024,0.0059,-0.0015,-0.0025,-0.0067,0.2837,0
4323324,1.0000,-0.0024,0.0058,-0.0016,0.0081,0.0012,0.3015,0
4323491,1.0000,-0.0024,0.0059,-0.0016,0.0227,0.0063,0.3045,0
4323657,1.0000,-0.0023,0.0058,-0.0016,0.0232,0.0031,0.2690,0
4323824,1.0000,-0.0023,0.0058,-0.0016,0.0115,0.0054,0.3064,0
4323991,1.0000,-0.0023,0.0059,-0.0016,0.0179,0.0121,0.2874,0
4324157,1.0000,-0.0023,0.0058,-0.0016,0.0002,-0.0015,0.2975,0
4324324,1.0000,-0.0023,0.0058,-0.0016,0.0102,-0.0046,0.2956,0
4324491,1.0000,-0.0023,0.0058,-0.0016,0.0077,-0.0145,0.2751,0
4324657,1.0000,-0.0023,0.0058,-0.0016,0.0092,0.0002,0.3220,0
4324824,1.0000,-0.0023,0.0058,-0.0016,0.0053,0.0094,0.2988,0
4324991,1.0000,-0.0023,0.0058,-0.0016,0.0267,-0.0037,0.2957,0
4325157,1.0000,-0.0023,0.0058,-0.0016,0.0139,-0.0016,0.3018,0
4325324,1.0000,-0.0023,0.0058,-0.0016,0.0149,-0.0046,0.3058,0
4325491,1.0000,-0.0023,0.0058,-0.0016,0.0046,-0.0007,0.2847,0
4325657,1.0000,-0.0023,0.0058,-0.0017,0.0085,-0.0082,0.2754,0
4325824,1.0000,-0.0023,0.0058,-0.0017,0.0072,-0.0014,0.2772,0
4325991,1.0000,-0.0023,0.0058,-0.0017,0.0134,-0.0065,0.2995,0
4326158,1.0000,-0.0023,0.0058,-0.0017,0.0052,0.0047,0.2972,0
4326324,1.0000,-0.0023,0.0058,-0.0017,0.0107,0.0020,0.3064,0
4326491,1.0000,-0.0023,0.0058,-0.0017,0.0126,0.0096,0.2883,0
4326658,1.0000,-0.0023,0.0058,-0.0017,0.0262,0.0165,0.3080,0
4326824,1.0000,-0.0023,0.0058,-0.0017,0.0072,0.0134,0.3173,0
4326991,1.0000,-0.0023,0.0058,-0.0017,0.0136,-0.0041,0.2845,0
4327158,1.0000,-0.0023,0.0058,-0.0017,0.0047,-0.0002,0.2767,0
4327324,1.0000,-0.0023,0.0058,-0.0017,0.0052,-0.0092,0.2908,0
4327491,1.0000,-0.0023,0.0058,-0.0017,0.0055,-0.0159,0.2909,0
4327658,1.0000,-0.0023,0.0059,-0.0017,0.0044,-0.0086,0.2799,0
4327824,1.0000,-0.0023,0.0058,-0.0017,0.0143,0.0069,0.3118,0
4327991,1.0000,-0.0023,0.0058,-0.0017,0.0168,0.0092,0.3007,0
4328158,1.0000,-0.0022,0.0058,-0.0017,0.0090,0.0014,0.2973,0
4328324,1.0000,-0.0022,0.0058,-0.0017,0.0124,-0.0007,0.2881,0
4328491,1.0000,-0.0022,0.0058,-0.0017,0.0155,0.0002,0.2862,0
4328658,1.0000,-0.0022,0.0058,-0.0017,-0.0040,-0.0043,0.3100,0
4328824,1.0000,-0.0022,0.0058,-0.0017,0.0081,0.0035,0.2627,0
4328991,1.0000,-0.0022,0.0058,-0.0017,0.0164,0.0042,0.3070,0
4329158,1.0000,-0.0022,0.0058,-0.0018,0.0165,-0.0007,0.2817,0
4329324,1.0000,-0.0022,0.0058,-0.0018,0.0266,-0.0108,0.2873,0
4329491,1.0000,-0.0022,0.0058,-0.0018,-0.0058,0.0148,0.3037,0
4329658,1.0000,-0.0022,0.0058,-0.0018,0.0114,0.0028,0.2915,0
4329824,1.0000,-0.0022,0.0058,-0.0018,0.0007,0.0020,0.2971,0
4329991,1.0000,-0.0022,0.0058,-0.0018,0.0064,0.0111,0.2816,0
4330158,1.0000,-0.0022,0.0058,-0.0018,0.0132,-0.0006,0.2779,0
4330324,1.0000,-0.0022,0.0058,-0.0018,0.0050,-0.0074,0.2815,0
4330491,1.0000,-0.0022,0.0058,-0.0018,0.0073,-0.0060,0.2914,0
4330658,1.0000,-0.0022,0.0058,-0.0018,0.0113,-0.0010,0.2943,0
4330824,1.0000,-0.0022,0.0058,-0.0018,-0.0026,0.0017,0.2925,0
4330991,1.0000,-0.0022,0.0058,-0.0018,0.0132,0.0012,0.2800,0
4331158,1.0000,-0.0022,0.0058,-0.0018,0.0111,0.0082,0.2969,0
4331324,1.0000,-0.0022,0.0058,-0.0018,0.0145,-0.0095,0.2773,0
4331491,1.0000,-0.0022,0.0058,-0.0018,0.0112,-0.0056,0.3062,0
4331658,1.0000,-0.0022,0.0058,-0.0018,0.0095,-0.0043,0.2862,0
4331824,1.0000,-0.0022,0.0058,-0.0018,0.0046,0.0004,0.2915,0
4331991,1.0000,-0.0022,0.0058,-0.0018,0.0043,0.0079,0.3071,0
4332158,1.0000,-0.0022,0.0058,-0.0018,0.0048,-0.0066,0.3008,0
4332324,1.0000,-0.0022,0.0058,-0.0018,0.0025,0.0082,0.3002,0
4332491,1.0000,-0.0022,0.0058,-0.0018,0.0163,0.0001,0.3036,0
4332658,1.0000,-0.0023,0.0058,-0.0018,-0.0018,0.0103,0.2980,0
4332824,1.0000,-0.0023,0.0058,-0.0018,0.0086,-0.0007,0.3048,0
4332991,1.0000,-0.0023,0.0058,-0.0018,0.0188,0.0026,0.2987,0
4333158,1.0000,-0.0023,0.0058,-0.0018,0.0205,0.0009,0.2816,0
4333324,1.0000,-0.0023,0.0058,-0.0019,0.0012,-0.0076,0.2874,0
4333491,1.0000,-0.0023,0.0058,-0.0019,-0.0013,-0.0073,0.2945,0
4333658,1.0000,-0.0023,0.0058,-0.0019,0.0112,-0.0008,0.3154,0
4333824,1.0000,-0.0023,0.0058,-0.0019,0.0052,-0.0023,0.2932,0
4333991,1.0000,-0.0022,0.0058,-0.0019,0.0054,0.0120,0.2925,0
4334158,0.9468,-0.0003,0.0062,-0.3217,0.0124,-0.0162,0.2808,0
4334324,0.9468,-0.0003,0.0062,-0.3217,0.0041,-0.0124,0.2914,0
4334491,0.9468,-0.0003,0.0062,-0.3217,0.0056,-0.0068,0.2873,0
4334658,0.9468,-0.0003,0.0062,-0.3217,0.0043,-0.0127,0.2919,0
4334824,0.9468,-0.0003,0.0062,-0.3217,0.0129,-0.0070,0.3083,0
4334991,0.9468,-0.0003,0.0062,-0.3217,0.0098,0.0041,0.2728,0
4335158,0.9468,-0.0003,0.0062,-0.3217,0.0028,-0.0087,0.2970,0
4335324,0.9468,-0.0003,0.0062,-0.3217,0.0016,-0.0174,0.2743,0
4335491,0.9468,-0.0003,0.0062,-0.3217,0.0224,-0.0123,0.3096,0
4335658
4335824
4335991
4336158
4336324
4336491
4336658
4336824
