DeviceTag: Movella DOT,FirmwareVersion: 3.0.0,AppVersion: 2023.6.0,SyncStatus: Unknown (Synced/Un-synced),OutputRate: 60,FilterProfile: Unknown,Measurement Mode: Sensor fusion Mode - Extended (Euler),StartTime: 2025-11-06 17:44:14.840,Â© Movella Technologies B.V. 2005-2025
SampleTimeFine,Quat_W,Quat_X,Quat_Y,Quat_Z,FreeAcc_X,FreeAcc_Y,FreeAcc_Z,Status
486628,0.8320,-0.0088,-0.0045,-0.5548,0.0209,0.0042,5.1632,0
486794,0.8320,-0.0084,-0.0045,-0.5547,-0.0039,0.0123,5.1631,0
486961,0.8321,-0.0081,-0.0045,-0.5545,0.0048,-0.0113,5.1814,0
487128,0.8324,-0.0079,-0.0045,-0.5542,0.0014,-0.0164,5.1713,0
487294,0.8322,-0.0077,-0.0045,-0.5544,-0.0027,-0.0022,5.1725,0
487461,0.8322,-0.0075,-0.0045,-0.5543,-0.0111,-0.0222,5.1906,0
487628,0.8323,-0.0074,-0.0045,-0.5543,-0.0094,-0.0337,5.1913,0
487794,0.8322,-0.0073,-0.0045,-0.5544,-0.0154,-0.0160,5.1700,0
487961,0.8323,-0.0072,-0.0044,-0.5543,-0.0093,-0.0139,5.1688,0
488128,0.8323,-0.0070,-0.0044,-0.5542,-0.0162,-0.0226,5.1601,0
488294,0.8324,-0.0069,-0.0044,-0.5541,-0.0184,-0.0223,5.1702,0
488461,0.8324,-0.0067,-0.0043,-0.5542,-0.0211,-0.0471,5.1767,0
488628,0.8323,-0.0066,-0.0043,-0.5542,-0.0107,-0.0598,5.1730,0
488794,0.8324,-0.0064,-0.0043,-0.5542,-0.0185,-0.0348,5.1778,0
488961,0.8323,-0.0063,-0.0043,-0.5542,-0.0220,-0.0594,5.1640,0
489128,0.8323,-0.0062,-0.0042,-0.5543,-0.0200,-0.0489,5.1890,0
489294,0.8323,-0.0061,-0.0042,-0.5542,-0.0306,-0.0519,5.1942,0
489461,0.8323,-0.0059,-0.0042,-0.5542,-0.0330,-0.0614,5.1747,0
489628,0.8323,-0.0058,-0.0042,-0.5543,-0.0363,-0.0689,5.1578,0
489794,0.8322,-0.0057,-0.0042,-0.5544,-0.0227,-0.0792,5.1621,0
489961,0.8322,-0.0055,-0.0041,-0.5544,-0.0368,-0.0694,5.1654,0
490128,0.8322,-0.0054,-0.0041,-0.5544,-0.0373,-0.0800,5.1711,0
490294,0.8322,-0.0053,-0.0041,-0.5544,-0.0449,-0.0827,5.1786,0
490461,0.8322,-0.0051,-0.0041,-0.5544,-0.0411,-0.0781,5.1749,0
490628,0.8322,-0.0050,-0.0041,-0.5545,-0.0361,-0.0822,5.1695,0
490794,0.8322,-0.0049,-0.0040,-0.5545,-0.0407,-0.0961,5.1820,0
490961,0.8322,-0.0047,-0.0040,-0.5545,-0.0438,-0.0842,5.1650,0
491128,0.8322,-0.0046,-0.0040,-0.5545,-0.0419,-0.0985,5.1613,0
491294,0.8322,-0.0045,-0.0040,-0.5545,-0.0474,-0.0912,5.1952,0
491461,0.8322,-0.0044,-0.0039,-0.5545,-0.0486,-0.1017,5.1831,0
491628,0.8321,-0.0042,-0.0039,-0.5545,-0.0359,-0.1159,5.1637,0
491795,0.8322,-0.0040,-0.0039,-0.5545,-0.0479,-0.1131,5.1749,0
491961,0.8321,-0.0038,-0.0039,-0.5545,-0.0505,-0.1104,5.1729,0
492128,0.8322,-0.0035,-0.0038,-0.5545,-0.0661,-0.1376,5.1895,0
492295,0.8321,-0.0033,-0.0038,-0.5546,-0.0584,-0.1436,5.1787,0
492461,0.8321,-0.0031,-0.0038,-0.5546,-0.0631,-0.1456,5.1651,0
492628,0.8321,-0.0029,-0.0037,-0.5546,-0.0620,-0.1529,5.1797,0
492795,0.8321,-0.0027,-0.0037,-0.5546,-0.0701,-0.1594,5.1680,0
492961,0.8321,-0.0025,-0.0036,-0.5546,-0.0727,-0.1521,5.1571,0
493128,0.8321,-0.0022,-0.0036,-0.5546,-0.0774,-0.1641,5.1554,0
493295,0.8321,-0.0020,-0.0036,-0.5546,-0.0813,-0.1671,5.1707,0
493461,0.8321,-0.0018,-0.0035,-0.5546,-0.0642,-0.1749,5.1610,0
493628,0.8321,-0.0016,-0.0035,-0.5546,-0.0860,-0.1944,5.1638,0
493795,0.8321,-0.0014,-0.0035,-0.5546,-0.0945,-0.1941,5.1710,0
493961,0.8321,-0.0011,-0.0034,-0.5546,-0.0903,-0.1932,5.1788,0
494128,0.8321,-0.0009,-0.0034,-0.5547,-0.0897,-0.1919,5.1812,0
494295,0.8321,-0.0007,-0.0034,-0.5546,-0.1018,-0.2097,5.1444,0
494461,0.8321,-0.0005,-0.0033,-0.5547,-0.0922,-0.2178,5.1900,0
494628,0.8320,-0.0003,-0.0033,-0.5547,-0.1058,-0.2180,5.1852,0
494795,0.8320,-0.0000,-0.0033,-0.5547,-0.1088,-0.2268,5.1620,0
494961,0.8320,0.0002,-0.0033,-0.5547,-0.1006,-0.2331,5.1700,0
495128,0.8321,0.0004,-0.0032,-0.5547,-0.0878,-0.2347,5.1760,0
495295,0.8321,0.0006,-0.0032,-0.5547,-0.1002,-0.2401,5.1801,0
495461,0.8321,0.0008,-0.0032,-0.5547,-0.1244,-0.2466,5.1734,0
495628,0.8321,0.0010,-0.0031,-0.5547,-0.1101,-0.2592,5.1693,0
495795,0.8320,0.0013,-0.0031,-0.5547,-0.1267,-0.2535,5.1727,0
495961,0.8320,0.0015,-0.0031,-0.5547,-0.1321,-0.2773,5.1854,0
496128,0.8320,0.0017,-0.0030,-0.5547,-0.1266,-0.2792,5.1774,0
496295,0.8320,0.0019,-0.0030,-0.5547,-0.1358,-0.2864,5.1648,0
496461,0.8320,0.0021,-0.0030,-0.5547,-0.1157,-0.2905,5.1749,0
496628,0.8320,0.0023,-0.0029,-0.5547,-0.1401,-0.2865,5.1838,0
496795,0.8320,0.0025,-0.0029,-0.5547,-0.1364,-0.2928,5.1715,0
496961,0.8320,0.0027,-0.0029,-0.5547,-0.1460,-0.3053,5.1703,0
497128,0.8321,0.0030,-0.0028,-0.5547,-0.1462,-0.3101,5.1789,0
497295,0.8320,0.0032,-0.0028,-0.5547,-0.1484,-0.3178,5.1700,0
497461,0.8320,0.0034,-0.0028,-0.5547,-0.1446,-0.3090,5.1634,0
497628,0.8320,0.0036,-0.0027,-0.5547,-0.1509,-0.3196,5.1689,0
497795,0.8320,0.0038,-0.0027,-0.5547,-0.1605,-0.3282,5.1547,0
497961,0.8320,0.0041,-0.0027,-0.5547,-0.1622,-0.3369,5.1685,0
498128,0.8320,0.0043,-0.0026,-0.5547,-0.1578,-0.3502,5.1765,0
498295,0.8320,0.0045,-0.0026,-0.5547,-0.1598,-0.3591,5.1728,0
498461,0.8320,0.0047,-0.0026,-0.5547,-0.1679,-0.3564,5.1796,0
498628,0.8320,0.0049,-0.0025,-0.5547,-0.1718,-0.3505,5.1649,0
498795,0.8320,0.0051,-0.0025,-0.5547,-0.1744,-0.3585,5.1849,0
498961,0.8320,0.0054,-0.0025,-0.5547,-0.1634,-0.3709,5.1613,0
499128,0.8320,0.0056,-0.0024,-0.5547,-0.1781,-0.3622,5.1858,0
499295,0.8320,0.0058,-0.0024,-0.5547,-0.1688,-0.3790,5.1868,0
499461,0.8320,0.0060,-0.0024,-0.5547,-0.1892,-0.3797,5.1820,0
499628,0.8320,0.0062,-0.0023,-0.5548,-0.1840,-0.3953,5.1802,0
499795,0.8320,0.0064,-0.0023,-0.5548,-0.1810,-0.4124,5.1570,0
499961,0.8320,0.0066,-0.0023,-0.5548,-0.1810,-0.4125,5.1617,0
500128,0.8320,0.0069,-0.0022,-0.5548,-0.1932,-0.4123,5.1680,0
500295,0.8319,0.0071,-0.0022,-0.5548,-0.1955,-0.4265,5.1833,0
500461,0.8319,0.0073,-0.0022,-0.5548,-0.2013,-0.4222,5.1748,0
500628,0.8320,0.0075,-0.0021,-0.5548,-0.2131,-0.4334,5.1662,0
500795,0.8319,0.0077,-0.0021,-0.5548,-0.1965,-0.4326,5.1857,0
500961,0.8319,0.0079,-0.0021,-0.5548,-0.2026,-0.4472,5.1528,0
501128,0.8319,0.0081,-0.0020,-0.5548,-0.2125,-0.4293,5.1701,0
501295,0.8319,0.0084,-0.0020,-0.5548,-0.1965,-0.4480,5.1828,0
501461,0.8319,0.0086,-0.0019,-0.5549,-0.2142,-0.4600,5.1520,0
501628,0.8319,0.0088,-0.0019,-0.5549,-0.2074,-0.4727,5.1596,0
501795,0.8319,0.0090,-0.0019,-0.5549,-0.2240,-0.4770,5.1698,0
501961,0.8318,0.0092,-0.0018,-0.5549,-0.2180,-0.4689,5.1819,0
502128,0.8318,0.0094,-0.0018,-0.5550,-0.2220,-0.4779,5.1716,0
502295,0.8318,0.0097,-0.0018,-0.5550,-0.2115,-0.4855,5.1782,0
502461,0.8318,0.0099,-0.0017,-0.5550,-0.2319,-0.4929,5.1929,0
502628,0.8318,0.0101,-0.0017,-0.5550,-0.2305,-0.5025,5.1459,0
502795,0.8318,0.0103,-0.0017,-0.5550,-0.2307,-0.5082,5.1453,0
502961,0.8318,0.0105,-0.0016,-0.5550,-0.2329,-0.5038,5.1589,0
503128,0.8317,0.0107,-0.0016,-0.5551,-0.2276,-0.5245,5.1661,0
503295,0.8317,0.0110,-0.0016,-0.5551,-0.2511,-0.5361,5.1548,0
503461,0.8317,0.0112,-0.0016,-0.5551,-0.2577,-0.5428,5.1600,0
503628,0.8317,0.0114,-0.0015,-0.5551,-0.2442,-0.5428,5.1716,0
503795,0.8317,0.0116,-0.0015,-0.5551,-0.2530,-0.5347,5.1480,0
503961,0.8317,0.0118,-0.0015,-0.5551,-0.2569,-0.5405,5.1681,0
504128,0.8317,0.0120,-0.0014,-0.5551,-0.2490,-0.5595,5.1777,0
504295,0.8317,0.0122,-0.0014,-0.5552,-0.2652,-0.5440,5.1600,0
504461,0.8316,0.0124,-0.0013,-0.5552,-0.2541,-0.5669,5.1567,0
504628,0.8316,0.0127,-0.0013,-0.5552,-0.2606,-0.5634,5.1762,0
504795,0.8316,0.0129,-0.0013,-0.5552,-0.2646,-0.5878,5.1754,0
504961,0.8316,0.0131,-0.0013,-0.5552,-0.2799,-0.5839,5.1394,0
505128,0.8316,0.0133,-0.0012,-0.5552,-0.2715,-0.5815,5.1770,0
505295,0.8316,0.0135,-0.0012,-0.5552,-0.2803,-0.5951,5.1681,0
505461,0.8316,0.0137,-0.0012,-0.5552,-0.2672,-0.6058,5.1523,0
505628,0.8315,0.0139,-0.0011,-0.5553,-0.2728,-0.6100,5.1562,0
505795,0.8315,0.0141,-0.0011,-0.5553,-0.2805,-0.6105,5.1525,0
505961,0.8315,0.0143,-0.0011,-0.5553,-0.2787,-0.6208,5.1658,0
506128,0.8315,0.0145,-0.0010,-0.5553,-0.2902,-0.6272,5.1844,0
506295,0.8315,0.0147,-0.0010,-0.5553,-0.2936,-0.6269,5.1454,0
506461,0.8317,-0.0090,-0.0048,-0.5552,0.0147,0.0196,5.1964,0
506628,0.8317,-0.0090,-0.0048,-0.5552,-0.0026,0.0220,5.1958,0
506795,0.8317,-0.0091,-0.0048,-0.5552,0.0035,0.0293,5.1762,0
506961,0.8317,-0.0091,-0.0048,-0.5552,0.0022,0.0235,5.1721,0
507128,0.8317,-0.0090,-0.0047,-0.5551,0.0095,0.0160,5.1700,0
507295,0.8317,-0.0090,-0.0047,-0.5551,0.0073,0.0295,5.1941,0
507461,0.8317,-0.0090,-0.0047,-0.5551,0.0043,0.0205,5.1779,0
507628,0.8317,-0.0090,-0.0048,-0.5551,0.0120,0.0240,5.1599,0
507795,0.8317,-0.0090,-0.0047,-0.5551,0.0146,0.0319,5.1792,0
507961,0.8317,-0.0090,-0.0047,-0.5551,0.0129,0.0334,5.1647,0
508128,0.8317,-0.0090,-0.0047,-0.5551,0.0109,0.0143,5.2007,0
508295,0.8317,-0.0090,-0.0048,-0.5551,0.0094,0.0306,5.1957,0
508462,0.8317,-0.0090,-0.0048,-0.5551,-0.0015,0.0198,5.1832,0
508628,0.8317,-0.0090,-0.0048,-0.5551,0.0175,0.0104,5.1839,0
508795,0.8317,-0.0090,-0.0048,-0.5551,0.0200,0.0105,5.1879,0
508962,0.8317,-0.0090,-0.0047,-0.5551,0.0177,0.0189,5.1846,0
509128,0.8317,-0.0090,-0.0048,-0.5551,0.0024,0.0219,5.1867,0
509295,0.8317,-0.0090,-0.0048,-0.5551,0.0004,0.0288,5.1748,0
509462,0.8317,-0.0090,-0.0047,-0.5551,0.0124,0.0346,5.1906,0
509628,0.8317,-0.0090,-0.0048,-0.5551,0.0139,0.0278,5.1750,0
509795,0.8317,-0.0090,-0.0048,-0.5551,0.0210,0.0236,5.1888,0
509962,0.8317,-0.0090,-0.0048,-0.5551,0.0107,0.0133,5.1786,0
510128,0.8317,-0.0090,-0.0048,-0.5551,-0.0021,0.0221,5.1788,0
510295,0.8317,-0.0090,-0.0048,-0.5551,0.0156,0.0135,5.1694,0
510462,0.8317,-0.0090,-0.0048,-0.5551,0.0047,0.0248,5.1844,0
510628,0.8317,-0.0091,-0.0048,-0.5551,0.0059,0.0197,5.1769,0
510795,0.8317,-0.0091,-0.0047,-0.5551,0.0062,0.0255,5.1571,0
510962,0.8317,-0.0090,-0.0047,-0.5551,0.0180,0.0328,5.1731,0
511128,0.8317,-0.0090,-0.0048,-0.5551,0.0008,0.0229,5.1766,0
511295,0.8317,-0.0090,-0.0048,-0.5551,0.0081,0.0333,5.1701,0
511462,0.8317,-0.0090,-0.0048,-0.5551,0.0098,0.0021,5.1778,0
511628,0.8317,-0.0091,-0.0048,-0.5551,0.0076,0.0172,5.1836,0
511795,0.8317,-0.0091,-0.0048,-0.5551,0.0123,0.0125,5.1812,0
511962,0.8317,-0.0090,-0.0048,-0.5551,-0.0004,0.0175,5.2000,0
512128,0.8317,-0.0090,-0.0048,-0.5551,0.0019,0.0165,5.1967,0
512295,0.8317,-0.0091,-0.0048,-0.5551,0.0037,0.0197,5.1656,0
512462,0.8317,-0.0090,-0.0048,-0.5551,0.0052,0.0313,5.1796,0
512628,0.8317,-0.0091,-0.0048,-0.5551,0.0161,0.0127,5.1786,0
512795,0.8317,-0.0091,-0.0048,-0.5551,0.0144,0.0237,5.1740,0
512962,0.8317,-0.0090,-0.0048,-0.5551,0.0024,0.0302,5.1830,0
513128,0.8317,-0.0090,-0.0048,-0.5551,0.0053,0.0258,5.1972,0
513295,0.8317,-0.0090,-0.0048,-0.5551,-0.0042,0.0247,5.1993,0
513462,0.8317,-0.0091,-0.0048,-0.5551,0.0155,0.0202,5.1905,0
513628,0.8317,-0.0091,-0.0047,-0.5551,0.0088,0.0155,5.1599,0
513795,0.8317,-0.0090,-0.0047,-0.5551,0.0084,0.0274,5.1910,0
513962,0.8317,-0.0090,-0.0048,-0.5551,0.0119,0.0184,5.1820,0
514128,0.8317,-0.0090,-0.0047,-0.5551,0.0073,0.0373,5.1872,0
514295,0.8317,-0.0090,-0.0047,-0.5551,0.0213,0.0144,5.1699,0
514462,0.8317,-0.0090,-0.0047,-0.5551,0.0030,0.0264,5.1831,0
514628,0.8317,-0.0090,-0.0048,-0.5551,0.0085,0.0166,5.1909,0
514795,0.8318,-0.0090,-0.0047,-0.5550,0.0238,0.0240,5.1732,0
514962,0.8318,-0.0090,-0.0047,-0.5550,0.0016,0.0360,5.1797,0
515128,0.8318,-0.0090,-0.0047,-0.5550,0.0031,0.0312,5.1890,0
515295,0.8318,-0.0090,-0.0047,-0.5550,0.0087,0.0189,5.1466,0
515462,0.8318,-0.0091,-0.0047,-0.5550,0.0072,0.0304,5.1712,0
515628,0.8318,-0.0091,-0.0047,-0.5550,0.0151,0.0102,5.1732,0
515795,0.8318,-0.0091,-0.0047,-0.5550,0.0219,0.0253,5.1834,0
515962,0.8318,-0.0091,-0.0047,-0.5550,0.0168,0.0276,5.1748,0
516128,0.8318,-0.0090,-0.0047,-0.5550,-0.0052,0.0127,5.1913,0
516295,0.8318,-0.0090,-0.0047,-0.5551,0.0125,0.0232,5.2085,0
516462,0.8318,-0.0090,-0.0047,-0.5550,0.0034,0.0186,5.1623,0
516628,0.8318,-0.0090,-0.0047,-0.5550,0.0136,0.0254,5.1693,0
516795,0.8318,-0.0090,-0.0047,-0.5550,0.0195,0.0046,5.1466,0
516962,0.8318,-0.0090,-0.0047,-0.5550,0.0259,0.0203,5.1750,0
517128,0.8318,-0.0091,-0.0047,-0.5550,0.0163,0.0204,5.2126,0
517295,0.8318,-0.0091,-0.0047,-0.5550,0.0196,0.0221,5.1882,0
517462,0.8318,-0.0090,-0.0046,-0.5550,-0.0037,0.0210,5.1649,0
517628,0.8318,-0.0091,-0.0046,-0.5550,0.0086,0.0204,5.1531,0
517795,0.8318,-0.0091,-0.0046,-0.5550,0.0078,0.0222,5.1859,0
517962,0.8318,-0.0090,-0.0046,-0.5550,0.0131,0.0176,5.1911,0
518128,0.8318,-0.0091,-0.0046,-0.5550,0.0068,0.0295,5.1768,0
518295,0.8318,-0.0091,-0.0046,-0.5550,0.0128,0.0160,5.1813,0
518462,0.8318,-0.0091,-0.0046,-0.5550,0.0182,0.0146,5.1939,0
518628,0.8318,-0.0091,-0.0046,-0.5550,0.0064,0.0254,5.1789,0
518795,0.8318,-0.0090,-0.0046,-0.5550,0.0098,0.0126,5.1645,0
518962,0.8318,-0.0091,-0.0046,-0.5550,0.0133,0.0206,5.1838,0
519128,0.8318,-0.0091,-0.0046,-0.5550,0.0116,0.0069,5.1933,0
519295,0.8318,-0.0091,-0.0046,-0.5550,0.0140,0.0156,5.1957,0
519462,0.8318,-0.0091,-0.0046,-0.5550,0.0146,0.0261,5.1895,0
519628,0.8318,-0.0091,-0.0046,-0.5550,0.0103,0.0110,5.1947,0
519795,0.8318,-0.0091,-0.0046,-0.5550,0.0058,0.0214,5.1624,0
519962,0.8318,-0.0090,-0.0046,-0.5550,0.0021,0.0046,5.1752,0
520128,0.8318,-0.0090,-0.0046,-0.5550,0.0115,0.0081,5.1843,0
520295,0.8318,-0.0090,-0.0046,-0.5550,0.0127,0.0134,5.1778,0
520462,0.8318,-0.0090,-0.0046,-0.5550,0.0154,0.0115,5.1802,0
520628,0.8318,-0.0090,-0.0046,-0.5550,0.0013,0.0134,5.1817,0
520795,0.8318,-0.0090,-0.0046,-0.5550,0.0262,0.0200,5.1922,0
520962,0.8318,-0.0090,-0.0046,-0.5550,0.0155,0.0212,5.1712,0
521128,0.8318,-0.0090,-0.0046,-0.5550,0.0117,0.0103,5.1768,0
521295,0.8318,-0.0090,-0.0046,-0.5550,0.0129,0.0274,5.2020,0
521462,0.8318,-0.0090,-0.0046,-0.5550,0.0067,0.0124,5.1872,0
521628,0.8318,-0.0090,-0.0046,-0.5550,0.0032,0.0049,5.1533,0
521795,0.8318,-0.0090,-0.0046,-0.5550,0.0052,0.0208,5.1738,0
521962,0.8318,-0.0090,-0.0046,-0.5550,0.0144,0.0097,5.1862,0
522128,0.8318,-0.0090,-0.0046,-0.5550,0.0122,0.0155,5.1860,0
522295,0.8318,-0.0090,-0.0046,-0.5550,0.0190,0.0173,5.1902,0
522462,0.8318,-0.0090,-0.0046,-0.5550,0.0076,0.0335,5.1977,0
522628,0.8318,-0.0090,-0.0046,-0.5550,0.0192,0.0063,5.1874,0
522795,0.8318,-0.0090,-0.0046,-0.5550,0.0149,0.0243,5.1939,0
522962,0.8318,-0.0091,-0.0046,-0.5550,0.0030,0.0224,5.1923,0
523128,0.8318,-0.0091,-0.0046,-0.5550,0.0197,0.0249,5.1858,0
523295,0.8318,-0.0091,-0.0046,-0.5550,0.0203,0.0192,5.1806,0
523462,0.8318,-0.0091,-0.0046,-0.5550,0.0014,0.0159,5.1852,0
523628,0.8318,-0.0091,-0.0046,-0.5551,0.0021,0.0192,5.1790,0
523795,0.8318,-0.0091,-0.0046,-0.5551,0.0151,0.0146,5.1872,0
523962,0.8318,-0.0091,-0.0046,-0.5551,0.0153,0.0114,5.1795,0
524128,0.8318,-0.0091,-0.0046,-0.5550,0.0097,0.0108,5.1819,0
524295,0.8318,-0.0091,-0.0046,-0.5550,-0.0006,0.0186,5.1892,0
524462,0.8318,-0.0091,-0.0046,-0.5550,0.0028,0.0265,5.1859,0
524628,0.8317,-0.0091,-0.0046,-0.5551,0.0119,0.0244,5.1844,0
524795,0.8317,-0.0091,-0.0046,-0.5551,-0.0045,0.0184,5.1625,0
524962,0.8317,-0.0091,-0.0046,-0.5551,0.0342,0.0181,5.1948,0
525129,0.8317,-0.0091,-0.0046,-0.5551,0.0209,0.0336,5.1911,0
525295,0.8317,-0.0091,-0.0046,-0.5551,0.0115,0.0281,5.1902,0
525462,0.8317,-0.0091,-0.0046,-0.5551,0.0216,0.0188,5.1929,0
525629,0.8317,-0.0091,-0.0046,-0.5551,0.0110,0.0223,5.1620,0
525795,0.8317,-0.0091,-0.0046,-0.5551,0.0090,0.0273,5.1816,0
525962,0.8318,-0.0091,-0.0046,-0.5551,0.0012,0.0171,5.1974,0
526129,0.8318,-0.0091,-0.0046,-0.5550,0.0272,0.0086,5.1705,0
526295,0.8318,-0.0091,-0.0046,-0.5550,0.0017,0.0278,5.1835,0
526462,0.8318,-0.0091,-0.0047,-0.5550,0.0199,0.0218,5.1759,0
526629,0.8318,-0.0091,-0.0047,-0.5550,0.0057,0.0142,5.1919,0
526795,0.8318,-0.0091,-0.0047,-0.5550,0.0040,0.0072,5.1851,0
526962,0.8318,-0.0091,-0.0047,-0.5550,0.0074,0.0074,5.1724,0
527129,0.8318,-0.0091,-0.0048,-0.5550,0.0060,0.0109,5.1707,0
527295,0.8318,-0.0091,-0.0048,-0.5550,0.0206,0.0200,5.1767,0
527462,0.8318,-0.0091,-0.0048,-0.5550,0.0137,0.0159,5.1666,0
527629,0.8318,-0.0091,-0.0048,-0.5550,0.0077,0.0063,5.2080,0
527795,0.8318,-0.0091,-0.0048,-0.5550,0.0034,0.0145,5.2085,0
527962,0.8318,-0.0091,-0.0048,-0.5550,0.0113,0.0101,5.1823,0
528129,0.8318,-0.0091,-0.0048,-0.5550,0.0207,0.0182,5.1642,0
528295,0.8318,-0.0091,-0.0048,-0.5550,0.0069,0.0248,5.1598,0
528462,0.8318,-0.0091,-0.0048,-0.5550,0.0168,0.0292,5.1783,0
528629,0.8318,-0.0091,-0.0048,-0.5550,0.0122,0.0115,5.1861,0
528795,0.8318,-0.0091,-0.0048,-0.5550,0.0228,0.0361,5.2007,0
528962,0.8318,-0.0091,-0.0048,-0.5550,0.0157,0.0138,5.1905,0
529129,0.8318,-0.0091,-0.0048,-0.5550,0.0120,0.0242,5.2104,0
529295,0.8318,-0.0091,-0.0048,-0.5550,-0.0077,0.0101,5.1845,0
529462,0.8318,-0.0091,-0.0048,-0.5550,0.0044,0.0153,5.1880,0
529629,0.8318,-0.0091,-0.0048,-0.5550,0.0007,0.0176,5.1743,0
529795,0.8318,-0.0091,-0.0048,-0.5550,0.0091,0.0280,5.1858,0
529962,0.8318,-0.0091,-0.0048,-0.5550,0.0076,0.0179,5.2103,0
530129,0.8318,-0.0091,-0.0048,-0.5550,0.0156,0.0156,5.1623,0
530295,0.8318,-0.0091,-0.0048,-0.5550,0.0148,0.0132,5.1840,0
530462,0.8318,-0.0091,-0.0048,-0.5550,0.0048,0.0144,5.1857,0
530629,0.8318,-0.0091,-0.0048,-0.5550,0.0049,0.0332,5.1721,0
530795,0.8318,-0.0091,-0.0048,-0.5550,0.0075,0.0228,5.1899,0
530962,0.8318,-0.0091,-0.0048,-0.5550,0.0119,0.0308,5.1709,0
531129,0.8318,-0.0091,-0.0048,-0.5550,0.0118,0.0263,5.1770,0
531295,0.8318,-0.0091,-0.0048,-0.5550,0.0179,0.0095,5.2001,0
531462,0.8318,-0.0091,-0.0048,-0.5550,0.0138,0.0272,5.1831,0
531629,0.8318,-0.0091,-0.0048,-0.5550,0.0088,0.0277,5.1635,0
531795,0.8318,-0.0091,-0.0048,-0.5550,0.0113,0.0077,5.1773,0
531962,0.8318,-0.0091,-0.0048,-0.5550,0.0175,0.0283,5.1851,0
532129,0.8318,-0.0091,-0.0048,-0.5550,0.0111,0.0221,5.1854,0
532295,0.8318,-0.0091,-0.0048,-0.5550,0.0082,0.0340,5.1724,0
532462,0.8318,-0.0091,-0.0048,-0.5550,0.0081,0.0244,5.1797,0
532629,0.8318,-0.0091,-0.0048,-0.5550,0.0150,0.0108,5.1819,0
532795,0.8318,-0.0091,-0.0048,-0.5550,0.0176,0.0177,5.1876,0
532962,0.8318,-0.0091,-0.0048,-0.5550,0.0042,0.0105,5.1804,0
533129,0.8318,-0.0091,-0.0048,-0.5550,0.0168,0.0330,5.1819,0
533295,0.8318,-0.0091,-0.0048,-0.5550,0.0141,0.0251,5.1663,0
533462,0.8318,-0.0091,-0.0048,-0.5550,0.0115,0.0170,5.1840,0
533629,0.8318,-0.0091,-0.0048,-0.5550,0.0100,0.0319,5.1599,0
533795,0.8318,-0.0091,-0.0048,-0.5550,0.0048,0.0135,5.1744,0
533962,0.8318,-0.0091,-0.0048,-0.5550,0.0172,0.0325,5.1812,0
534129,0.8318,-0.0091,-0.0048,-0.5550,0.0005,0.0175,5.1912,0
534295,0.8318,-0.0091,-0.0048,-0.5550,0.0016,0.0172,5.1773,0
534462,0.8318,-0.0091,-0.0048,-0.5550,0.0156,0.0159,5.1764,0
534629,0.8318,-0.0091,-0.0048,-0.5550,0.0105,0.0157,5.1789,0
534795,0.8318,-0.0091,-0.0048,-0.5550,-0.0032,0.0093,5.1696,0
534962,0.8318,-0.0091,-0.0048,-0.5550,0.0059,0.0181,5.1707,0
535129,0.8318,-0.0091,-0.0047,-0.5550,0.0156,0.0035,5.1864,0
535295,0.8318,-0.0091,-0.0047,-0.5550,0.0173,0.0120,5.1853,0
535462,0.8318,-0.0091,-0.0047,-0.5550,0.0074,0.0231,5.1712,0
535629,0.8318,-0.0091,-0.0047,-0.5550,-0.0043,0.0084,5.1647,0
535795,0.8318,-0.0091,-0.0047,-0.5550,0.0011,0.0276,5.1761,0
535962,0.8318,-0.0091,-0.0047,-0.5550,0.0092,0.0170,5.2005,0
536129,0.8318,-0.0091,-0.0047,-0.5550,0.0172,0.0240,5.1699,0
536295,0.8318,-0.0091,-0.0047,-0.5550,0.0038,0.0143,5.1850,0
536462,0.8318,-0.0091,-0.0047,-0.5550,0.0217,0.0273,5.1748,0
536629,0.8318,-0.0091,-0.0047,-0.5550,0.0293,0.0190,5.1845,0
536795,0.8318,-0.0091,-0.0047,-0.5550,0.0198,0.0118,5.1827,0
536962,0.9999,-0.0049,-0.0090,-0.0000,-0.0140,0.0205,5.1900,0
537129,0.9999,-0.0050,-0.0090,-0.0000,-0.0051,0.0177,5.1752,0
537295,0.9999,-0.0050,-0.0090,-0.0001,-0.0102,0.0294,5.1731,0
537462,0.9999,-0.0050,-0.0090,-0.0001,-0.0049,0.0274,5.1900,0
537629,0.9999,-0.0050,-0.0090,-0.0001,-0.0088,0.0164,5.1783,0
537795,0.9999,-0.0050,-0.0090,-0.0001,-0.0101,0.0177,5.1914,0
537962,0.9999,-0.0050,-0.0090,-0.0001,-0.0091,0.0197,5.1763,0
538129,0.9999,-0.0049,-0.0090,-0.0001,-0.0132,0.0215,5.1914,0
538295,0.9999,-0.0049,-0.0090,-0.0001,-0.0193,0.0226,5.1882,0
538462,0.9999,-0.0049,-0.0090,-0.0001,-0.0114,0.0140,5.1801,0
538629,0.9999,-0.0049,-0.0090,-0.0001,-0.0140,0.0250,5.1919,0
538795,0.9999,-0.0050,-0.0090,-0.0001,-0.0079,0.0185,5.1716,0
538962,0.9999,-0.0050,-0.0090,-0.0001,-0.0136,0.0135,5.1936,0
539129,0.9999,-0.0049,-0.0090,-0.0001,-0.0275,0.0275,5.1733,0
539295,0.9999,-0.0049,-0.0090,-0.0001,-0.0193,0.0223,5.1770,0
539462,0.9999,-0.0049,-0.0090,-0.0001,-0.0200,0.0191,5.1836,0
539629,0.9999,-0.0049,-0.0090,-0.0001,-0.0093,0.0185,5.2043,0
539795,0.9999,-0.0049,-0.0090,-0.0001,-0.0249,0.0362,5.1922,0
539962,0.9999,-0.0049,-0.0090,-0.0001,-0.0082,0.0158,5.1860,0
540129,0.9999,-0.0049,-0.0090,-0.0001,-0.0130,0.0211,5.1806,0
540295,0.9999,-0.0049,-0.0090,-0.0001,-0.0198,0.0123,5.1642,0
540462,0.9999,-0.0049,-0.0089,-0.0001,-0.0224,0.0211,5.1842,0
540629,0.9999,-0.0049,-0.0089,-0.0001,-0.0297,0.0195,5.1924,0
540795,0.9999,-0.0049,-0.0089,-0.0001,-0.0128,0.0095,5.1969,0
540962,0.9999,-0.0049,-0.0089,-0.0001,-0.0130,0.0215,5.1896,0
541129,0.9999,-0.0049,-0.0089,-0.0001,-0.0120,0.0076,5.1848,0
541295,0.9999,-0.0049,-0.0089,-0.0001,-0.0083,0.0062,5.1755,0
541462,0.9999,-0.0049,-0.0089,-0.0001,-0.0028,0.0166,5.2025,0
541629,0.9999,-0.0049,-0.0089,-0.0001,-0.0238,0.0095,5.1756,0
541796,0.9999,-0.0049,-0.0089,-0.0001,-0.0118,0.0068,5.1687,0
541962,0.9999,-0.0049,-0.0089,-0.0001,-0.0041,0.0221,5.1689,0
542129,0.9999,-0.0049,-0.0089,-0.0001,-0.0064,0.0305,5.1642,0
542296,0.9999,-0.0049,-0.0089,-0.0001,-0.0046,0.0220,5.1706,0
542462,0.9999,-0.0049,-0.0089,-0.0001,-0.0149,0.0276,5.1788,0
542629,0.9999,-0.0049,-0.0089,-0.0001,-0.0138,0.0116,5.1826,0
542796,0.9999,-0.0049,-0.0089,-0.0001,-0.0122,0.0196,5.1798,0
542962,0.9999,-0.0049,-0.0089,-0.0001,-0.0190,0.0184,5.1986,0
543129,0.9999,-0.0049,-0.0089,-0.0001,-0.0063,0.0185,5.1816,0
543296,0.9999,-0.0049,-0.0089,-0.0001,-0.0073,0.0117,5.1896,0
543462,0.9999,-0.0049,-0.0089,-0.0001,-0.0198,0.0161,5.1885,0
543629,0.9999,-0.0049,-0.0089,-0.0001,-0.0042,0.0205,5.1680,0
543796,0.9999,-0.0049,-0.0089,-0.0001,-0.0024,0.0010,5.1877,0
543962,0.9999,-0.0049,-0.0089,-0.0001,-0.0076,0.0047,5.1946,0
544129,0.9999,-0.0049,-0.0089,-0.0001,-0.0044,0.0058,5.1921,0
544296,0.9999,-0.0049,-0.0089,-0.0001,-0.0033,0.0071,5.1598,0
544462,0.9999,-0.0049,-0.0089,-0.0001,-0.0236,0.0176,5.1751,0
544629,0.9999,-0.0049,-0.0089,-0.0001,-0.0156,0.0233,5.1801,0
544796,0.9999,-0.0049,-0.0089,-0.0001,-0.0276,0.0222,5.1681,0
544962,0.9999,-0.0049,-0.0089,-0.0001,-0.0264,0.0157,5.1690,0
545129,0.9999,-0.0049,-0.0089,-0.0001,-0.0074,0.0232,5.2009,0
545296,0.9999,-0.0049,-0.0089,-0.0001,-0.0211,0.0139,5.1816,0
545462,0.9999,-0.0049,-0.0089,-0.0001,-0.0068,0.0196,5.1810,0
545629,0.9999,-0.0050,-0.0089,-0.0001,-0.0146,0.0182,5.1838,0
545796,0.9999,-0.0050,-0.0089,-0.0001,-0.0128,0.0269,5.1742,0
545962,0.9999,-0.0050,-0.0089,-0.0001,-0.0078,0.0266,5.1846,0
546129,0.9999,-0.0050,-0.0089,-0.0001,-0.0116,0.0267,5.1634,0
546296,0.9999,-0.0050,-0.0089,-0.0001,-0.0227,0.0254,5.1876,0
546462,0.9999,-0.0049,-0.0089,-0.0000,-0.0151,0.0159,5.1784,0
546629,0.9999,-0.0049,-0.0089,-0.0000,-0.0190,0.0208,5.1831,0
546796,0.9999,-0.0049,-0.0089,-0.0000,-0.0025,0.0152,5.2108,0
546962,0.9999,-0.0049,-0.0089,-0.0000,-0.0166,0.0138,5.1773,0
547129,0.9999,-0.0049,-0.0089,-0.0000,-0.0035,0.0142,5.1974,0
547296,0.9999,-0.0049,-0.0089,-0.0000,0.0151,0.0250,5.1726,0
547462,0.9999,-0.0049,-0.0089,-0.0000,-0.0125,0.0267,5.1841,0
547629,0.9999,-0.0049,-0.0089,-0.0000,-0.0121,0.0235,5.1963,0
547796,0.9999,-0.0049,-0.0089,-0.0000,-0.0014,0.0213,5.1774,0
547962,0.9999,-0.0049,-0.0089,-0.0000,-0.0095,0.0075,5.1487,0
548129,0.9999,-0.0049,-0.0089,-0.0000,-0.0294,0.0215,5.1719,0
548296,0.9999,-0.0049,-0.0089,-0.0000,-0.0143,0.0110,5.1576,0
548462,0.9999,-0.0049,-0.0089,-0.0000,-0.0066,0.0209,5.1608,0
548629,0.9999,-0.0049,-0.0089,-0.0000,-0.0115,0.0107,5.1839,0
548796,0.9999,-0.0049,-0.0089,-0.0000,-0.0221,0.0154,5.1827,0
548962,0.9999,-0.0049,-0.0089,-0.0000,-0.0128,0.0335,5.1745,0
549129,0.9999,-0.0049,-0.0089,-0.0000,-0.0176,0.0330,5.1683,0
549296,0.9999,-0.0049,-0.0089,-0.0000,-0.0266,0.0279,5.1831,0
549462,0.9999,-0.0049,-0.0089,-0.0000,-0.0205,0.0268,5.1796,0
549629,0.9999,-0.0049,-0.0089,-0.0000,-0.0191,0.0170,5.1827,0
549796,0.9999,-0.0049,-0.0089,-0.0000,-0.0043,0.0141,5.1823,0
549962,0.9999,-0.0049,-0.0089,-0.0000,-0.0008,0.0153,5.1771,0
550129,0.9999,-0.0049,-0.0089,-0.0000,-0.0308,0.0250,5.1801,0
550296,0.9999,-0.0049,-0.0089,-0.0000,-0.0137,0.0151,5.1882,0
550462,0.9999,-0.0049,-0.0089,-0.0000,-0.0187,0.0215,5.1727,0
550629,0.9999,-0.0049,-0.0089,-0.0000,-0.0212,0.0167,5.1766,0
550796,0.9999,-0.0049,-0.0089,-0.0001,-0.0159,0.0140,5.1858,0
550962,0.9999,-0.0049,-0.0089,-0.0000,-0.0129,0.0095,5.1812,0
551129,0.9999,-0.0049,-0.0089,-0.0000,-0.0052,0.0207,5.1759,0
551296,0.9999,-0.0049,-0.0089,-0.0000,-0.0152,0.0231,5.1960,0
551462,0.9999,-0.0049,-0.0089,-0.0000,-0.0189,0.0123,5.1731,0
551629,0.9999,-0.0049,-0.0089,-0.0000,0.0028,0.0150,5.1701,0
551796,0.9999,-0.0049,-0.0089,-0.0000,-0.0092,0.0159,5.1938,0
551962,0.9999,-0.0049,-0.0089,-0.0000,-0.0118,0.0122,5.1571,0
552129,0.9999,-0.0049,-0.0089,-0.0000,-0.0147,0.0109,5.1668,0
552296,0.9999,-0.0049,-0.0089,-0.0000,-0.0243,0.0179,5.1706,0
552462,0.9999,-0.0049,-0.0089,-0.0000,-0.0153,0.0157,5.1968,0
552629,0.9999,-0.0049,-0.0089,-0.0000,-0.0177,0.0322,5.1731,0
552796,0.9999,-0.0049,-0.0089,-0.0000,-0.0151,0.0222,5.2001,0
552962,0.9999,-0.0049,-0.0089,-0.0000,-0.0051,0.0287,5.1877,0
553129,0.9999,-0.0049,-0.0089,-0.0000,-0.0122,0.0205,5.1691,0
553296,0.9999,-0.0049,-0.0089,-0.0000,-0.0056,0.0297,5.1749,0
553462,0.9999,-0.0049,-0.0089,-0.0000,-0.0061,0.0170,5.1696,0
553629,0.9999,-0.0049,-0.0089,-0.0000,-0.0081,0.0129,5.1672,0
553796,0.9999,-0.0049,-0.0089,-0.0000,-0.0118,0.0286,5.1663,0
553962,0.9999,-0.0049,-0.0089,-0.0000,-0.0005,0.0229,5.1772,0
554129,0.9999,-0.0049,-0.0089,-0.0000,-0.0214,0.0250,5.1775,0
554296,0.9999,-0.0049,-0.0089,-0.0000,-0.0111,0.0179,5.1995,0
554462,0.9999,-0.0049,-0.0089,-0.0000,-0.0299,0.0169,5.1881,0
554629,0.9999,-0.0049,-0.0089,-0.0000,-0.0194,0.0199,5.1790,0
554796,0.9999,-0.0049,-0.0089,-0.0000,-0.0242,0.0177,5.1886,0
554962,0.9999,-0.0049,-0.0089,-0.0000,-0.0157,0.0184,5.1909,0
555129,0.9999,-0.0049,-0.0089,-0.0000,-0.0161,0.0240,5.1616,0
555296,0.9999,-0.0049,-0.0089,-0.0000,-0.0155,0.0242,5.1741,0
555462,0.9999,-0.0049,-0.0089,-0.0001,-0.0146,0.0265,5.1645,0
555629,0.9999,-0.0049,-0.0089,-0.0001,-0.0132,0.0146,5.1794,0
555796,0.9999,-0.0049,-0.0089,-0.0001,-0.0152,0.0207,5.1672,0
555962,0.9999,-0.0049,-0.0089,-0.0001,-0.0106,0.0212,5.1756,0
556129,0.9999,-0.0049,-0.0089,-0.0001,-0.0244,0.0116,5.1854,0
556296,0.9999,-0.0049,-0.0089,-0.0001,-0.0158,0.0296,5.1938,0
556462,0.9999,-0.0049,-0.0089,-0.0001,-0.0140,0.0150,5.1648,0
556629,0.9999,-0.0049,-0.0089,-0.0001,-0.0034,0.0182,5.1616,0
556796,0.9999,-0.0049,-0.0089,-0.0000,-0.0091,0.0149,5.1974,0
556962,0.9999,-0.0049,-0.0089,-0.0001,-0.0093,0.0168,5.1779,0
557129,0.9999,-0.0049,-0.0089,-0.0001,-0.0135,0.0224,5.1759,0
557296,0.9999,-0.0049,-0.0089,-0.0001,0.0016,0.0075,5.1831,0
557462,0.9999,-0.0049,-0.0089,-0.0001,-0.0215,0.0165,5.1881,0
557629,0.9999,-0.0049,-0.0089,-0.0001,-0.0043,0.0243,5.1659,0
557796,0.9999,-0.0049,-0.0089,-0.0000,-0.0088,0.0077,5.1706,0
557962,0.9999,-0.0049,-0.0089,-0.0000,-0.0164,0.0150,5.1751,0
558129,0.9999,-0.0049,-0.0089,-0.0000,-0.0079,0.0068,5.2085,0
558296,0.9999,-0.0049,-0.0089,-0.0000,-0.0088,0.0197,5.1805,0
558463,0.9999,-0.0049,-0.0089,-0.0001,-0.0112,0.0104,5.1775,0
558629,0.9999,-0.0049,-0.0089,-0.0001,-0.0065,0.0139,5.1692,0
558796,0.9999,-0.0049,-0.0089,-0.0001,-0.0146,0.0174,5.1701,0
558963,0.9999,-0.0049,-0.0089,-0.0000,-0.0067,0.0276,5.1697,0
559129,0.9999,-0.0049,-0.0089,-0.0000,-0.0104,0.0127,5.1911,0
559296,0.9999,-0.0049,-0.0089,-0.0001,-0.0200,0.0094,5.1796,0
559463,0.9999,-0.0049,-0.0089,-0.0001,-0.0098,0.0012,5.1671,0
559629,0.9999,-0.0049,-0.0089,-0.0001,-0.0159,0.0239,5.1669,0
559796,0.9999,-0.0049,-0.0089,-0.0001,-0.0102,0.0223,5.1857,0
559963,0.9999,-0.0049,-0.0089,-0.0001,0.0014,0.0223,5.1691,0
560129,0.9999,-0.0049,-0.0089,-0.0001,0.0049,0.0161,5.1944,0
560296,0.9999,-0.0049,-0.0089,-0.0001,-0.0240,0.0073,5.1582,0
560463,0.9999,-0.0049,-0.0089,-0.0001,-0.0205,0.0120,5.1886,0
560629,0.9999,-0.0049,-0.0089,-0.0001,-0.0160,0.0214,5.1558,0
560796,0.9999,-0.0049,-0.0089,-0.0001,-0.0092,0.0105,5.1729,0
560963,0.9999,-0.0049,-0.0089,-0.0001,-0.0175,0.0068,5.1900,0
561129,0.9999,-0.0049,-0.0090,-0.0001,-0.0188,0.0131,5.1847,0
561296,0.9999,-0.0049,-0.0090,-0.0001,-0.0115,0.0160,5.2004,0
561463,0.9999,-0.0049,-0.0090,-0.0001,-0.0082,0.0230,5.1962,0
561629,0.9999,-0.0049,-0.0090,-0.0001,-0.0160,0.0055,5.1988,0
561796,0.9999,-0.0049,-0.0090,-0.0001,-0.0201,0.0207,5.1874,0
561963,0.9999,-0.0049,-0.0090,-0.0001,-0.0163,0.0107,5.1840,0
562129,0.9999,-0.0049,-0.0090,-0.0001,-0.0151,0.0093,5.1969,0
562296,0.9999,-0.0049,-0.0090,-0.0001,-0.0145,0.0148,5.1885,0
562463,0.9999,-0.0049,-0.0090,-0.0001,-0.0136,0.0220,5.1737,0
562629,0.9999,-0.0049,-0.0089,-0.0001,-0.0255,0.0260,5.1819,0
562796,0.9999,-0.0049,-0.0090,-0.0001,-0.0124,0.0165,5.1855,0
562963,0.9999,-0.0049,-0.0089,-0.0001,-0.0171,0.0028,5.1722,0
563129,0.9999,-0.0049,-0.0089,-0.0001,-0.0145,0.0213,5.1600,0
563296,0.9999,-0.0049,-0.0089,-0.0001,-0.0109,0.0089,5.1774,0
563463,0.9999,-0.0049,-0.0089,-0.0001,-0.0238,0.0161,5.1788,0
563629,0.9999,-0.0049,-0.0089,-0.0001,-0.0088,0.0094,5.1777,0
563796,0.9999,-0.0049,-0.0089,-0.0001,-0.0116,0.0237,5.1955,0
563963,0.9999,-0.0049,-0.0089,-0.0001,-0.0243,0.0148,5.1838,0
564129,0.9999,-0.0049,-0.0090,-0.0001,-0.0145,0.0122,5.1648,0
564296,0.9999,-0.0049,-0.0090,-0.0001,-0.0221,0.0198,5.1724,0
564463,0.9999,-0.0049,-0.0089,-0.0001,-0.0215,0.0094,5.1843,0
564629,0.9999,-0.0049,-0.0089,-0.0001,-0.0166,0.0213,5.1833,0
564796,0.9999,-0.0049,-0.0089,-0.0001,-0.0078,0.0351,5.1989,0
564963,0.9999,-0.0049,-0.0090,-0.0001,-0.0193,0.0109,5.1668,0
565129,0.9999,-0.0049,-0.0090,-0.0001,-0.0062,0.0279,5.1966,0
565296,0.9999,-0.0049,-0.0090,-0.0001,-0.0201,0.0119,5.1760,0
565463,0.9999,-0.0049,-0.0090,-0.0001,-0.0051,0.0162,5.1811,0
565629,0.9999,-0.0049,-0.0090,-0.0001,-0.0240,0.0192,5.1919,0
565796,0.9999,-0.0049,-0.0090,-0.0001,-0.0150,0.0193,5.1946,0
565963,0.9999,-0.0049,-0.0090,-0.0001,-0.0222,0.0240,5.1617,0
566129,0.9999,-0.0049,-0.0090,-0.0001,-0.0199,0.0290,5.1640,0
566296,0.9999,-0.0049,-0.0090,-0.0001,-0.0202,0.0228,5.1626,0
566463,0.9999,-0.0049,-0.0089,-0.0000,-0.0122,0.0144,5.1803,0
566629,0.9999,-0.0049,-0.0089,-0.0000,-0.0068,0.0135,5.1817,0
566796,0.9999,-0.0049,-0.0089,-0.0000,-0.0029,0.0047,5.1919,0
566963,0.9999,-0.0049,-0.0089,-0.0000,-0.0137,0.0202,5.1962,0
567129,0.9999,-0.0049,-0.0089,-0.0000,-0.0126,0.0159,5.1868,0
567296,0.9999,-0.0049,-0.0089,-0.0000,-0.0321,0.0184,5.1728,0
567463,0.9999,-0.0049,-0.0089,-0.0000,-0.0061,0.0215,5.1810,0
567629,0.9999,-0.0049,-0.0089,-0.0000,-0.0155,0.0256,5.1822,0
567796,0.9999,-0.0049,-0.0089,-0.0000,-0.0143,0.0180,5.1817,0
567963,0.9999,-0.0049,-0.0089,-0.0000,-0.0096,0.0135,5.1563,0
568129,0.9999,-0.0049,-0.0089,-0.0000,-0.0007,0.0135,5.1821,0
568296,0.9999,-0.0049,-0.0089,-0.0000,-0.0037,0.0308,5.1820,0
568463,0.9999,-0.0049,-0.0089,-0.0000,-0.0169,0.0197,5.1598,0
568629,0.9999,-0.0049,-0.0089,-0.0000,-0.0240,0.0177,5.1605,0
568796,0.9999,-0.0049,-0.0089,-0.0000,-0.0048,0.0223,5.1913,0
568963,0.9999,-0.0049,-0.0089,-0.0000,-0.0064,0.0143,5.1921,0
569129,0.9999,-0.0049,-0.0089,-0.0000,-0.0117,0.0179,5.1837,0
569296,0.9999,-0.0049,-0.0089,-0.0000,-0.0062,0.0145,5.1753,0
569463,0.9999,-0.0049,-0.0089,-0.0000,-0.0075,0.0204,5.1665,0
569629,0.9999,-0.0049,-0.0089,0.0000,-0.0001,0.0212,5.1803,0
569796,0.9999,-0.0049,-0.0089,0.0000,-0.0114,0.0179,5.1834,0
569963,0.9999,-0.0049,-0.0089,0.0000,-0.0143,0.0174,5.1904,0
570129,0.9999,-0.0049,-0.0089,-0.0000,-0.0165,0.0273,5.1793,0
570296,0.9999,-0.0049,-0.0089,-0.0000,-0.0073,0.0099,5.1780,0
570463,0.9999,-0.0049,-0.0089,-0.0000,-0.0093,0.0113,5.1963,0
570629,0.9999,-0.0049,-0.0089,0.0000,-0.0074,0.0102,5.1802,0
570796,0.9999,-0.0049,-0.0089,0.0000,-0.0116,0.0171,5.1728,0
570963,0.9999,-0.0049,-0.0089,0.0000,-0.0126,0.0166,5.1810,0
571129,0.9999,-0.0049,-0.0089,0.0000,-0.0139,0.0195,5.1848,0
571296,0.9999,-0.0049,-0.0089,0.0000,-0.0071,0.0122,5.1721,0
571463,0.9999,-0.0049,-0.0089,0.0000,-0.0114,0.0160,5.1800,0
571629,0.9999,-0.0049,-0.0089,0.0000,-0.0057,0.0163,5.1871,0
571796,0.9999,-0.0049,-0.0089,0.0000,-0.0152,0.0185,5.2086,0
571963,0.9999,-0.0049,-0.0089,-0.0000,-0.0174,0.0136,5.1909,0
572129,0.9999,-0.0049,-0.0089,0.0000,-0.0091,0.0164,5.1813,0
572296,0.9999,-0.0049,-0.0089,-0.0000,-0.0112,0.0137,5.2033,0
572463,0.9999,-0.0048,-0.0089,0.0000,-0.0179,0.0125,5.1810,0
572629,0.9999,-0.0049,-0.0089,0.0000,-0.0172,0.0111,5.1832,0
572796,0.9999,-0.0049,-0.0089,0.0000,-0.0197,0.0095,5.1731,0
572963,0.9999,-0.0049,-0.0089,-0.0000,-0.0165,0.0179,5.1835,0
573129,0.9999,-0.0049,-0.0089,-0.0000,-0.0248,0.0314,5.1870,0
573296,0.9999,-0.0049,-0.0089,-0.0000,-0.0091,0.0172,5.1852,0
573463,0.9999,-0.0048,-0.0089,-0.0000,-0.0120,0.0135,5.1958,0
573629,0.9999,-0.0048,-0.0089,-0.0000,-0.0220,0.0170,5.2069,0
573796,0.9999,-0.0048,-0.0089,-0.0000,-0.0038,0.0194,5.1812,0
573963,0.9999,-0.0048,-0.0089,-0.0000,-0.0098,0.0089,5.1981,0
574129,0.9999,-0.0048,-0.0089,-0.0000,-0.0146,0.0156,5.1770,0
574296,0.9999,-0.0048,-0.0089,-0.0000,-0.0190,0.0151,5.2011,0
574463,0.9999,-0.0048,-0.0089,-0.0000,-0.0242,0.0103,5.1960,0
574629,0.9999,-0.0048,-0.0089,-0.0000,-0.0112,0.0059,5.1674,0
574796,0.9999,-0.0048,-0.0089,-0.0000,-0.0265,0.0177,5.2036,0
574963,0.9999,-0.0048,-0.0089,-0.0001,-0.0252,0.0209,5.1848,0
575130,0.9999,-0.0048,-0.0089,-0.0001,-0.0088,0.0149,5.1827,0
575296,0.9999,-0.0048,-0.0089,-0.0001,-0.0104,0.0197,5.1920,0
575463,0.9999,-0.0048,-0.0089,-0.0000,-0.0192,0.0208,5.2005,0
575630,0.9999,-0.0048,-0.0089,-0.0000,-0.0183,0.0090,5.1774,0
575796,0.9999,-0.0048,-0.0089,-0.0000,-0.0065,0.0021,5.1768,0
575963,0.9999,-0.0048,-0.0089,-0.0000,-0.0141,0.0095,5.1901,0
576130,0.9999,-0.0048,-0.0089,-0.0000,-0.0146,0.0221,5.1685,0
576296,0.9999,-0.0048,-0.0089,-0.0001,-0.0096,0.0126,5.1826,0
576463,0.9999,-0.0048,-0.0089,-0.0001,-0.0130,0.0191,5.1973,0
576630,0.9999,-0.0048,-0.0089,-0.0001,-0.0220,0.0066,5.1731,0
576796,0.9999,-0.0048,-0.0089,-0.0000,-0.0118,0.0051,5.1721,0
576963,0.9999,-0.0048,-0.0089,-0.0000,-0.0103,0.0072,5.1805,0
577130,0.9999,-0.0048,-0.0089,-0.0000,-0.0137,0.0172,5.1717,0
577296,0.9999,-0.0048,-0.0089,-0.0000,-0.0193,0.0182,5.1807,0
577463,0.9999,-0.0048,-0.0089,-0.0000,-0.0096,0.0067,5.1545,0
577630,0.9999,-0.0048,-0.0089,-0.0000,-0.0136,0.0022,5.1861,0
577796,0.9999,-0.0048,-0.0089,-0.0000,-0.0052,0.0102,5.1729,0
577963,0.9999,-0.0048,-0.0089,-0.0000,-0.0178,0.0183,5.1804,0
578130,0.9999,-0.0048,-0.0089,-0.0000,-0.0201,0.0151,5.1916,0
578296,0.9999,-0.0048,-0.0089,-0.0000,-0.0195,0.0194,5.1926,0
578463,0.9999,-0.0048,-0.0089,-0.0000,-0.0239,0.0054,5.2013,0
578630,0.9999,-0.0048,-0.0089,-0.0000,-0.0131,0.0182,5.1630,0
578796,0.9999,-0.0048,-0.0089,-0.0000,-0.0142,0.0159,5.1880,0
578963,0.9999,-0.0048,-0.0089,-0.0000,-0.0158,0.0122,5.1785,0
579130,0.9999,-0.0048,-0.0089,-0.0000,-0.0159,0.0181,5.1768,0
579296,0.9999,-0.0048,-0.0089,-0.0000,-0.0181,0.0055,5.1716,0
579463,0.9999,-0.0048,-0.0089,-0.0000,-0.0159,0.0108,5.1661,0
579630,0.9999,-0.0048,-0.0089,-0.0000,-0.0079,0.0186,5.1764,0
579796,0.9999,-0.0048,-0.0089,-0.0000,-0.0191,0.0118,5.1701,0
579963,0.9999,-0.0048,-0.0089,-0.0000,-0.0059,0.0239,5.1661,0
580130,0.9999,-0.0048,-0.0089,-0.0000,-0.0120,0.0122,5.1818,0
580296,0.9999,-0.0048,-0.0089,-0.0000,-0.0168,0.0105,5.1752,0
580463,0.9999,-0.0048,-0.0089,-0.0000,-0.0099,0.0133,5.1788,0
580630,0.9999,-0.0048,-0.0089,-0.0000,-0.0158,0.0027,5.1676,0
580796,0.9999,-0.0048,-0.0089,-0.0000,-0.0177,0.0054,5.1845,0
580963,0.9999,-0.0048,-0.0089,-0.0000,-0.0097,0.0250,5.1843,0
581130,0.9999,-0.0048,-0.0090,-0.0000,-0.0013,0.0147,5.1676,0
581296,0.9999,-0.0048,-0.0090,-0.0000,-0.0110,0.0075,5.1797,0
581463,0.9999,-0.0048,-0.0090,-0.0000,-0.0268,0.0099,5.1712,0
581630,0.9999,-0.0048,-0.0090,-0.0000,-0.0118,0.0188,5.1582,0
581796,0.9999,-0.0048,-0.0090,-0.0000,-0.0270,0.0066,5.1746,0
581963,0.9999,-0.0048,-0.0090,-0.0000,-0.0181,0.0020,5.1770,0
582130,0.9999,-0.0048,-0.0090,-0.0000,-0.0166,0.0205,5.1801,0
582296,0.9999,-0.0048,-0.0090,-0.0000,-0.0168,0.0128,5.1813,0
582463,0.9999,-0.0048,-0.0090,-0.0001,-0.0056,0.0071,5.1949,0
582630,0.9999,-0.0048,-0.0090,-0.0001,-0.0166,0.0130,5.1873,0
582796,0.9999,-0.0048,-0.0090,-0.0001,-0.0155,0.0130,5.1650,0
582963,0.9999,-0.0047,-0.0090,-0.0001,-0.0210,0.0071,5.1856,0
583130,0.9999,-0.0047,-0.0090,-0.0001,-0.0081,0.0010,5.1955,0
583296,0.9999,-0.0047,-0.0090,-0.0001,-0.0092,0.0126,5.1841,0
583463,0.9999,-0.0047,-0.0090,-0.0001,-0.0223,0.0045,5.2040,0
583630,0.9999,-0.0047,-0.0090,-0.0001,-0.0220,0.0083,5.1828,0
583796,0.9999,-0.0047,-0.0090,-0.0001,-0.0224,0.0055,5.1787,0
583963,0.9999,-0.0047,-0.0090,-0.0001,-0.0055,0.0104,5.1721,0
584130,0.9999,-0.0047,-0.0090,-0.0001,-0.0166,0.0143,5.1895,0
584296,0.9999,-0.0047,-0.0090,-0.0001,-0.0100,0.0109,5.1872,0
584463,0.9999,-0.0047,-0.0090,-0.0001,-0.0165,0.0022,5.1706,0
584630,0.9999,-0.0047,-0.0090,-0.0001,-0.0150,0.0156,5.1760,0
584796,0.9999,-0.0047,-0.0090,-0.0001,-0.0232,0.0139,5.1978,0
584963,0.9999,-0.0047,-0.0090,-0.0001,-0.0144,0.0090,5.2047,0
585130,0.9999,-0.0047,-0.0090,-0.0001,-0.0164,0.0243,5.1914,0
585296,0.9999,-0.0047,-0.0090,-0.0001,-0.0246,0.0196,5.1513,0
585463,0.9999,-0.0047,-0.0090,-0.0001,-0.0103,0.0117,5.1949,0
585630,0.9999,-0.0047,-0.0090,-0.0001,-0.0267,0.0239,5.1699,0
585796,0.9999,-0.0047,-0.0090,-0.0001,-0.0167,0.0085,5.1642,0
585963,0.9999,-0.0047,-0.0090,-0.0001,-0.0047,0.0107,5.1755,0
586130,0.9999,-0.0047,-0.0090,-0.0001,-0.0182,0.0056,5.1751,0
586296,0.9999,-0.0047,-0.0090,-0.0001,-0.0096,0.0097,5.1698,0
586463,0.8318,-0.0091,-0.0047,-0.5549,0.0225,0.0238,5.1608,0
586630,0.8318,-0.0091,-0.0047,-0.5549,0.0183,0.0127,5.1784,0
586796,0.8318,-0.0091,-0.0047,-0.5549,0.0099,0.0121,5.1692,0
586963,0.8318,-0.0091,-0.0047,-0.5549,0.0156,0.0186,5.1968,0
587130
587296
