DeviceTag: Movella DOT,FirmwareVersion: 3.0.0,AppVersion: 2023.6.0,SyncStatus: Unknown (Synced/Un-synced),OutputRate: 60,FilterProfile: Unknown,Measurement Mode: Sensor fusion Mode - Extended (Quaternion),StartTime: 2025-12-06 12:36:15.715,Â© Movella Technologies B.V. 2005-2025
SampleTimeFine,Euler_X,Euler_Y,Euler_Z,FreeAcc_X,FreeAcc_Y,FreeAcc_Z,Status
128471,0.2145,0.4989,-36.3385,-0.0059,0.0077,0.2297,0
128637,0.1828,0.5222,-36.2748,-0.0023,0.0113,0.2396,0
128804,0.1577,0.5480,-36.2608,0.0065,-0.0033,0.2128,0
128971,0.1284,0.5601,-36.2624,0.0190,0.0241,0.2069,0
129137,0.1133,0.5722,-36.2748,0.0157,-0.0002,0.2401,0
129304,0.0921,0.5812,-36.2920,0.0305,0.0067,0.2419,0
129471,0.0716,0.5867,-36.2956,0.0117,0.0310,0.2283,0
129637,0.0519,0.5979,-36.2987,0.0198,0.0234,0.2205,0
129804,0.0322,0.6082,-36.2993,0.0309,0.0264,0.2092,0
129971,0.0113,0.6200,-36.3091,0.0274,0.0172,0.2224,0
130137,-0.0109,0.6325,-36.3085,0.0438,0.0206,0.2146,0
130304,-0.0339,0.6421,-36.3074,0.0644,0.0141,0.2245,0
130471,-0.0557,0.6495,-36.3139,0.0311,0.0359,0.2294,0
130637,-0.0778,0.6578,-36.3153,0.0570,0.0252,0.2234,0
130804,-0.1006,0.6672,-36.3190,0.0471,0.0338,0.2278,0
130971,-0.1242,0.6757,-36.3216,0.0444,0.0406,0.2265,0
131138,-0.1470,0.6850,-36.3204,0.0698,0.0422,0.2232,0
131304,-0.1690,0.6931,-36.3258,0.0660,0.0353,0.2134,0
131471,-0.1922,0.7020,-36.3253,0.0662,0.0442,0.2288,0
131638,-0.2157,0.7117,-36.3317,0.0812,0.0464,0.2444,0
131804,-0.2383,0.7211,-36.3349,0.0806,0.0315,0.2239,0
131971,-0.2619,0.7298,-36.3400,0.0814,0.0597,0.2294,0
132138,-0.2854,0.7391,-36.3422,0.0729,0.0355,0.2190,0
132304,-0.3089,0.7484,-36.3463,0.0830,0.0440,0.2216,0
132471,-0.3317,0.7567,-36.3503,0.0859,0.0680,0.2414,0
132638,-0.3555,0.7645,-36.3532,0.0960,0.0681,0.2288,0
132804,-0.3794,0.7720,-36.3581,0.1063,0.0494,0.2371,0
132971,-0.4029,0.7793,-36.3613,0.1104,0.0599,0.2121,0
133138,-0.4260,0.7886,-36.3659,0.0983,0.0668,0.2360,0
133304,-0.4491,0.7981,-36.3705,0.1136,0.0687,0.2284,0
133471,-0.4732,0.8077,-36.3742,0.1105,0.0596,0.2349,0
133638,-0.4972,0.8171,-36.3761,0.1133,0.0735,0.2271,0
133804,-0.5208,0.8251,-36.3794,0.1057,0.0751,0.2316,0
133971,-0.5447,0.8349,-36.3818,0.1374,0.0665,0.2512,0
134138,-0.5696,0.8433,-36.3831,0.1277,0.0853,0.2333,0
134304,-0.5934,0.8523,-36.3881,0.1236,0.0753,0.2200,0
134471,-0.6167,0.8621,-36.3910,0.1339,0.0720,0.2263,0
134638,-0.6392,0.8709,-36.3919,0.1378,0.0957,0.2248,0
134804,-0.6630,0.8797,-36.3931,0.1427,0.0950,0.2382,0
134971,-0.6865,0.8879,-36.3952,0.1351,0.0924,0.2384,0
135138,-0.7101,0.8960,-36.3999,0.1548,0.0950,0.2352,0
135304,-0.7343,0.9051,-36.4013,0.1526,0.0929,0.2373,0
135471,-0.7578,0.9138,-36.4037,0.1646,0.0965,0.2431,0
135638,-0.7823,0.9215,-36.4048,0.1577,0.1008,0.2103,0
135804,-0.8054,0.9301,-36.4069,0.1583,0.1000,0.2341,0
135971,-0.8287,0.9390,-36.4105,0.1632,0.0987,0.2169,0
136138,-0.8514,0.9472,-36.4145,0.1874,0.1173,0.2247,0
136304,-0.8752,0.9567,-36.4175,0.1784,0.1030,0.2256,0
136471,-0.8994,0.9662,-36.4213,0.1998,0.0971,0.2169,0
136638,-0.9234,0.9759,-36.4248,0.1967,0.1165,0.2464,0
136804,-0.9459,0.9847,-36.4267,0.1985,0.1204,0.2143,0
136971,-0.9687,0.9938,-36.4282,0.1909,0.1230,0.2207,0
137138,-0.9937,1.0030,-36.4316,0.1819,0.1122,0.2381,0
137304,-1.0167,1.0122,-36.4347,0.1892,0.1086,0.2034,0
137471,-1.0399,1.0208,-36.4359,0.2054,0.1364,0.2176,0
137638,-1.0632,1.0286,-36.4361,0.2108,0.1274,0.2198,0
137804,-1.0855,1.0352,-36.4374,0.2211,0.1340,0.2241,0
137971,-1.1080,1.0434,-36.4404,0.2101,0.1324,0.2347,0
138138,-1.1303,1.0511,-36.4411,0.2255,0.1641,0.2196,0
138304,-1.1537,1.0596,-36.4420,0.2230,0.1365,0.2220,0
138471,-1.1753,1.0684,-36.4426,0.2173,0.1326,0.2130,0
138638,-1.1977,1.0774,-36.4436,0.2270,0.1323,0.2355,0
138804,-1.2205,1.0854,-36.4439,0.2308,0.1563,0.2231,0
138971,-1.2434,1.0943,-36.4429,0.2280,0.1542,0.2254,0
139138,-1.2659,1.1013,-36.4416,0.2507,0.1481,0.2151,0
139304,-1.2869,1.1092,-36.4433,0.2519,0.1620,0.2501,0
139471,-1.3091,1.1179,-36.4425,0.2425,0.1557,0.2082,0
139638,-1.3305,1.1283,-36.4423,0.2633,0.1484,0.2344,0
139804,-1.3521,1.1360,-36.4416,0.2457,0.1640,0.2342,0
139971,-1.3731,1.1456,-36.4403,0.2494,0.1688,0.2326,0
140138,-1.3947,1.1548,-36.4386,0.2562,0.1678,0.2334,0
140304,-1.4165,1.1619,-36.4372,0.2670,0.1737,0.2228,0
140471,-1.4370,1.1694,-36.4355,0.2623,0.1701,0.2429,0
140638,-1.4591,1.1770,-36.4328,0.2796,0.1917,0.2479,0
140804,-1.4790,1.1840,-36.4330,0.2665,0.1774,0.2251,0
140971,-1.4996,1.1921,-36.4309,0.2634,0.1660,0.2300,0
141138,-1.5199,1.1994,-36.4286,0.2711,0.1781,0.2409,0
141304,-1.5391,1.2075,-36.4263,0.2776,0.1837,0.2482,0
141471,-1.5574,1.2151,-36.4242,0.2713,0.1816,0.2198,0
141638,-1.5774,1.2227,-36.4208,0.2853,0.1742,0.2195,0
141804,-1.5968,1.2300,-36.4194,0.3045,0.1844,0.2230,0
141971,-1.6164,1.2375,-36.4171,0.2922,0.1853,0.2537,0
142138,-1.6345,1.2454,-36.4157,0.2900,0.1945,0.2216,0
142304,-1.6550,1.2529,-36.4133,0.3039,0.1988,0.2456,0
142471,-1.6753,1.2609,-36.4114,0.2995,0.1922,0.2203,0
142638,-1.6936,1.2692,-36.4081,0.3132,0.2048,0.2275,0
142804,-1.7125,1.2764,-36.4038,0.3121,0.2097,0.2331,0
142971,-1.7317,1.2824,-36.4001,0.3003,0.1963,0.2176,0
143138,-1.7494,1.2881,-36.3977,0.3065,0.2075,0.2326,0
143304,-1.7672,1.2956,-36.3952,0.3045,0.1933,0.2167,0
143471,-1.7860,1.3035,-36.3906,0.3259,0.2025,0.2335,0
143638,-1.8025,1.3097,-36.3860,0.3318,0.1968,0.2156,0
143804,-1.8199,1.3175,-36.3814,0.3314,0.2212,0.2249,0
143971,-1.8365,1.3243,-36.3783,0.3279,0.2043,0.2269,0
144138,-1.8535,1.3315,-36.3746,0.3343,0.2171,0.2507,0
144304,-1.8707,1.3371,-36.3710,0.3324,0.2115,0.2169,0
144471,-1.8877,1.3449,-36.3640,0.3263,0.2063,0.2458,0
144638,-1.9044,1.3511,-36.3588,0.3292,0.2094,0.2182,0
144804,-1.9204,1.3569,-36.3549,0.3424,0.2172,0.2076,0
144971,-1.9361,1.3636,-36.3504,0.3525,0.2317,0.2581,0
145138,-1.9512,1.3701,-36.3449,0.3427,0.2080,0.2277,0
145304,-1.9653,1.3750,-36.3394,0.3396,0.2162,0.2120,0
145471,-1.9809,1.3811,-36.3335,0.3641,0.2170,0.2232,0
145638,-1.9958,1.3873,-36.3276,0.3703,0.2355,0.1968,0
145804,-2.0107,1.3935,-36.3201,0.3581,0.2372,0.2260,0
145971,-2.0247,1.3989,-36.3139,0.3669,0.2328,0.2158,0
146138,-2.0390,1.4028,-36.3077,0.3752,0.2379,0.2281,0
146304,-2.0514,1.4066,-36.3004,0.3532,0.2441,0.2131,0
146471,-2.0648,1.4132,-36.2915,0.3730,0.2204,0.2240,0
146638,-2.0778,1.4181,-36.2843,0.3606,0.2146,0.2321,0
146804,-2.0908,1.4239,-36.2767,0.3545,0.2207,0.2340,0
146971,-2.1041,1.4294,-36.2683,0.3595,0.2320,0.2203,0
147138,-2.1170,1.4342,-36.2630,0.3717,0.2320,0.2282,0
147304,-2.1294,1.4394,-36.2559,0.3777,0.2558,0.2182,0
147471,-2.1414,1.4447,-36.2495,0.3883,0.2560,0.2154,0
147638,-2.1538,1.4483,-36.2413,0.3688,0.2528,0.2178,0
147805,-2.1641,1.4533,-36.2322,0.3917,0.2387,0.2086,0
147971,-2.1755,1.4583,-36.2251,0.3820,0.2382,0.2203,0
148138,-2.1869,1.4611,-36.2169,0.3846,0.2348,0.2541,0
148305,0.2712,0.4930,-35.9548,-0.0126,-0.0076,0.2271,0
148471,0.2720,0.4940,-35.9579,0.0066,0.0099,0.2462,0
148638,0.2722,0.4943,-35.9598,-0.0020,0.0081,0.2341,0
148805,0.2724,0.4947,-35.9614,0.0021,0.0073,0.2353,0
148971,0.2718,0.4932,-35.9637,0.0081,0.0047,0.2286,0
149138,0.2710,0.4951,-35.9641,0.0047,0.0046,0.2286,0
149305,0.2704,0.4953,-35.9658,0.0129,-0.0095,0.2313,0
149471,0.2707,0.4961,-35.9672,0.0010,0.0111,0.2474,0
149638,0.2705,0.4959,-35.9691,0.0016,-0.0045,0.2642,0
149805,0.2708,0.4959,-35.9706,-0.0020,-0.0060,0.2265,0
149971,0.2718,0.4960,-35.9722,-0.0105,-0.0002,0.2435,0
150138,0.2719,0.4958,-35.9743,-0.0022,0.0127,0.2406,0
150305,0.2725,0.4944,-35.9752,-0.0063,0.0093,0.2397,0
150471,0.2732,0.4944,-35.9758,-0.0099,0.0150,0.2379,0
150638,0.2729,0.4934,-35.9775,0.0017,0.0138,0.2355,0
150805,0.2719,0.4916,-35.9794,-0.0049,0.0047,0.2249,0
150971,0.2720,0.4916,-35.9808,-0.0019,0.0023,0.2361,0
151138,0.2710,0.4913,-35.9814,-0.0129,-0.0073,0.2359,0
151305,0.2711,0.4888,-35.9829,-0.0002,0.0030,0.2502,0
151471,0.2712,0.4879,-35.9838,-0.0104,-0.0064,0.2384,0
151638,0.2722,0.4889,-35.9851,0.0120,0.0079,0.2430,0
151805,0.2718,0.4878,-35.9879,-0.0082,0.0052,0.2265,0
151971,0.2717,0.4893,-35.9902,0.0013,0.0051,0.2310,0
152138,0.2717,0.4890,-35.9921,0.0145,0.0117,0.2355,0
152305,0.2725,0.4878,-35.9935,-0.0028,0.0030,0.2345,0
152471,0.2714,0.4870,-35.9946,-0.0161,-0.0042,0.2470,0
152638,0.2712,0.4868,-35.9945,-0.0139,-0.0029,0.2392,0
152805,0.2705,0.4864,-35.9952,-0.0155,0.0030,0.2426,0
152971,0.2717,0.4866,-35.9978,-0.0156,-0.0039,0.2208,0
153138,0.2717,0.4865,-35.9985,-0.0101,-0.0050,0.2490,0
153305,0.2719,0.4863,-35.9991,0.0011,0.0078,0.2226,0
153471,0.2712,0.4846,-35.9992,-0.0010,0.0087,0.2279,0
153638,0.2714,0.4845,-36.0001,0.0024,0.0080,0.2406,0
153805,0.2715,0.4859,-36.0011,-0.0036,0.0156,0.2250,0
153971,0.2724,0.4850,-36.0028,0.0122,0.0054,0.2443,0
154138,0.2726,0.4858,-36.0037,-0.0013,0.0018,0.2162,0
154305,0.2723,0.4863,-36.0051,-0.0015,0.0026,0.2377,0
154471,0.2720,0.4877,-36.0067,-0.0009,0.0043,0.2251,0
154638,0.2719,0.4864,-36.0083,-0.0160,-0.0010,0.2336,0
154805,0.2712,0.4865,-36.0093,-0.0091,-0.0006,0.2448,0
154971,0.2719,0.4873,-36.0093,-0.0067,0.0084,0.2510,0
155138,0.2730,0.4874,-36.0088,-0.0122,0.0102,0.2586,0
155305,0.2730,0.4880,-36.0089,-0.0036,0.0080,0.2349,0
155471,0.2733,0.4877,-36.0090,-0.0057,0.0061,0.2421,0
155638,0.2743,0.4851,-36.0096,-0.0156,0.0055,0.2304,0
155805,0.2745,0.4843,-36.0103,-0.0137,0.0031,0.2203,0
155971,0.2744,0.4843,-36.0115,0.0014,0.0011,0.2419,0
156138,0.2743,0.4841,-36.0135,-0.0036,0.0030,0.2224,0
156305,0.2745,0.4830,-36.0143,0.0053,0.0121,0.2414,0
156471,0.2745,0.4829,-36.0151,0.0021,0.0103,0.2332,0
156638,0.2750,0.4821,-36.0171,0.0001,-0.0028,0.2243,0
156805,0.2736,0.4823,-36.0189,-0.0013,0.0078,0.2318,0
156971,0.2745,0.4820,-36.0190,-0.0042,0.0047,0.2586,0
157138,0.2743,0.4807,-36.0195,-0.0032,-0.0012,0.2393,0
157305,0.2746,0.4794,-36.0197,-0.0045,0.0042,0.2357,0
157471,0.2742,0.4791,-36.0211,-0.0235,0.0009,0.2374,0
157638,0.2738,0.4791,-36.0221,-0.0036,-0.0077,0.2386,0
157805,0.2730,0.4780,-36.0216,-0.0175,0.0104,0.2362,0
157971,0.2731,0.4774,-36.0227,-0.0042,0.0077,0.2541,0
158138,0.2737,0.4774,-36.0239,0.0004,0.0032,0.2404,0
158305,0.2746,0.4774,-36.0250,-0.0077,-0.0013,0.2401,0
158471,0.2747,0.4763,-36.0251,-0.0106,0.0053,0.2248,0
158638,0.2745,0.4768,-36.0253,-0.0054,-0.0026,0.2168,0
158805,0.2748,0.4761,-36.0273,-0.0053,-0.0092,0.2386,0
158971,0.2746,0.4760,-36.0277,-0.0004,-0.0036,0.2265,0
159138,0.2748,0.4770,-36.0274,-0.0006,-0.0042,0.2245,0
159305,0.2746,0.4768,-36.0280,-0.0110,-0.0027,0.2312,0
159471,0.2754,0.4761,-36.0286,-0.0081,0.0115,0.2346,0
159638,0.2751,0.4760,-36.0284,0.0014,-0.0005,0.2452,0
159805,0.2759,0.4750,-36.0300,-0.0049,-0.0011,0.2370,0
159971,0.2758,0.4761,-36.0304,-0.0023,0.0156,0.2445,0
160138,0.2755,0.4753,-36.0307,-0.0106,0.0039,0.2367,0
160305,0.2753,0.4731,-36.0313,-0.0204,0.0151,0.2327,0
160471,0.2754,0.4729,-36.0313,-0.0103,0.0042,0.2310,0
160638,0.2759,0.4739,-36.0314,-0.0138,0.0134,0.2290,0
160805,0.2768,0.4743,-36.0305,-0.0069,0.0119,0.2380,0
160971,0.2761,0.4733,-36.0320,0.0019,-0.0136,0.2272,0
161138,0.2746,0.4741,-36.0335,-0.0066,0.0116,0.2269,0
161305,0.2741,0.4721,-36.0333,0.0003,-0.0066,0.2486,0
161471,0.2741,0.4717,-36.0333,0.0047,0.0117,0.2393,0
161638,0.2747,0.4718,-36.0348,-0.0014,0.0134,0.2434,0
161805,0.2744,0.4715,-36.0353,-0.0038,0.0105,0.2166,0
161971,0.2750,0.4725,-36.0364,-0.0063,-0.0022,0.2572,0
162138,0.2752,0.4723,-36.0362,-0.0180,-0.0044,0.2260,0
162305,0.2739,0.4731,-36.0378,0.0004,0.0026,0.2388,0
162471,0.2727,0.4729,-36.0378,-0.0134,-0.0054,0.2317,0
162638,0.2721,0.4731,-36.0380,-0.0029,0.0015,0.2329,0
162805,0.2738,0.4731,-36.0384,-0.0042,0.0107,0.2278,0
162971,0.2747,0.4731,-36.0389,-0.0128,0.0083,0.2258,0
163138,0.2742,0.4726,-36.0399,-0.0099,0.0055,0.2353,0
163305,0.2741,0.4717,-36.0415,-0.0064,-0.0008,0.2104,0
163471,0.2749,0.4723,-36.0417,-0.0054,0.0081,0.2448,0
163638,0.2753,0.4721,-36.0423,0.0001,0.0067,0.2482,0
163805,0.2748,0.4721,-36.0438,0.0020,0.0105,0.2516,0
163971,0.2742,0.4740,-36.0438,-0.0132,0.0139,0.2059,0
164138,0.2742,0.4743,-36.0441,-0.0070,0.0104,0.2509,0
164305,0.2751,0.4742,-36.0459,0.0059,0.0049,0.2333,0
164472,0.2750,0.4730,-36.0449,0.0019,0.0023,0.2423,0
164638,0.2750,0.4728,-36.0458,-0.0084,-0.0071,0.2456,0
164805,0.2753,0.4735,-36.0464,0.0082,0.0006,0.2270,0
164972,0.2746,0.4735,-36.0465,-0.0085,0.0048,0.2293,0
165138,0.2744,0.4739,-36.0470,0.0094,0.0160,0.2370,0
165305,0.2740,0.4748,-36.0479,-0.0073,0.0255,0.2256,0
165472,0.2747,0.4750,-36.0491,-0.0030,0.0051,0.2211,0
165638,0.2744,0.4735,-36.0507,0.0032,0.0046,0.2102,0
165805,0.2755,0.4720,-36.0506,0.0034,0.0055,0.2250,0
165972,0.2755,0.4711,-36.0510,-0.0048,0.0005,0.2331,0
166138,0.2756,0.4708,-36.0512,-0.0083,-0.0012,0.2320,0
166305,0.2756,0.4709,-36.0524,-0.0003,0.0081,0.2589,0
166472,0.2762,0.4701,-36.0543,-0.0078,0.0061,0.2427,0
166638,0.2750,0.4693,-36.0552,-0.0041,0.0062,0.2214,0
166805,0.2751,0.4688,-36.0551,0.0184,0.0029,0.2348,0
166972,0.2747,0.4683,-36.0550,0.0032,-0.0012,0.2209,0
167138,0.2737,0.4677,-36.0566,-0.0071,-0.0056,0.2113,0
167305,0.2736,0.4685,-36.0558,-0.0157,-0.0037,0.2558,0
167472,0.2747,0.4694,-36.0556,-0.0162,0.0019,0.2300,0
167638,0.2741,0.4701,-36.0559,-0.0076,0.0008,0.2280,0
167805,0.2737,0.4691,-36.0568,-0.0032,0.0152,0.2516,0
167972,0.2734,0.4685,-36.0571,-0.0199,0.0039,0.2493,0
168138,0.2729,0.4678,-36.0578,-0.0278,-0.0029,0.2263,0
168305,0.2824,0.4977,-36.0529,-0.0048,-0.0132,0.2335,0
168472,0.2819,0.4964,-36.0528,-0.0104,-0.0037,0.2194,0
168638,0.2818,0.4974,-36.0523,-0.0018,-0.0088,0.2675,0
168805,0.2817,0.4961,-36.0519,0.0113,-0.0039,0.2291,0
168972,0.2814,0.4974,-36.0530,-0.0083,-0.0072,0.2253,0
169138,0.2811,0.4973,-36.0528,-0.0037,-0.0148,0.2683,0
169305,0.2803,0.4980,-36.0537,0.0189,-0.0121,0.2431,0
169472,0.2807,0.4987,-36.0547,-0.0036,0.0099,0.2388,0
169638,0.2802,0.4993,-36.0558,-0.0050,-0.0077,0.2482,0
169805,0.2806,0.5001,-36.0557,0.0014,0.0012,0.2349,0
169972,0.2808,0.5004,-36.0566,-0.0102,0.0006,0.2473,0
170138,0.2797,0.5007,-36.0568,-0.0125,-0.0002,0.2205,0
170305,0.2792,0.5010,-36.0567,-0.0091,-0.0050,0.2326,0
170472,0.2802,0.5008,-36.0555,0.0077,0.0107,0.2350,0
170638,0.2809,0.5014,-36.0568,-0.0074,-0.0026,0.2292,0
170805,0.2809,0.5020,-36.0563,-0.0033,-0.0111,0.2418,0
170972,0.2804,0.5020,-36.0571,-0.0006,-0.0058,0.2561,0
171138,0.2803,0.5024,-36.0573,-0.0179,-0.0015,0.2198,0
171305,0.2805,0.5037,-36.0579,-0.0131,-0.0180,0.2339,0
171472,0.2801,0.5044,-36.0585,0.0150,-0.0117,0.2378,0
171638,0.2799,0.5057,-36.0591,-0.0026,-0.0139,0.2116,0
171805,0.2798,0.5065,-36.0587,0.0045,-0.0075,0.2307,0
171972,0.2792,0.5053,-36.0591,0.0010,0.0024,0.2473,0
172138,0.2791,0.5048,-36.0603,0.0008,0.0103,0.2369,0
172305,0.2790,0.5065,-36.0609,-0.0043,-0.0024,0.2464,0
172472,0.2788,0.5070,-36.0599,0.0040,-0.0015,0.2404,0
172638,0.2795,0.5064,-36.0607,-0.0008,0.0050,0.2185,0
172805,0.2806,0.5062,-36.0611,-0.0068,-0.0160,0.2116,0
172972,0.2807,0.5046,-36.0609,-0.0140,-0.0128,0.2506,0
173138,0.2804,0.5040,-36.0609,-0.0031,0.0024,0.2330,0
173305,0.2799,0.5041,-36.0607,-0.0057,0.0091,0.2120,0
173472,0.2789,0.5042,-36.0603,-0.0121,-0.0005,0.2260,0
173638,0.2788,0.5029,-36.0612,0.0013,0.0050,0.2498,0
173805,0.2783,0.5032,-36.0610,-0.0071,0.0063,0.2316,0
173972,0.2779,0.5038,-36.0618,-0.0074,-0.0034,0.2195,0
174138,0.2775,0.5025,-36.0616,-0.0087,-0.0122,0.2357,0
174305,0.2770,0.5022,-36.0619,-0.0106,-0.0066,0.2220,0
174472,0.2762,0.5034,-36.0609,0.0001,-0.0151,0.2499,0
174638,0.2752,0.5029,-36.0607,0.0038,-0.0026,0.2196,0
174805,0.2752,0.5024,-36.0604,-0.0094,0.0054,0.2233,0
174972,0.2750,0.5023,-36.0600,-0.0039,-0.0116,0.2464,0
175138,0.2748,0.5026,-36.0594,0.0043,0.0052,0.2543,0
175305,0.2746,0.5030,-36.0585,-0.0048,-0.0041,0.2571,0
175472,0.2733,0.5033,-36.0594,-0.0053,-0.0001,0.2285,0
175638,0.2747,0.5042,-36.0605,-0.0129,0.0064,0.2383,0
175805,0.2741,0.5046,-36.0604,-0.0068,-0.0112,0.2448,0
175972,0.2734,0.5047,-36.0605,-0.0006,-0.0004,0.2188,0
176138,0.2728,0.5052,-36.0599,-0.0036,0.0018,0.2303,0
176305,0.2718,0.5044,-36.0604,0.0063,-0.0072,0.2458,0
176472,0.2715,0.5048,-36.0618,-0.0117,0.0048,0.2246,0
176638,0.2703,0.5046,-36.0621,-0.0019,-0.0072,0.2385,0
176805,0.2683,0.5041,-36.0626,0.0095,0.0049,0.2172,0
176972,0.2673,0.5049,-36.0634,0.0183,-0.0027,0.2338,0
177138,0.2682,0.5061,-36.0644,-0.0142,-0.0078,0.2099,0
177305,0.2684,0.5054,-36.0644,0.0014,-0.0014,0.2316,0
177472,0.2686,0.5057,-36.0653,-0.0040,0.0026,0.2354,0
177638,0.2678,0.5056,-36.0657,-0.0184,0.0041,0.2378,0
177805,0.2667,0.5063,-36.0660,-0.0034,-0.0064,0.2325,0
177972,0.2658,0.5066,-36.0664,-0.0087,0.0047,0.2285,0
178138,0.2657,0.5078,-36.0671,-0.0005,-0.0059,0.2483,0
178305,0.2652,0.5086,-36.0677,0.0034,-0.0021,0.2109,0
178472,0.2658,0.5076,-36.0679,-0.0023,-0.0049,0.2442,0
178638,0.2653,0.5073,-36.0672,0.0001,0.0036,0.2585,0
178805,0.2656,0.5068,0.0000,0.0055,0.0001,0.2368,0
178972,0.2649,0.5060,0.0004,-0.0142,0.0015,0.2494,0
179138,0.2644,0.5048,0.0011,-0.0013,0.0132,0.2259,0
179305,0.2639,0.5065,0.0020,-0.0125,0.0241,0.2371,0
179472,0.2652,0.5055,0.0025,-0.0065,-0.0098,0.2365,0
179638,0.2647,0.5061,0.0019,0.0023,-0.0181,0.2392,0
179805,0.2642,0.5066,0.0006,0.0027,0.0020,0.2422,0
179972,0.2654,0.5064,0.0012,0.0114,-0.0185,0.2427,0
180138,0.2649,0.5067,0.0002,0.0097,-0.0146,0.2534,0
180305,0.2650,0.5066,0.0003,-0.0123,0.0006,0.2405,0
180472,0.2637,0.5065,-0.0011,0.0021,0.0152,0.2509,0
180638,0.2638,0.5061,-0.0015,-0.0163,0.0049,0.2362,0
180805,0.2638,0.5055,-0.0021,-0.0111,0.0072,0.2598,0
180972,0.2633,0.5071,-0.0029,0.0087,-0.0039,0.2534,0
181139,0.2632,0.5080,-0.0037,-0.0075,0.0170,0.2214,0
181305,0.2620,0.5065,-0.0039,0.0182,0.0108,0.2503,0
181472,0.2610,0.5064,-0.0045,0.0043,0.0064,0.2429,0
181639,0.2613,0.5067,-0.0037,-0.0151,-0.0079,0.2470,0
181805,0.2615,0.5067,-0.0052,0.0070,0.0024,0.2366,0
181972,0.2616,0.5053,-0.0064,-0.0077,-0.0023,0.2412,0
182139,0.2602,0.5069,-0.0066,0.0085,0.0082,0.2307,0
182305,0.2599,0.5069,-0.0064,-0.0051,-0.0160,0.2380,0
182472,0.2594,0.5067,-0.0060,-0.0094,0.0099,0.2304,0
182639,0.2597,0.5078,-0.0067,0.0046,-0.0008,0.2389,0
182805,0.2591,0.5062,-0.0061,0.0166,-0.0080,0.2246,0
182972,0.2596,0.5047,-0.0061,0.0077,-0.0019,0.2394,0
183139,0.2602,0.5037,-0.0075,-0.0012,-0.0082,0.2319,0
183305,0.2596,0.5033,-0.0072,0.0033,-0.0006,0.2301,0
183472,0.2601,0.5035,-0.0066,0.0116,-0.0090,0.2455,0
183639,0.2599,0.5034,-0.0066,-0.0014,0.0013,0.2309,0
183805,0.2601,0.5045,-0.0072,0.0167,0.0008,0.2463,0
183972,0.2585,0.5034,-0.0079,-0.0046,-0.0180,0.2297,0
184139,0.2581,0.5036,-0.0077,-0.0016,0.0080,0.2546,0
184305,0.2580,0.5048,-0.0080,-0.0032,-0.0023,0.2115,0
184472,0.2590,0.5048,-0.0076,0.0067,0.0023,0.2451,0
184639,0.2586,0.5036,-0.0082,-0.0031,0.0158,0.2093,0
184805,0.2589,0.5040,-0.0092,-0.0079,0.0161,0.2415,0
184972,0.2588,0.5040,-0.0085,0.0085,0.0102,0.2404,0
185139,0.2592,0.5042,-0.0083,0.0046,-0.0069,0.2467,0
185305,0.2591,0.5042,-0.0077,-0.0002,0.0011,0.2394,0
185472,0.2594,0.5042,-0.0085,0.0071,0.0051,0.2460,0
185639,0.2599,0.5027,-0.0104,0.0033,0.0015,0.2343,0
185805,0.2603,0.5036,-0.0120,-0.0029,-0.0096,0.2148,0
185972,0.2595,0.5029,-0.0126,-0.0002,0.0034,0.2637,0
186139,0.2586,0.5005,-0.0120,-0.0008,0.0102,0.2262,0
186305,0.2590,0.4997,-0.0123,-0.0024,0.0062,0.2350,0
186472,0.2598,0.4995,-0.0120,0.0033,0.0011,0.2355,0
186639,0.2605,0.4985,-0.0119,-0.0015,-0.0087,0.2465,0
186805,0.2611,0.4980,-0.0121,0.0024,-0.0112,0.2360,0
186972,0.2612,0.4987,-0.0127,-0.0055,0.0049,0.2471,0
187139,0.2611,0.4988,-0.0130,-0.0069,-0.0058,0.2520,0
187305,0.2599,0.4985,-0.0123,-0.0053,0.0053,0.2454,0
187472,0.2598,0.4990,-0.0123,-0.0003,0.0087,0.2246,0
187639,0.2600,0.4986,-0.0130,-0.0009,0.0079,0.2476,0
187805,0.2598,0.4984,-0.0125,-0.0017,0.0066,0.2362,0
187972,0.2599,0.4978,-0.0132,0.0078,-0.0009,0.2370,0
188139,0.2601,0.4979,-0.0120,-0.0105,0.0005,0.2387,0
188305,0.2699,0.4973,-0.0177,0.0030,-0.0003,0.2243,0
188472,0.2714,0.4967,-0.0176,-0.0139,-0.0070,0.2263,0
188639,0.2716,0.4961,-0.0182,0.0065,0.0062,0.2352,0
188805,0.2714,0.4964,-0.0183,0.0031,-0.0027,0.2274,0
188972,0.2708,0.4975,-0.0180,-0.0067,0.0047,0.2268,0
189139,0.2705,0.4977,-0.0186,0.0131,0.0083,0.2540,0
189305,0.2710,0.4991,-0.0190,0.0132,-0.0007,0.2299,0
189472,0.2711,0.5000,-0.0187,0.0028,-0.0046,0.2429,0
189639,0.2704,0.5004,-0.0182,-0.0029,-0.0003,0.2492,0
189805,0.2704,0.5006,-0.0180,-0.0044,-0.0045,0.2202,0
189972,0.2692,0.5021,-0.0176,-0.0104,-0.0001,0.2308,0
190139,0.2704,0.5030,-0.0157,-0.0063,0.0133,0.2259,0
190305,0.2702,0.5021,-0.0161,-0.0031,-0.0028,0.2199,0
190472,0.2706,0.5036,-0.0163,0.0066,-0.0069,0.2379,0
190639,0.2704,0.5038,-0.0175,0.0059,-0.0075,0.2550,0
190805,0.2700,0.5049,-0.0177,0.0021,-0.0094,0.2400,0
190972,0.2694,0.5063,-0.0184,-0.0072,0.0039,0.2327,0
191139,0.2689,0.5058,-0.0182,0.0004,0.0137,0.2159,0
191305,0.2682,0.5048,-0.0181,-0.0114,-0.0044,0.2414,0
191472,0.2678,0.5049,-0.0180,-0.0019,-0.0086,0.2591,0
191639,0.2673,0.5055,-0.0181,0.0152,-0.0074,0.2284,0
191805,0.2670,0.5051,-0.0192,0.0092,0.0042,0.2345,0
191972,0.2669,0.5046,-0.0191,0.0087,-0.0004,0.2548,0
192139,0.2674,0.5049,-0.0188,0.0023,-0.0056,0.2265,0
192305,0.2669,0.5057,-0.0181,0.0011,0.0048,0.2129,0
192472,0.2661,0.5061,-0.0173,-0.0005,-0.0210,0.2158,0
192639,0.2656,0.5047,-0.0173,-0.0025,0.0029,0.2215,0
192805,0.2657,0.5041,-0.0164,-0.0043,0.0099,0.2338,0
192972,0.2650,0.5046,-0.0162,-0.0048,-0.0051,0.2308,0
193139,0.2647,0.5035,-0.0149,-0.0041,-0.0037,0.2192,0
193305,0.2648,0.5024,-0.0141,-0.0094,-0.0033,0.2363,0
193472,0.2638,0.5015,-0.0146,-0.0044,0.0053,0.2163,0
193639,0.2640,0.5018,-0.0154,-0.0130,-0.0058,0.2334,0
193805,0.2649,0.5013,-0.0162,-0.0095,0.0127,0.2172,0
193972,0.2644,0.5010,-0.0173,0.0076,0.0069,0.2313,0
194139,0.2635,0.5000,-0.0177,-0.0116,-0.0047,0.2441,0
194305,0.2640,0.5000,-0.0178,-0.0019,-0.0145,0.2306,0
194472,0.2635,0.5007,-0.0193,0.0069,-0.0034,0.2299,0
194639,0.2640,0.4998,-0.0191,0.0025,0.0100,0.2512,0
194805,0.2634,0.5004,-0.0204,0.0075,0.0146,0.2437,0
194972,0.2624,0.5006,-0.0215,0.0052,0.0105,0.2547,0
195139,0.2632,0.5006,-0.0209,0.0015,0.0067,0.2248,0
195305,0.2631,0.5005,-0.0214,0.0081,-0.0055,0.2486,0
195472,0.2632,0.5019,-0.0223,-0.0075,0.0001,0.2281,0
195639,0.2633,0.5028,-0.0223,-0.0152,-0.0131,0.2427,0
195805,0.2629,0.5029,-0.0225,-0.0092,0.0042,0.2336,0
195972,0.2612,0.5023,-0.0227,0.0013,-0.0090,0.2400,0
196139,0.2608,0.5031,-0.0239,-0.0024,0.0018,0.2284,0
196305,0.2613,0.5032,-0.0249,0.0051,0.0039,0.2247,0
196472,0.2616,0.5043,-0.0252,0.0023,0.0022,0.2408,0
196639,0.2613,0.5047,-0.0262,-0.0055,-0.0084,0.2308,0
196805,0.2608,0.5042,-0.0272,-0.0031,0.0115,0.2188,0
196972,0.2604,0.5047,-0.0265,-0.0019,0.0127,0.2364,0
197139,0.2590,0.5049,-0.0260,0.0034,-0.0018,0.2228,0
197305,0.2594,0.5054,-0.0258,0.0107,0.0209,0.2152,0
197472,0.2589,0.5055,-0.0262,-0.0025,-0.0034,0.2459,0
197639,0.2584,0.5068,-0.0267,0.0023,0.0027,0.2289,0
197806,0.2592,0.5054,-0.0272,-0.0083,0.0024,0.2229,0
197972,0.2595,0.5071,-0.0268,0.0096,0.0024,0.2408,0
198139,0.2588,0.5064,-0.0260,0.0056,0.0018,0.2326,0
198306,0.2584,0.5061,-0.0261,0.0015,0.0050,0.2473,0
198472,0.2585,0.5050,-0.0259,-0.0031,-0.0071,0.2247,0
198639,0.2584,0.5056,-0.0265,-0.0048,-0.0071,0.2269,0
198806,0.2578,0.5059,-0.0259,-0.0007,0.0048,0.2426,0
198972,0.2567,0.5063,-0.0254,0.0059,0.0051,0.2240,0
199139,0.2568,0.5056,-0.0256,0.0051,-0.0003,0.2418,0
199306,0.2570,0.5064,-0.0260,0.0010,-0.0047,0.2440,0
199472,0.2565,0.5059,-0.0267,0.0002,-0.0074,0.2361,0
199639,0.2572,0.5072,-0.0272,0.0039,0.0228,0.2238,0
199806,0.2562,0.5078,-0.0272,-0.0105,-0.0040,0.2395,0
199972,0.2552,0.5071,-0.0267,0.0080,-0.0059,0.2601,0
200139,0.2555,0.5073,-0.0266,-0.0037,0.0102,0.2644,0
200306,0.2563,0.5061,-0.0257,-0.0087,0.0092,0.2456,0
200472,0.2571,0.5061,-0.0261,-0.0130,0.0034,0.2243,0
200639,0.2573,0.5047,-0.0267,0.0024,-0.0153,0.2584,0
200806,0.2562,0.5052,-0.0276,0.0015,0.0063,0.2394,0
200972,0.2566,0.5035,-0.0280,-0.0142,-0.0030,0.2329,0
201139,0.2573,0.5034,-0.0279,-0.0070,0.0026,0.2311,0
201306,0.2580,0.5014,-0.0277,-0.0069,0.0029,0.2475,0
201472,0.2576,0.5016,-0.0267,0.0032,0.0128,0.2377,0
201639,0.2593,0.5018,-0.0263,-0.0030,-0.0024,0.2303,0
201806,0.2582,0.5001,-0.0259,-0.0052,-0.0002,0.2454,0
201972,0.2579,0.5010,-0.0261,0.0047,-0.0198,0.2301,0
202139,0.2593,0.5003,-0.0259,-0.0118,-0.0066,0.2458,0
202306,0.2585,0.5002,-0.0263,-0.0026,0.0058,0.2426,0
202472,0.2584,0.5000,-0.0263,-0.0031,-0.0159,0.2399,0
202639,0.2593,0.4993,-0.0260,-0.0023,-0.0083,0.2308,0
202806,0.2595,0.5003,-0.0265,-0.0047,0.0086,0.2347,0
202972,0.2602,0.5000,-0.0267,0.0035,0.0027,0.2627,0
203139,0.2588,0.4995,-0.0271,-0.0038,-0.0102,0.2343,0
203306,0.2586,0.4983,-0.0279,-0.0068,0.0159,0.2243,0
203472,0.2591,0.4983,-0.0277,0.0019,0.0113,0.2345,0
203639,0.2588,0.4981,-0.0285,-0.0077,0.0031,0.2104,0
203806,0.2587,0.4985,-0.0282,-0.0244,0.0047,0.2350,0
203972,0.2587,0.4983,-0.0283,-0.0103,0.0106,0.2168,0
204139,0.2590,0.4984,-0.0281,0.0099,0.0014,0.2479,0
204306,0.2585,0.4973,-0.0285,0.0036,0.0017,0.2233,0
204472,0.2587,0.4984,-0.0291,0.0057,-0.0002,0.2547,0
204639,0.2582,0.4983,-0.0306,-0.0105,-0.0105,0.2336,0
204806,0.2584,0.4982,-0.0316,0.0049,0.0119,0.2174,0
204972,0.2579,0.4985,-0.0326,-0.0106,0.0042,0.2152,0
205139,0.2572,0.4990,-0.0323,0.0096,0.0131,0.2189,0
205306,0.2572,0.5005,-0.0334,0.0015,-0.0070,0.2372,0
205472,0.2567,0.5006,-0.0339,-0.0017,0.0023,0.2518,0
205639,0.2562,0.5016,-0.0342,0.0042,0.0028,0.2342,0
205806,0.2557,0.5024,-0.0342,0.0042,-0.0021,0.2245,0
205972,0.2560,0.5028,-0.0340,0.0047,0.0017,0.2251,0
206139,0.2560,0.5034,-0.0339,-0.0109,0.0024,0.2236,0
206306,0.2567,0.5028,-0.0339,0.0081,0.0098,0.2278,0
206472,0.2579,0.5020,-0.0341,0.0021,0.0042,0.2356,0
206639,0.2583,0.5021,-0.0345,-0.0030,0.0048,0.2443,0
206806,0.2591,0.5013,-0.0345,0.0146,-0.0001,0.2375,0
206972,0.2581,0.5006,-0.0348,-0.0034,-0.0008,0.2231,0
207139,0.2582,0.5003,-0.0359,0.0028,0.0015,0.2248,0
207306,0.2580,0.4998,-0.0364,-0.0005,-0.0013,0.2404,0
207472,0.2585,0.5020,-0.0367,0.0075,0.0076,0.2214,0
207639,0.2588,0.5024,-0.0364,0.0025,0.0071,0.2565,0
207806,0.2590,0.5021,-0.0374,-0.0091,-0.0039,0.2377,0
207972,0.2597,0.5019,-0.0367,0.0036,-0.0054,0.2453,0
208139,0.2592,0.5022,-0.0361,-0.0012,0.0107,0.2443,0
208306,0.2681,0.4999,-0.0389,-0.0020,-0.0025,0.2430,0
208472,0.2674,0.5002,-0.0396,-0.0052,0.0102,0.2469,0
208639,0.2673,0.5006,-0.0407,-0.0006,0.0053,0.2441,0
208806,0.2677,0.5020,-0.0407,0.0123,0.0077,0.2469,0
208972,0.2684,0.5024,-0.0400,-0.0116,0.0132,0.2290,0
209139,0.2678,0.5028,-0.0400,-0.0142,0.0045,0.2317,0
209306,0.2685,0.5041,-0.0405,0.0169,0.0003,0.2415,0
209472,0.2689,0.5029,-0.0404,-0.0002,0.0078,0.2249,0
209639,0.2690,0.5020,-0.0410,0.0023,0.0042,0.2402,0
209806,0.2695,0.5022,-0.0407,0.0070,-0.0052,0.2437,0
209972,0.2697,0.5020,-0.0405,0.0077,-0.0075,0.2487,0
210139,0.2693,0.5013,-0.0399,-0.0027,0.0053,0.2325,0
210306,0.2698,0.5023,-0.0399,-0.0078,-0.0017,0.2364,0
210472,0.2698,0.5024,-0.0394,0.0107,0.0000,0.2250,0
210639,0.2680,0.5036,-0.0389,0.0014,0.0067,0.2167,0
210806,0.2671,0.5051,-0.0395,0.0080,0.0028,0.2230,0
210972,0.2673,0.5047,-0.0400,-0.0020,-0.0100,0.2294,0
211139,0.2680,0.5032,-0.0403,-0.0232,-0.0071,0.2333,0
211306,0.2677,0.5034,-0.0389,0.0024,0.0034,0.2238,0
211472,0.2671,0.5028,-0.0385,-0.0097,-0.0114,0.2132,0
211639,0.2673,0.5038,-0.0381,-0.0033,-0.0172,0.2292,0
211806,0.2674,0.5034,-0.0375,-0.0024,0.0016,0.2316,0
211972,0.2669,0.5019,-0.0377,-0.0024,-0.0045,0.2349,0
212139,0.2661,0.5002,-0.0383,-0.0057,-0.0153,0.2321,0
212306,0.2664,0.4992,-0.0390,-0.0078,0.0082,0.2329,0
212472,0.2671,0.4981,-0.0382,-0.0048,0.0025,0.2425,0
212639,0.2678,0.4986,-0.0378,-0.0142,0.0035,0.2245,0
212806,0.2676,0.4989,-0.0372,-0.0076,0.0154,0.2172,0
212972,0.2664,0.4981,-0.0387,-0.0036,0.0030,0.2482,0
213139,0.2671,0.4977,-0.0384,0.0110,0.0089,0.2460,0
213306,0.2666,0.4965,-0.0389,-0.0197,0.0092,0.2267,0
213472,0.2681,0.4958,-0.0391,-0.0025,-0.0055,0.2408,0
213639,0.2680,0.4961,-0.0387,-0.0022,0.0099,0.2081,0
213806,0.2693,0.4976,-0.0389,-0.0047,-0.0063,0.2403,0
213972,0.2692,0.4964,-0.0381,-0.0110,-0.0076,0.2459,0
214139,0.2691,0.4953,-0.0387,-0.0015,-0.0066,0.2314,0
214306,0.2691,0.4941,-0.0386,-0.0054,-0.0056,0.2435,0
214473,0.2702,0.4927,-0.0384,0.0001,0.0003,0.2317,0
214639,0.2694,0.4933,-0.0393,0.0048,0.0072,0.2463,0
214806,0.2694,0.4917,-0.0394,0.0093,0.0022,0.2226,0
214973,0.2684,0.4915,-0.0405,-0.0160,-0.0039,0.2325,0
215139,0.2679,0.4909,-0.0410,-0.0015,-0.0076,0.2284,0
215306,0.2687,0.4902,-0.0418,-0.0019,-0.0059,0.2514,0
215473,0.2685,0.4898,-0.0417,-0.0057,0.0010,0.2280,0
215639,0.2679,0.4891,-0.0428,-0.0035,0.0143,0.2521,0
215806,0.2682,0.4880,-0.0423,-0.0060,0.0084,0.2233,0
215973,0.2685,0.4887,-0.0420,-0.0084,0.0035,0.2505,0
216139,0.2689,0.4877,-0.0424,-0.0174,0.0101,0.2623,0
216306,0.2670,0.4893,-0.0419,-0.0090,-0.0154,0.2327,0
216473,0.2664,0.4900,-0.0420,-0.0080,-0.0018,0.2322,0
216639,0.2674,0.4894,-0.0414,-0.0077,0.0180,0.2339,0
216806,0.2676,0.4892,-0.0421,0.0144,0.0178,0.2205,0
216973,0.2670,0.4894,-0.0421,0.0017,0.0007,0.2364,0
217139,0.2666,0.4897,-0.0425,0.0022,-0.0048,0.2586,0
217306,0.2657,0.4905,-0.0428,-0.0066,0.0004,0.2422,0
217473,0.2651,0.4892,-0.0435,-0.0099,-0.0051,0.2437,0
217639,0.2654,0.4876,-0.0424,-0.0143,0.0021,0.2514,0
217806,0.2665,0.4857,-0.0418,-0.0119,0.0100,0.2564,0
217973,0.2667,0.4838,-0.0414,-0.0017,-0.0008,0.2196,0
218139,0.2670,0.4836,-0.0413,-0.0239,-0.0046,0.2415,0
218306,0.2678,0.4851,-0.0423,-0.0005,0.0037,0.2497,0
218473,0.2678,0.4853,-0.0422,-0.0102,-0.0025,0.2439,0
218639,0.2677,0.4861,-0.0423,-0.0046,0.0023,0.2500,0
218806,0.2674,0.4857,-0.0414,-0.0212,0.0087,0.2492,0
218973,0.2676,0.4850,-0.0423,-0.0215,0.0049,0.2293,0
219139,0.2690,0.4854,-0.0425,-0.0020,0.0072,0.2367,0
219306,0.2700,0.4843,-0.0421,-0.0076,0.0128,0.2382,0
219473,0.2709,0.4853,-0.0427,0.0005,-0.0028,0.2374,0
219639,0.2716,0.4834,-0.0429,-0.0131,-0.0061,0.2434,0
219806,0.2730,0.4824,-0.0436,-0.0016,0.0043,0.2233,0
219973,0.2726,0.4827,-0.0436,-0.0049,0.0007,0.2490,0
220139,0.2718,0.4828,-0.0440,0.0013,0.0070,0.2336,0
220306,0.2723,0.4825,-0.0445,-0.0183,0.0092,0.2201,0
220473,0.2716,0.4812,-0.0446,-0.0004,-0.0065,0.2500,0
220639,0.2721,0.4804,-0.0448,-0.0119,0.0085,0.1988,0
220806,0.2719,0.4801,-0.0435,0.0015,-0.0232,0.2356,0
220973,0.2707,0.4819,-0.0444,-0.0032,-0.0071,0.2211,0
221139,0.2712,0.4812,-0.0434,-0.0041,-0.0137,0.2238,0
221306,0.2710,0.4804,-0.0427,0.0043,0.0024,0.2569,0
221473,0.2714,0.4796,-0.0422,-0.0104,-0.0096,0.2277,0
221639,0.2714,0.4808,-0.0414,-0.0131,-0.0048,0.2237,0
221806,0.2709,0.4807,-0.0421,-0.0097,-0.0053,0.2293,0
221973,0.2704,0.4809,-0.0429,-0.0042,-0.0095,0.2302,0
222139,0.2691,0.4809,-0.0431,-0.0075,0.0079,0.2276,0
222306,0.2688,0.4814,-0.0432,-0.0070,0.0000,0.2202,0
222473,0.2682,0.4814,-0.0431,-0.0134,-0.0080,0.2248,0
222639,0.2684,0.4811,-0.0432,-0.0084,0.0044,0.2403,0
222806,0.2680,0.4806,-0.0443,-0.0006,0.0099,0.2446,0
222973,0.2673,0.4808,-0.0445,0.0011,0.0010,0.2204,0
223139,0.2683,0.4810,-0.0444,0.0013,0.0047,0.2480,0
223306,0.2681,0.4821,-0.0444,-0.0070,-0.0098,0.2530,0
223473,0.2676,0.4830,-0.0441,-0.0149,-0.0036,0.2179,0
223639,0.2683,0.4833,-0.0438,-0.0064,0.0010,0.2485,0
223806,0.2682,0.4822,-0.0446,-0.0103,-0.0038,0.2416,0
223973,0.2679,0.4827,-0.0450,-0.0061,0.0147,0.2341,0
224139,0.2682,0.4832,-0.0451,-0.0001,-0.0041,0.2317,0
224306,0.2682,0.4843,-0.0455,-0.0096,0.0058,0.2351,0
224473,0.2683,0.4842,-0.0467,-0.0048,0.0053,0.2280,0
224639,0.2689,0.4837,-0.0473,-0.0097,0.0006,0.2073,0
224806,0.2703,0.4823,-0.0473,-0.0098,0.0050,0.2542,0
224973,0.2698,0.4811,-0.0467,-0.0082,0.0034,0.2516,0
225139,0.2699,0.4819,-0.0472,-0.0019,0.0067,0.2286,0
225306,0.2708,0.4825,-0.0467,-0.0157,0.0071,0.2460,0
225473,0.2702,0.4822,-0.0471,-0.0070,-0.0059,0.2366,0
225639,0.2702,0.4820,-0.0471,-0.0036,-0.0046,0.2006,0
225806,0.2700,0.4824,-0.0476,0.0024,-0.0083,0.2476,0
225973,0.2698,0.4826,-0.0488,-0.0016,0.0003,0.2277,0
226139,0.2699,0.4828,-0.0487,0.0005,-0.0105,0.2319,0
226306,0.2694,0.4845,-0.0484,-0.0061,-0.0085,0.2281,0
226473,0.2684,0.4867,-0.0501,-0.0044,-0.0131,0.2502,0
226639,0.2689,0.4871,-0.0497,-0.0100,0.0053,0.2398,0
226806,0.2676,0.4874,-0.0502,-0.0121,0.0014,0.2509,0
226973,0.2664,0.4867,-0.0507,-0.0031,-0.0007,0.2400,0
227139,0.2672,0.4873,-0.0513,0.0063,-0.0073,0.2470,0
227306,0.2678,0.4874,-0.0522,-0.0064,-0.0115,0.2288,0
227473,0.2680,0.4876,-0.0528,-0.0082,0.0028,0.2606,0
227639,0.2673,0.4887,-0.0528,-0.0238,0.0084,0.2328,0
227806,0.2678,0.4892,-0.0534,-0.0083,0.0028,0.2117,0
227973,0.2674,0.4893,-0.0521,-0.0080,0.0077,0.2249,0
228139,0.2682,0.4899,-0.0509,0.0028,0.0067,0.2304,0
228306,0.2694,0.4950,-36.1176,0.0035,-0.0100,0.2212,0
228473
228639
228806
228973
