DeviceTag: Movella DOT,FirmwareVersion: 3.0.0,AppVersion: 2023.6.0,SyncStatus: Unknown (Synced/Un-synced),OutputRate: 60,FilterProfile: Unknown,Measurement Mode: Inertial Mode - Rate quantities (with mag),StartTime: 2025-12-02 14:37:28.533,Â© Movella Technologies B.V. 2005-2025
SampleTimeFine,Acc_X,Acc_Y,Acc_Z,Gyr_X,Gyr_Y,Gyr_Z,Mag_X,Mag_Y,Mag_Z
2638437,0.0295,0.0240,10.0587,-1.9462,0.7934,-0.6500,0.5918,0.8948,0.5540
2638604,0.0221,0.0287,10.0387,-1.8641,0.8911,-0.5149,0.5898,0.8899,0.5510
2638771,0.0305,0.0309,10.0665,-1.9407,0.9073,-0.5952,0.5879,0.8894,0.5520
2638937,0.0288,0.0186,10.0491,-1.9093,0.7853,-0.6152,0.5864,0.8909,0.5476
2639104,0.0151,0.0230,10.0461,-1.9244,0.9575,-0.6767,0.5894,0.8933,0.5486
2639271,0.0240,0.0159,10.0497,-1.9362,0.8794,-0.5591,0.5908,0.8918,0.5486
2639437,0.0245,0.0203,10.0433,-1.9599,0.9310,-0.5866,0.5903,0.8914,0.5515
2639604,0.0272,0.0379,10.0355,-1.9436,0.9623,-0.6649,0.5913,0.8938,0.5520
2639771,0.0209,0.0242,10.0533,-1.9085,0.8294,-0.6984,0.5898,0.8909,0.5505
2639937,0.0182,0.0216,10.0373,-1.9018,0.8565,-0.5741,0.5874,0.8938,0.5496
2640104,0.0260,0.0216,10.0584,-1.8997,0.9640,-0.6934,0.5923,0.8875,0.5525
2640271,0.0263,0.0250,10.0660,-1.9560,0.9089,-0.6318,0.5884,0.8899,0.5486
2640437,0.0293,0.0281,10.0498,-1.8953,0.9649,-0.6281,0.5898,0.8914,0.5505
2640604,0.0284,0.0191,10.0743,-1.9649,0.9375,-0.6581,0.5874,0.8884,0.5515
2640771,0.0109,0.0127,10.0437,-1.8868,0.8016,-0.6269,0.5874,0.8884,0.5447
2640937,0.0201,0.0116,10.0372,-1.9101,0.9143,-0.6322,0.5933,0.8904,0.5500
2641104,0.0246,0.0224,10.0521,-1.9315,0.9376,-0.6209,0.5913,0.8889,0.5520
2641271,0.0063,0.0130,10.0287,-1.9366,0.8855,-0.6057,0.5913,0.8928,0.5471
2641437,0.0275,0.0074,10.0417,-1.9598,0.9536,-0.5337,0.5903,0.8894,0.5476
2641604,0.0180,0.0191,10.0429,-1.9199,0.9262,-0.6931,0.5879,0.8918,0.5486
2641771,0.0191,0.0216,10.0473,-1.9457,0.8295,-0.6133,0.5918,0.8909,0.5486
2641937,0.0037,0.0236,10.0445,-1.9634,0.9053,-0.6015,0.5918,0.8909,0.5530
2642104,0.0021,0.0262,10.0308,-1.9191,0.9035,-0.6571,0.5894,0.8909,0.5520
2642271,0.0379,0.0061,10.0687,-1.8816,0.9558,-0.6673,0.5889,0.8914,0.5515
2642437,0.0169,0.0198,10.0630,-1.9527,0.9028,-0.5293,0.5913,0.8918,0.5505
2642604,0.0116,0.0275,10.0523,-1.9403,0.8702,-0.6389,0.5884,0.8884,0.5505
2642771,0.0227,0.0212,10.0418,-1.9184,0.8561,-0.6641,0.5938,0.8909,0.5520
2642937,0.0281,0.0222,10.0541,-1.9650,0.8856,-0.6104,0.5918,0.8909,0.5486
2643104,0.0107,0.0230,10.0431,-1.9977,0.9325,-0.6368,0.5913,0.8923,0.5525
2643271,0.0208,0.0193,10.0502,-1.8973,0.9340,-0.6876,0.5957,0.8884,0.5461
2643437,0.0255,0.0188,10.0709,-1.9274,0.9234,-0.5960,0.5874,0.8904,0.5540
2643604,0.0232,0.0108,10.0537,-1.9926,0.9334,-0.6422,0.5898,0.8948,0.5491
2643771,0.0260,0.0222,10.0412,-1.9418,0.9537,-0.5871,0.5938,0.8909,0.5491
2643937,0.0158,0.0249,10.0485,-1.9560,0.8853,-0.6334,0.5898,0.8899,0.5486
2644104,0.0291,0.0117,10.0723,-1.8991,0.9039,-0.5976,0.5918,0.8928,0.5520
2644271,0.0229,0.0306,10.0634,-1.9685,0.9182,-0.6113,0.5879,0.8914,0.5466
2644437,0.0314,0.0337,10.0333,-1.8999,1.0425,-0.6519,0.5894,0.8889,0.5515
2644604,0.0310,0.0221,10.0381,-1.9101,0.8951,-0.6590,0.5903,0.8894,0.5505
2644771,0.0278,0.0261,10.0764,-1.8908,0.9652,-0.6089,0.5889,0.8904,0.5481
2644937,0.0163,0.0208,10.0358,-1.8817,0.8044,-0.6986,0.5918,0.8938,0.5491
2645104,0.0253,0.0325,10.0467,-1.8706,0.9391,-0.5484,0.5898,0.8899,0.5476
2645271,0.0283,0.0063,10.0680,-1.9280,0.9478,-0.6269,0.5933,0.8914,0.5540
2645437,0.0392,0.0215,10.0477,-1.8552,0.8102,-0.5994,0.5879,0.8914,0.5510
2645604,0.0189,0.0100,10.0599,-1.9183,0.8188,-0.5959,0.5879,0.8879,0.5496
2645771,0.0282,0.0185,10.0626,-1.9127,0.9619,-0.5867,0.5923,0.8914,0.5500
2645937,0.0278,0.0127,10.0622,-1.8813,0.9185,-0.5885,0.5913,0.8899,0.5486
2646104,0.0197,0.0159,10.0588,-1.7851,0.8835,-0.5923,0.5889,0.8918,0.5500
2646271,0.0235,0.0288,10.0772,-1.8806,0.8200,-0.5899,0.5889,0.8918,0.5520
2646437,0.0149,0.0200,10.0452,-1.9005,0.8610,-0.7351,0.5869,0.8875,0.5510
2646604,0.0380,0.0099,10.0532,-1.9212,0.9921,-0.6013,0.5903,0.8909,0.5525
2646771,0.0257,0.0155,10.0610,-1.9512,0.9234,-0.6239,0.5879,0.8914,0.5530
2646937,0.0395,0.0185,10.0541,-1.8641,0.8840,-0.6506,0.5903,0.8884,0.5530
2647104,0.0220,0.0098,10.0394,-1.9265,0.9640,-0.5465,0.5903,0.8899,0.5461
2647271,0.0237,0.0119,10.0532,-1.8486,0.9349,-0.6276,0.5908,0.8899,0.5505
2647437,0.0302,0.0151,10.0534,-1.9430,0.8620,-0.5862,0.5869,0.8899,0.5520
2647604,0.0249,0.0180,10.0525,-1.8471,0.8992,-0.6198,0.5889,0.8918,0.5481
2647771,0.0369,0.0107,10.0576,-1.8859,0.9721,-0.6337,0.5898,0.8918,0.5525
2647938,0.0240,0.0044,10.0439,-1.8786,0.9335,-0.5947,0.5908,0.8894,0.5515
2648104,0.0242,0.0210,10.0548,-1.8803,0.8778,-0.6837,0.5869,0.8904,0.5505
2648271,0.0228,0.0147,10.0609,-1.8283,0.9228,-0.5421,0.5894,0.8914,0.5559
2648438,0.0211,0.0168,10.0517,-1.8313,0.8966,-0.6842,0.5894,0.8938,0.5554
2648604,0.0158,0.0096,10.0514,-1.9389,0.9580,-0.6460,0.5918,0.8914,0.5569
2648771,0.0137,0.0317,10.0596,-1.8523,0.9028,-0.7129,0.5894,0.8914,0.5515
2648938,0.0171,-0.0041,10.0654,-1.9232,0.9715,-0.6282,0.5889,0.8899,0.5554
2649104,0.0270,0.0286,10.0446,-1.8784,0.9064,-0.5912,0.5894,0.8894,0.5559
2649271,0.0158,0.0146,10.0491,-1.9376,0.8650,-0.6731,0.5879,0.8948,0.5535
2649438,0.0183,0.0152,10.0440,-1.8284,0.8747,-0.5984,0.5908,0.8938,0.5510
2649604,0.0348,0.0241,10.0564,-1.8948,0.8974,-0.6160,0.5889,0.8889,0.5564
2649771,0.0135,0.0332,10.0618,-1.9327,0.9478,-0.5922,0.5894,0.8904,0.5569
2649938,0.0397,0.0174,10.0427,-1.9027,0.8923,-0.6344,0.5913,0.8894,0.5505
2650104,0.0277,0.0234,10.0594,-1.8644,0.9917,-0.5960,0.5913,0.8914,0.5515
2650271,0.0206,0.0216,10.0678,-1.9163,0.9154,-0.6196,0.5903,0.8909,0.5515
2650438,0.0234,0.0087,10.0651,-1.8748,0.9289,-0.5357,0.5894,0.8918,0.5535
2650604,0.0335,0.0163,10.0612,-1.9272,0.9107,-0.5741,0.5889,0.8923,0.5491
2650771,0.0347,0.0211,10.0605,-1.9213,0.9107,-0.5747,0.5889,0.8943,0.5496
2650938,0.0291,0.0347,10.0362,-1.9113,1.0201,-0.6611,0.5938,0.8899,0.5491
2651104,0.0155,0.0197,10.0526,-1.8803,0.9040,-0.6056,0.5913,0.8938,0.5510
2651271,0.0365,0.0218,10.0415,-1.8779,0.8779,-0.5710,0.5918,0.8943,0.5505
2651438,0.0288,0.0199,10.0529,-1.8735,0.8883,-0.5929,0.5884,0.8889,0.5505
2651604,0.0264,0.0130,10.0468,-1.9114,0.8646,-0.6416,0.5903,0.8948,0.5481
2651771,0.0296,0.0183,10.0448,-1.8309,0.8310,-0.6051,0.5942,0.8889,0.5535
2651938,0.0238,0.0282,10.0542,-2.0104,0.9289,-0.6581,0.5903,0.8914,0.5466
2652104,0.0210,0.0164,10.0373,-1.8719,0.8201,-0.5942,0.5908,0.8938,0.5486
2652271,0.0033,0.0133,10.0562,-1.9280,0.9623,-0.5740,0.5903,0.8914,0.5549
2652438,0.0268,0.0100,10.0528,-1.9090,0.9277,-0.6581,0.5928,0.8918,0.5476
2652604,0.0273,0.0266,10.0606,-1.9413,0.9343,-0.5772,0.5933,0.8921,0.5569
2652771,0.0248,0.0201,10.0436,-1.9291,0.8919,-0.5474,0.5908,0.8899,0.5491
2652938,0.0393,0.0219,10.0429,-1.9040,0.9039,-0.6361,0.5903,0.8933,0.5505
2653104,0.0236,0.0130,10.0598,-1.9223,0.8846,-0.5134,0.5889,0.8914,0.5540
2653271,0.0267,0.0145,10.0689,-1.9188,0.9452,-0.5364,0.5903,0.8899,0.5496
2653438,0.0270,0.0256,10.0644,-1.9463,0.9952,-0.6196,0.5913,0.8899,0.5496
2653604,0.0186,0.0156,10.0602,-1.9212,0.8985,-0.5370,0.5859,0.8928,0.5515
2653771,0.0282,0.0222,10.0781,-1.9195,0.9939,-0.6269,0.5938,0.8914,0.5530
2653938,0.0257,0.0156,10.0509,-1.9322,0.9908,-0.5894,0.5889,0.8889,0.5505
2654104,0.0368,0.0088,10.0610,-1.8699,0.9107,-0.5965,0.5913,0.8904,0.5500
2654271,0.0334,0.0168,10.0558,-1.9029,0.9581,-0.5972,0.5903,0.8894,0.5510
2654438,0.0138,0.0028,10.0588,-1.9304,1.0253,-0.6453,0.5889,0.8938,0.5505
2654604,0.0240,0.0256,10.0675,-1.9200,0.8870,-0.6628,0.5879,0.8879,0.5491
2654771,0.0221,0.0092,10.0933,-1.9341,0.8474,-0.6142,0.5913,0.8879,0.5481
2654938,0.0303,0.0131,10.0724,-1.8859,0.8734,-0.5892,0.5884,0.8914,0.5491
2655104,0.0226,0.0153,10.0641,-1.9005,1.0452,-0.5384,0.5903,0.8923,0.5486
2655271,0.0212,0.0089,10.0558,-1.9437,0.8257,-0.6477,0.5898,0.8918,0.5520
2655438,0.0321,0.0327,10.0389,-1.9121,0.8814,-0.5746,0.5898,0.8928,0.5520
2655604,0.0280,0.0183,10.0413,-1.9622,0.9080,-0.6599,0.5874,0.8914,0.5520
2655771,0.0220,0.0216,10.0478,-1.9039,0.9921,-0.6372,0.5938,0.8933,0.5525
2655938,0.0293,0.0197,10.0437,-1.8917,0.8773,-0.5511,0.5884,0.8889,0.5481
2656104,0.0230,0.0248,10.0295,-1.9200,0.8805,-0.5554,0.5898,0.8884,0.5496
2656271,0.0204,0.0183,10.0448,-1.8591,0.8508,-0.5327,0.5894,0.8894,0.5520
2656438,0.0196,0.0240,10.0432,-1.8967,0.8911,-0.6213,0.5889,0.8928,0.5496
2656604,0.0295,0.0254,10.0558,-1.9021,0.9441,-0.5927,0.5874,0.8914,0.5525
2656771,0.0335,0.0175,10.0457,-1.9340,0.9165,-0.6225,0.5933,0.8904,0.5505
2656938,0.0386,0.0161,10.0442,-1.9621,0.8881,-0.5564,0.5894,0.8918,0.5549
2657104,0.0313,0.0217,10.0331,-1.8960,0.9727,-0.5617,0.5894,0.8899,0.5515
2657271,0.0177,0.0185,10.0513,-1.8971,0.8517,-0.6161,0.5928,0.8938,0.5510
2657438,0.0269,0.0040,10.0475,-1.8771,0.8075,-0.6044,0.5918,0.8938,0.5486
2657604,0.0312,0.0188,10.0482,-1.9752,0.9396,-0.5853,0.5898,0.8894,0.5535
2657771,0.0254,0.0204,10.0456,-1.9171,0.9594,-0.5600,0.5879,0.8918,0.5520
2657938,0.0287,0.0100,10.0571,-1.9339,0.9168,-0.5680,0.5923,0.8909,0.5544
2658104,0.0285,0.0277,10.0527,-1.9053,0.9434,-0.6529,0.5869,0.8938,0.5476
2658271,0.0294,0.0251,10.0442,-1.8901,0.8975,-0.6271,0.5928,0.8904,0.5530
2658438,0.0229,0.0252,10.0684,-1.9207,0.9331,-0.5898,0.5854,0.8943,0.5476
2658604,0.0382,0.0244,10.0502,-1.9462,0.8268,-0.6302,0.5908,0.8899,0.5544
2658771,0.0264,0.0344,10.0641,-1.9269,0.8750,-0.5661,0.5908,0.8904,0.5540
2658938,0.0215,0.0302,10.0550,-1.9181,0.9152,-0.6501,0.5908,0.8879,0.5530
2659104,0.0320,0.0136,10.0602,-1.9994,0.8377,-0.5652,0.5884,0.8909,0.5515
2659271,0.0207,0.0193,10.0590,-1.9377,0.8560,-0.6839,0.5889,0.8914,0.5525
2659438,0.0268,0.0316,10.0474,-1.9347,0.9584,-0.6354,0.5884,0.8904,0.5515
2659604,0.0244,0.0258,10.0767,-1.9498,0.8761,-0.6283,0.5874,0.8904,0.5481
2659771,0.0257,0.0146,10.0394,-1.9774,0.9420,-0.5997,0.5903,0.8909,0.5540
2659938,0.0234,0.0181,10.0542,-1.8912,0.8973,-0.6348,0.5884,0.8914,0.5496
2660104,0.0409,0.0240,10.0830,-1.9277,0.8791,-0.6590,0.5898,0.8904,0.5500
2660271,0.0211,0.0331,10.0556,-1.8885,0.8688,-0.6355,0.5923,0.8914,0.5466
2660438,0.0170,0.0256,10.0462,-1.9624,0.9437,-0.5358,0.5928,0.8889,0.5530
2660604,0.0143,0.0194,10.0513,-1.9528,0.8287,-0.6463,0.5898,0.8909,0.5515
2660771,0.0218,0.0170,10.0594,-1.9185,0.9517,-0.6318,0.5879,0.8889,0.5510
2660938,0.0242,0.0097,10.0581,-1.9524,0.8538,-0.5950,0.5928,0.8909,0.5491
2661104,0.0212,0.0196,10.0418,-1.9439,0.8377,-0.6139,0.5869,0.8889,0.5466
2661271,0.0161,0.0292,10.0787,-1.9382,0.8530,-0.6114,0.5889,0.8904,0.5491
2661438,0.0377,0.0227,10.0534,-1.8448,0.9753,-0.6102,0.5908,0.8904,0.5530
2661604,0.0166,0.0193,10.0288,-1.9042,0.9665,-0.6179,0.5903,0.8904,0.5476
2661771,0.0330,0.0110,10.0645,-1.8507,0.8236,-0.6149,0.5908,0.8889,0.5510
2661938,0.0274,0.0186,10.0381,-1.9446,0.8960,-0.6319,0.5898,0.8938,0.5481
2662104,0.0216,0.0098,10.0554,-1.8442,1.0049,-0.5917,0.5894,0.8918,0.5520
2662271,0.0344,0.0217,10.0402,-1.9470,0.8945,-0.5954,0.5889,0.8894,0.5525
2662438,0.0306,0.0313,10.0605,-1.9154,0.9080,-0.6336,0.5918,0.8938,0.5486
2662604,0.0113,0.0074,10.0537,-1.9030,0.9212,-0.6712,0.5913,0.8894,0.5500
2662771,0.0307,0.0345,10.0466,-1.9437,0.9019,-0.5973,0.5903,0.8899,0.5510
2662938,0.0190,0.0121,10.0404,-1.9170,0.8920,-0.5434,0.5928,0.8904,0.5471
2663104,0.0193,0.0211,10.0375,-1.8917,0.8697,-0.5779,0.5908,0.8918,0.5481
2663271,0.0271,0.0259,10.0404,-1.9418,0.9147,-0.6305,0.5903,0.8914,0.5486
2663438,0.0307,0.0212,10.0490,-1.9250,0.8599,-0.6192,0.5889,0.8889,0.5500
2663604,0.0224,0.0052,10.0447,-1.9355,0.9532,-0.6322,0.5884,0.8894,0.5515
2663771,0.0241,0.0197,10.0367,-1.8959,0.8876,-0.6121,0.5889,0.8894,0.5520
2663938,0.0276,0.0219,10.0530,-1.9106,0.8803,-0.5661,0.5889,0.8909,0.5500
2664104,0.0291,0.0349,10.0661,-1.9176,0.8757,-0.6595,0.5908,0.8918,0.5491
2664271,0.0293,0.0182,10.0735,-1.9412,0.8804,-0.6176,0.5928,0.8909,0.5500
2664438,0.0129,0.0304,10.0387,-1.8391,0.8423,-0.5508,0.5884,0.8923,0.5520
2664605,0.0241,0.0285,10.0562,-1.9676,0.9739,-0.6255,0.5908,0.8894,0.5515
2664771,0.0102,0.0180,10.0408,-1.9306,0.8956,-0.6813,0.5884,0.8904,0.5476
2664938,0.0235,0.0197,10.0455,-1.9419,0.9157,-0.5909,0.5928,0.8909,0.5432
2665105,0.0289,0.0133,10.0572,-1.9899,0.8990,-0.5869,0.5918,0.8918,0.5481
2665271,0.0295,0.0259,10.0698,-1.9077,0.9640,-0.5888,0.5903,0.8933,0.5486
2665438,0.0268,0.0199,10.0464,-1.9169,0.9618,-0.6157,0.5928,0.8884,0.5491
2665605,0.0250,0.0204,10.0645,-1.8548,0.8960,-0.6144,0.5898,0.8958,0.5520
2665771,0.0251,0.0280,10.0549,-1.8857,0.8575,-0.6521,0.5918,0.8943,0.5500
2665938,0.0180,0.0351,10.0428,-1.9118,0.9221,-0.6980,0.5918,0.8894,0.5491
2666105,0.0089,0.0093,10.0619,-1.8923,0.9353,-0.5633,0.5864,0.8923,0.5544
2666271,0.0154,0.0228,10.0704,-1.9733,0.9422,-0.6599,0.5894,0.8899,0.5461
2666438,0.0203,0.0233,10.0405,-1.9268,0.9131,-0.6363,0.5908,0.8914,0.5515
2666605,0.0216,0.0012,10.0797,-1.8707,0.9172,-0.6509,0.5884,0.8923,0.5505
2666771,0.0185,0.0128,10.0513,-1.9163,0.9411,-0.6456,0.5908,0.8914,0.5520
2666938,0.0328,0.0350,10.0479,-1.8867,0.9901,-0.6189,0.5898,0.8870,0.5510
2667105,0.0290,0.0164,10.0465,-1.9462,0.8463,-0.5764,0.5913,0.8914,0.5481
2667271,0.0361,0.0258,10.0337,-1.8973,0.9293,-0.6447,0.5938,0.8909,0.5500
2667438,0.0309,0.0206,10.0463,-1.8984,0.8414,-0.6092,0.5933,0.8914,0.5496
2667605,0.0231,0.0335,10.0494,-1.9651,0.9497,-0.6371,0.5884,0.8899,0.5525
2667771,0.0309,0.0321,10.0788,-1.8952,0.9639,-0.6136,0.5923,0.8938,0.5510
2667938,0.0265,0.0277,10.0291,-1.9480,0.9217,-0.6230,0.5898,0.8870,0.5505
2668105,0.0302,0.0277,10.0659,-1.9276,0.8628,-0.6849,0.5938,0.8909,0.5496
2668271,0.0299,0.0205,10.0681,-1.9412,0.8345,-0.6186,0.5918,0.8894,0.5505
2668438,0.0271,0.0242,10.0606,-1.8812,0.8664,-0.5448,0.5869,0.8918,0.5515
2668605,0.0318,0.0187,10.0550,-1.8821,0.9289,-0.6124,0.5928,0.8899,0.5515
2668771,0.0099,0.0269,10.0513,-1.9334,0.9147,-0.7005,0.5928,0.8894,0.5500
2668938,0.0280,0.0131,10.0635,-1.9863,0.9268,-0.5657,0.5869,0.8904,0.5491
2669105,0.0273,0.0072,10.0480,-1.9086,0.8773,-0.6543,0.5884,0.8899,0.5515
2669271,0.0246,0.0286,10.0569,-1.9243,0.8486,-0.6043,0.5898,0.8923,0.5540
2669438,0.0190,0.0312,10.0581,-1.8337,0.8324,-0.6104,0.5884,0.8904,0.5540
2669605,0.0293,0.0123,10.0589,-1.8419,0.8506,-0.6233,0.5923,0.8884,0.5525
2669771,0.0188,0.0067,10.0424,-1.9168,0.9338,-0.5935,0.5947,0.8923,0.5471
2669938,0.0214,0.0279,10.0489,-1.8982,0.8897,-0.5469,0.5928,0.8904,0.5535
2670105,0.0206,0.0271,10.0533,-1.9189,0.8920,-0.5791,0.5908,0.8904,0.5559
2670271,0.0206,0.0232,10.0680,-1.9202,0.8912,-0.6290,0.5918,0.8909,0.5525
2670438,0.0260,0.0185,10.0397,-2.0087,0.9942,-0.6180,0.5947,0.8877,0.5549
2670605,0.0191,0.0306,10.0482,-1.9230,0.9277,-0.6376,0.5874,0.8918,0.5520
2670771,0.0130,0.0150,10.0517,-1.8913,0.8739,-0.6291,0.5903,0.8894,0.5579
2670938,0.0249,0.0204,10.0660,-1.9307,0.8128,-0.6492,0.5874,0.8909,0.5530
2671105,0.0198,0.0194,10.0412,-1.9451,0.8815,-0.7088,0.5903,0.8865,0.5520
2671271,0.0269,0.0207,10.0510,-1.9484,0.9162,-0.5742,0.5898,0.8889,0.5540
2671438,0.0298,0.0144,10.0615,-1.9056,0.9038,-0.6053,0.5898,0.8909,0.5520
2671605,0.0210,0.0310,10.0463,-1.9275,0.8464,-0.5626,0.5894,0.8923,0.5564
2671771,0.0257,0.0071,10.0337,-1.9477,0.8932,-0.5607,0.5923,0.8875,0.5535
2671938,0.0283,0.0240,10.0860,-1.8925,0.9483,-0.5493,0.5913,0.8918,0.5471
2672105,0.0270,0.0339,10.0527,-1.9676,0.9231,-0.5813,0.5933,0.8909,0.5510
2672271,0.0265,0.0191,10.0702,-1.9283,0.8085,-0.5936,0.5889,0.8923,0.5510
2672438,0.0154,0.0268,10.0500,-1.8965,0.8384,-0.6133,0.5898,0.8928,0.5520
2672605,0.0191,0.0179,10.0322,-1.9972,0.8517,-0.6310,0.5874,0.8879,0.5496
2672771,0.0285,0.0194,10.0581,-1.9222,0.9289,-0.6541,0.5938,0.8899,0.5510
2672938,0.0085,0.0218,10.0477,-1.9218,0.9463,-0.6155,0.5898,0.8928,0.5466
2673105,0.0267,0.0163,10.0619,-1.9533,0.9150,-0.5522,0.5898,0.8928,0.5510
2673271,0.0290,0.0046,10.0534,-1.8895,0.8545,-0.5948,0.5889,0.8889,0.5535
2673438,0.0208,0.0153,10.0435,-1.9026,0.9213,-0.5386,0.5864,0.8870,0.5505
2673605,0.0220,0.0197,10.0275,-1.8761,0.9155,-0.6351,0.5889,0.8938,0.5505
2673771,0.0190,0.0189,10.0616,-1.9703,0.9162,-0.5639,0.5908,0.8904,0.5491
2673938,0.0326,0.0210,10.0548,-1.9370,0.8755,-0.5584,0.5879,0.8909,0.5496
2674105,0.0323,0.0074,10.0427,-1.9446,0.9659,-0.5823,0.5913,0.8914,0.5515
2674271,0.0250,0.0124,10.0613,-1.9413,0.9590,-0.5941,0.5933,0.8938,0.5505
2674438,0.0188,0.0349,10.0625,-1.9523,0.9141,-0.6168,0.5938,0.8889,0.5457
2674605,0.0246,0.0193,10.0316,-1.8800,0.8513,-0.5428,0.5908,0.8928,0.5500
2674771,0.0300,0.0194,10.0443,-1.9771,0.9210,-0.6309,0.5913,0.8879,0.5486
2674938,0.0277,0.0233,10.0565,-1.9878,0.8335,-0.6087,0.5894,0.8904,0.5471
2675105,0.0127,0.0064,10.0566,-1.9682,0.9520,-0.6303,0.5903,0.8923,0.5500
2675271,0.0233,0.0189,10.0541,-1.8827,0.8844,-0.6318,0.5903,0.8938,0.5491
2675438,0.0099,0.0249,10.0476,-1.8864,0.8649,-0.6685,0.5889,0.8923,0.5515
2675605,0.0293,0.0225,10.0476,-1.9285,0.9022,-0.5628,0.5923,0.8899,0.5486
2675771,0.0289,0.0253,10.0505,-1.8653,0.8873,-0.5861,0.5938,0.8879,0.5481
2675938,0.0129,0.0079,10.0544,-1.9369,0.9337,-0.6309,0.5898,0.8928,0.5481
2676105,0.0081,0.0187,10.0659,-1.9718,0.8966,-0.6125,0.5874,0.8909,0.5535
2676271,0.0169,0.0257,10.0521,-1.8864,0.8344,-0.5756,0.5889,0.8938,0.5505
2676438,0.0381,0.0378,10.0365,-1.9298,0.8648,-0.5381,0.5918,0.8899,0.5496
2676605,0.0268,0.0120,10.0479,-1.9441,0.8590,-0.6441,0.5918,0.8918,0.5496
2676771,0.0273,0.0108,10.0577,-1.9465,0.9999,-0.6132,0.5884,0.8889,0.5496
2676938,0.0135,0.0261,10.0464,-1.9178,0.8984,-0.6137,0.5928,0.8879,0.5457
2677105,0.0180,0.0209,10.0651,-1.8848,0.8870,-0.5994,0.5874,0.8918,0.5476
2677271,0.0283,0.0169,10.0681,-1.8063,0.9245,-0.5613,0.5933,0.8914,0.5515
2677438,0.0112,0.0170,10.0593,-1.9831,0.9146,-0.6729,0.5898,0.8879,0.5486
2677605,0.0122,0.0113,10.0489,-1.8689,0.9330,-0.6348,0.5903,0.8918,0.5486
2677771,0.0273,0.0117,10.0555,-1.9408,0.8874,-0.5808,0.5859,0.8967,0.5471
2677938,0.0152,0.0152,10.0567,-1.9122,0.8541,-0.5648,0.5889,0.8933,0.5505
2678105,0.0258,0.0062,10.0546,-1.8547,0.8995,-0.6190,0.5874,0.8879,0.5486
2678271,0.0314,0.0037,10.0429,-1.8510,0.9281,-0.6479,0.5894,0.8889,0.5525
2678438,0.0366,0.0159,10.0384,-1.9243,0.9409,-0.6008,0.5869,0.8879,0.5476
2678605,0.0310,0.0120,10.0345,-1.9481,0.9436,-0.5822,0.5908,0.8894,0.5496
2678771,0.0142,0.0273,10.0874,-1.9688,0.8585,-0.6375,0.5898,0.8938,0.5491
2678938,0.0174,0.0279,10.0467,-1.9436,0.8656,-0.6402,0.5947,0.8889,0.5505
2679105,0.0181,0.0136,10.0782,-1.9253,0.9676,-0.5846,0.5879,0.8909,0.5496
2679271,0.0156,0.0200,10.0410,-1.9035,0.9283,-0.5786,0.5903,0.8918,0.5520
2679438,0.0334,0.0073,10.0377,-1.9210,0.8769,-0.6274,0.5894,0.8899,0.5496
2679605,0.0205,0.0222,10.0604,-1.8545,0.9595,-0.6567,0.5869,0.8904,0.5496
2679771,0.0291,0.0299,10.0546,-1.8902,0.8383,-0.6309,0.5908,0.8928,0.5500
2679938,0.0340,0.0127,10.0453,-1.9119,0.9033,-0.6344,0.5884,0.8938,0.5491
2680105,0.0161,0.0155,10.0338,-1.9245,0.9543,-0.5653,0.5913,0.8909,0.5505
2680271,0.0162,0.0186,10.0312,-1.9021,0.9328,-0.5011,0.5894,0.8933,0.5466
2680438,0.0232,0.0267,10.0636,-1.9565,0.8641,-0.6016,0.5918,0.8894,0.5500
2680605,0.0264,0.0143,10.0468,-1.9564,0.8952,-0.6392,0.5903,0.8894,0.5496
2680771,0.0246,0.0266,10.0651,-1.9432,0.9134,-0.6083,0.5894,0.8923,0.5486
2680938,0.0261,0.0212,10.0675,-1.9523,0.9154,-0.6320,0.5889,0.8904,0.5505
2681105,0.0092,0.0264,10.0496,-1.8529,0.8779,-0.6078,0.5918,0.8889,0.5491
2681272,0.0206,0.0307,10.0494,-1.8309,0.7697,-0.6120,0.5928,0.8923,0.5476
2681438,0.0201,0.0248,10.0417,-1.8725,0.8750,-0.6326,0.5928,0.8875,0.5491
2681605,0.0259,0.0149,10.0411,-1.9282,0.8823,-0.6147,0.5918,0.8923,0.5471
2681772,0.0262,0.0155,10.0562,-1.8736,0.9258,-0.5878,0.5913,0.8904,0.5481
2681938,0.0322,0.0204,10.0491,-1.8978,0.9306,-0.5836,0.5923,0.8909,0.5486
2682105,0.0365,0.0138,10.0659,-1.8896,0.9303,-0.5818,0.5894,0.8923,0.5510
2682272,0.0241,0.0312,10.0565,-1.9081,0.9066,-0.5957,0.5942,0.8970,0.5486
2682438,0.0299,0.0290,10.0543,-1.9466,0.8263,-0.6021,0.5850,0.8953,0.5476
2682605,0.0150,0.0082,10.0723,-1.9500,0.9266,-0.5952,0.5894,0.8909,0.5481
2682772,0.0312,0.0124,10.0237,-1.9342,0.9382,-0.6331,0.5908,0.8923,0.5525
2682938,0.0243,0.0057,10.0756,-1.8343,0.9135,-0.5870,0.5874,0.8831,0.5500
2683105,0.0250,0.0318,10.0386,-1.9437,0.7818,-0.6757,0.5894,0.8943,0.5510
2683272,0.0225,0.0138,10.0574,-1.9525,0.8861,-0.6287,0.5889,0.8923,0.5491
2683438,0.0190,0.0225,10.0533,-1.8801,0.8914,-0.5940,0.5908,0.8909,0.5491
2683605,0.0249,0.0083,10.0342,-1.9490,0.9797,-0.6330,0.5898,0.8909,0.5525
2683772,0.0238,0.0147,10.0705,-1.9763,0.8875,-0.6296,0.5894,0.8899,0.5525
2683938,0.0299,0.0152,10.0600,-1.9163,0.9413,-0.6331,0.5884,0.8918,0.5520
2684105,0.0291,0.0105,10.0316,-1.9297,0.9211,-0.6874,0.5898,0.8923,0.5510
2684272,0.0233,0.0280,10.0688,-1.9661,0.8607,-0.5992,0.5898,0.8923,0.5491
2684438,0.0237,0.0232,10.0514,-1.8596,0.8955,-0.5954,0.5913,0.8918,0.5471
2684605,0.0218,0.0221,10.0369,-1.9414,0.9436,-0.5844,0.5903,0.8909,0.5481
2684772,0.0084,0.0159,10.0553,-1.8531,1.0148,-0.6246,0.5889,0.8928,0.5535
2684938,0.0281,0.0274,10.0550,-1.9187,0.8307,-0.6419,0.5913,0.8865,0.5500
2685105,0.0211,0.0208,10.0716,-1.9665,0.8388,-0.6329,0.5874,0.8953,0.5476
2685272,0.0243,0.0129,10.0388,-1.9175,0.8332,-0.5658,0.5913,0.8914,0.5520
2685438,0.0228,0.0174,10.0436,-1.8796,0.9614,-0.5922,0.5889,0.8977,0.5510
2685605,0.0256,0.0185,10.0569,-1.9295,0.8902,-0.5917,0.5894,0.8918,0.5515
2685772,0.0151,0.0119,10.0698,-1.9226,0.8878,-0.5835,0.5894,0.8889,0.5481
2685938,0.0189,0.0271,10.0240,-1.9421,0.8945,-0.5504,0.5908,0.8899,0.5505
2686105,0.0380,0.0160,10.0626,-1.9725,0.9028,-0.5833,0.5903,0.8894,0.5520
2686272,0.0264,0.0251,10.0592,-1.9883,0.9892,-0.6280,0.5850,0.8894,0.5515
2686438,0.0157,0.0423,10.0648,-1.9041,0.7960,-0.5516,0.5874,0.8899,0.5505
2686605,0.0253,0.0345,10.0467,-1.9038,0.8806,-0.5810,0.5898,0.8884,0.5491
2686772,0.0184,0.0082,10.0395,-1.8512,0.9350,-0.6794,0.5864,0.8879,0.5481
2686938,0.0110,0.0101,10.0542,-1.8946,0.9072,-0.5838,0.5894,0.8894,0.5525
2687105,0.0244,0.0225,10.0549,-1.9080,0.9518,-0.5772,0.5884,0.8899,0.5520
2687272,0.0336,0.0197,10.0769,-1.8786,0.9128,-0.5347,0.5913,0.8909,0.5496
2687438,0.0188,0.0240,10.0422,-1.9721,0.9453,-0.5757,0.5938,0.8933,0.5471
2687605,0.0296,0.0146,10.0440,-1.9058,0.8773,-0.6870,0.5913,0.8894,0.5525
2687772,0.0261,0.0231,10.0553,-1.8440,0.7946,-0.6220,0.5913,0.8928,0.5500
2687938,0.0388,0.0191,10.0568,-1.9179,0.9235,-0.5965,0.5864,0.8894,0.5476
2688105,0.0181,0.0173,10.0434,-1.9137,0.9377,-0.5384,0.5874,0.8909,0.5510
2688272,0.0017,0.0165,10.0359,-1.9419,0.9117,-0.6549,0.5903,0.8904,0.5452
2688438,0.0155,0.0109,10.0529,-1.9284,0.9689,-0.6576,0.5898,0.8904,0.5466
2688605,0.0217,0.0260,10.0676,-1.9081,0.9201,-0.6196,0.5903,0.8899,0.5476
2688772,0.0241,0.0158,10.0432,-1.9469,0.8802,-0.6587,0.5898,0.8904,0.5461
2688938,0.0304,0.0071,10.0314,-1.9075,0.9230,-0.6378,0.5889,0.8879,0.5476
2689105,0.0277,0.0074,10.0305,-1.8944,0.8998,-0.5845,0.5859,0.8933,0.5505
2689272,0.0317,0.0277,10.0428,-1.9250,0.9280,-0.6002,0.5884,0.8904,0.5496
2689438,0.0175,0.0422,10.0346,-1.9432,0.8522,-0.5601,0.5908,0.8904,0.5540
2689605,0.0307,0.0323,10.0440,-1.8551,0.8424,-0.5272,0.5894,0.8909,0.5491
2689772,0.0262,0.0274,10.0534,-1.9580,0.8297,-0.6418,0.5903,0.8899,0.5496
2689938,0.0145,0.0082,10.0508,-1.8966,0.9652,-0.6281,0.5889,0.8928,0.5461
2690105,0.0333,0.0211,10.0695,-1.9309,0.8754,-0.5747,0.5894,0.8938,0.5540
2690272,0.0402,0.0274,10.0584,-1.9459,0.8779,-0.6748,0.5908,0.8943,0.5476
2690438,0.0257,0.0232,10.0621,-1.9283,0.8874,-0.6563,0.5908,0.8938,0.5500
2690605,0.0243,0.0328,10.0693,-1.8492,0.8210,-0.5540,0.5898,0.8889,0.5505
2690772,0.0331,0.0268,10.0691,-1.9137,0.9328,-0.6077,0.5864,0.8933,0.5500
2690938,0.0267,0.0078,10.0701,-1.8370,0.8046,-0.6176,0.5884,0.8928,0.5496
2691105,0.0239,0.0081,10.0647,-1.9760,0.9438,-0.6304,0.5908,0.8899,0.5505
2691272,0.0213,0.0242,10.0395,-1.9312,0.8706,-0.6564,0.5874,0.8933,0.5496
2691438,0.0270,0.0266,10.0675,-1.9185,0.9628,-0.6660,0.5918,0.8894,0.5496
2691605,0.0261,0.0349,10.0468,-1.8957,0.9640,-0.6137,0.5889,0.8918,0.5500
2691772,0.0206,0.0183,10.0592,-1.9505,0.9083,-0.6271,0.5928,0.8914,0.5491
2691938,0.0245,0.0268,10.0429,-2.0055,0.9034,-0.5796,0.5884,0.8933,0.5505
2692105,0.0268,0.0245,10.0532,-1.9432,0.9240,-0.6235,0.5898,0.8909,0.5486
2692272,0.0338,0.0263,10.0340,-1.9360,0.8205,-0.6344,0.5894,0.8914,0.5481
2692438,0.0190,0.0234,10.0463,-1.8845,0.8813,-0.6585,0.5952,0.8931,0.5491
2692605,0.0104,0.0229,10.0523,-1.8846,0.8510,-0.6538,0.5884,0.8909,0.5486
2692772,0.0065,0.0327,10.0706,-1.9113,0.8743,-0.5624,0.5894,0.8928,0.5466
2692938,0.0186,0.0329,10.0501,-1.8698,0.9740,-0.6099,0.5903,0.8884,0.5515
2693105,0.0212,0.0161,10.0233,-1.9201,0.8655,-0.5552,0.5918,0.8904,0.5510
2693272,0.0333,0.0301,10.0576,-1.9188,0.9278,-0.6159,0.5879,0.8889,0.5510
2693438,0.0246,0.0217,10.0573,-1.9041,0.9034,-0.5990,0.5923,0.8904,0.5481
2693605,0.0269,0.0235,10.0493,-1.9810,0.9266,-0.5894,0.5889,0.8928,0.5510
2693772,0.0176,0.0179,10.0494,-1.8711,0.8899,-0.6148,0.5923,0.8909,0.5481
2693938,0.0194,0.0129,10.0566,-1.9152,0.8585,-0.6574,0.5938,0.8945,0.5525
2694105,0.0337,0.0153,10.0778,-1.8527,0.9180,-0.5906,0.5908,0.8894,0.5520
2694272,0.0327,0.0100,10.0441,-1.9213,0.9132,-0.5735,0.5894,0.8923,0.5476
2694438,0.0291,0.0209,10.0602,-1.9676,0.8694,-0.6112,0.5898,0.8948,0.5510
2694605,0.0112,0.0032,10.0386,-1.9884,0.9423,-0.6161,0.5903,0.8894,0.5476
2694772,0.0320,0.0188,10.0542,-1.9346,0.8683,-0.5698,0.5918,0.8909,0.5510
2694938,0.0110,0.0197,10.0572,-1.9212,0.9069,-0.6099,0.5908,0.8899,0.5515
2695105,0.0296,0.0129,10.0506,-1.9409,0.8985,-0.6100,0.5894,0.8909,0.5491
2695272,0.0325,0.0226,10.0441,-1.9163,0.8984,-0.6526,0.5928,0.8899,0.5505
2695438,0.0244,0.0263,10.0251,-1.8551,0.8778,-0.5686,0.5845,0.8948,0.5500
2695605,0.0181,0.0274,10.0769,-1.8966,0.9010,-0.6307,0.5889,0.8894,0.5491
2695772,0.0179,0.0176,10.0660,-1.8552,0.8716,-0.6574,0.5879,0.8923,0.5515
2695938,0.0281,0.0151,10.0382,-1.9065,0.9203,-0.6467,0.5903,0.8899,0.5500
2696105,0.0266,0.0254,10.0388,-1.8772,0.9144,-0.6027,0.5889,0.8943,0.5471
2696272,0.0274,0.0242,10.0617,-1.9518,0.9106,-0.5529,0.5894,0.8904,0.5500
2696438,0.0256,0.0049,10.0415,-1.9579,0.9810,-0.6247,0.5879,0.8899,0.5520
2696605,0.0242,0.0177,10.0843,-1.9859,0.9132,-0.5686,0.5918,0.8884,0.5491
2696772,0.0295,0.0054,10.0579,-1.9187,0.8877,-0.6150,0.5898,0.8909,0.5481
2696938,0.0266,0.0233,10.0493,-1.9312,0.9338,-0.5164,0.5908,0.8860,0.5476
2697105,0.0235,0.0142,10.0586,-1.9210,0.8962,-0.6112,0.5898,0.8904,0.5486
2697272,0.0140,0.0055,10.0568,-1.9028,0.8875,-0.6210,0.5898,0.8889,0.5500
2697438,0.0178,0.0215,10.0520,-1.9151,0.9498,-0.6162,0.5933,0.8909,0.5486
2697605,0.0346,0.0289,10.0496,-1.9125,0.7599,-0.5892,0.5923,0.8899,0.5520
2697772,0.0183,0.0262,10.0757,-2.0264,0.8752,-0.6027,0.5918,0.8909,0.5530
2697939,0.0235,0.0152,10.0451,-1.8727,0.8573,-0.5819,0.5884,0.8909,0.5505
2698105,0.0282,0.0257,10.0498,-1.8979,0.8935,-0.6124,0.5898,0.8909,0.5525
2698272,0.0258,0.0155,10.0593,-1.9358,0.9315,-0.5929,0.5874,0.8904,0.5496
2698439,0.0222,0.0213,10.0568,-1.9518,0.8535,-0.6452,0.5908,0.8923,0.5500
2698605,0.0221,0.0226,10.0517,-1.8723,0.9290,-0.6684,0.5923,0.8894,0.5530
2698772,0.0284,0.0297,10.0567,-1.9455,0.9507,-0.6914,0.5923,0.8953,0.5481
2698939,0.0236,0.0157,10.0535,-1.8673,0.9037,-0.6354,0.5903,0.8899,0.5476
2699105,0.0208,0.0131,10.0501,-1.9102,0.8777,-0.5908,0.5894,0.8918,0.5530
2699272,0.0244,0.0203,10.0770,-1.9444,0.8922,-0.6453,0.5898,0.8899,0.5525
2699439,0.0252,0.0210,10.0663,-1.9726,0.8376,-0.5846,0.5879,0.8894,0.5544
2699605,0.0067,0.0161,10.0513,-1.9345,0.9364,-0.7096,0.5884,0.8899,0.5549
2699772,0.0404,0.0278,10.0652,-1.9643,0.8364,-0.5893,0.5918,0.8933,0.5540
2699939,0.0226,0.0214,10.0826,-1.8921,0.9823,-0.6539,0.5903,0.8918,0.5525
2700105,0.0214,0.0188,10.0719,-1.9185,0.8946,-0.5906,0.5894,0.8909,0.5535
2700272,0.0216,0.0175,10.0867,-1.9469,0.9594,-0.6245,0.5947,0.8916,0.5544
2700439,0.0153,0.0232,10.0641,-1.9445,0.8756,-0.6332,0.5894,0.8928,0.5554
2700605,0.0301,0.0229,10.0473,-1.9383,0.8825,-0.6195,0.5869,0.8899,0.5549
2700772,0.0318,0.0243,10.0663,-1.9369,0.7841,-0.6330,0.5923,0.8894,0.5530
2700939,0.0300,0.0171,10.0541,-1.9873,0.8828,-0.6225,0.5894,0.8909,0.5554
2701105,0.0158,0.0238,10.0341,-1.9015,0.8824,-0.5492,0.5918,0.8914,0.5540
2701272,0.0204,0.0205,10.0683,-1.9397,0.8830,-0.6393,0.5894,0.8918,0.5549
2701439,0.0251,0.0048,10.0512,-1.8989,0.7943,-0.6284,0.5898,0.8923,0.5491
2701605,0.0164,0.0246,10.0569,-1.9433,0.8365,-0.5483,0.5903,0.8923,0.5549
2701772,0.0333,0.0169,10.0519,-1.8784,0.7843,-0.5353,0.5908,0.8914,0.5500
2701939,0.0272,0.0089,10.0604,-1.9258,0.8903,-0.6660,0.5923,0.8914,0.5496
2702105,0.0334,0.0109,10.0569,-1.9336,0.8638,-0.5881,0.5889,0.8909,0.5461
2702272,0.0349,0.0275,10.0562,-1.9409,0.8912,-0.5749,0.5908,0.8904,0.5510
2702439,0.0288,0.0198,10.0454,-1.9236,0.8069,-0.6452,0.5913,0.8918,0.5505
2702605,0.0262,0.0228,10.0436,-1.9324,0.8335,-0.5881,0.5908,0.8923,0.5481
2702772,0.0192,0.0174,10.0285,-1.9186,0.8571,-0.6243,0.5874,0.8899,0.5535
2702939,0.0219,0.0114,10.0589,-1.9224,0.8769,-0.5622,0.5938,0.8933,0.5491
2703105,0.0276,0.0221,10.0522,-1.9262,0.8451,-0.5705,0.5894,0.8909,0.5510
2703272,0.0268,0.0174,10.0414,-1.9163,0.9066,-0.5833,0.5903,0.8909,0.5505
2703439,0.0138,0.0311,10.0600,-1.9603,0.8110,-0.6260,0.5874,0.8894,0.5530
2703605,0.0373,0.0079,10.0441,-1.8942,0.8936,-0.6318,0.5913,0.8904,0.5500
2703772,0.0132,0.0149,10.0664,-1.9079,0.8535,-0.7133,0.5918,0.8884,0.5491
2703939,0.0227,0.0219,10.0520,-1.9261,0.8791,-0.6430,0.5879,0.8894,0.5496
2704105,0.0239,0.0326,10.0488,-1.8969,0.9266,-0.5906,0.5903,0.8904,0.5510
2704272,0.0201,0.0081,10.0545,-1.9113,0.8370,-0.5858,0.5879,0.8894,0.5500
2704439,0.0207,0.0299,10.0442,-1.9234,0.8945,-0.5987,0.5879,0.8909,0.5500
2704605,0.0149,0.0187,10.0599,-1.9286,0.8115,-0.6311,0.5933,0.8879,0.5505
2704772,0.0143,0.0251,10.0687,-1.8381,0.8055,-0.5750,0.5889,0.8899,0.5520
2704939,0.0245,0.0275,10.0698,-1.9250,0.9118,-0.6338,0.5933,0.8899,0.5544
2705105,0.0277,0.0190,10.0808,-1.9675,0.8610,-0.6251,0.5894,0.8918,0.5510
2705272,0.0186,0.0198,10.0454,-1.8967,0.8170,-0.5403,0.5894,0.8904,0.5471
2705439,0.0212,0.0250,10.0396,-1.9239,0.7967,-0.5886,0.5903,0.8948,0.5505
2705605,0.0256,0.0256,10.0731,-1.8736,0.8852,-0.5701,0.5874,0.8894,0.5510
2705772,0.0318,0.0251,10.0626,-1.8306,0.8874,-0.6161,0.5894,0.8918,0.5491
2705939,0.0213,0.0219,10.0818,-1.9345,0.9694,-0.6527,0.5894,0.8953,0.5496
2706105,0.0187,0.0232,10.0509,-1.9506,0.7769,-0.6260,0.5908,0.8909,0.5505
2706272,0.0394,0.0251,10.0775,-1.8454,0.8275,-0.6048,0.5894,0.8884,0.5505
2706439,0.0334,0.0161,10.0395,-1.8648,0.9144,-0.6180,0.5933,0.8953,0.5520
2706605,0.0166,0.0144,10.0312,-1.9252,0.9532,-0.6257,0.5898,0.8904,0.5525
2706772,0.0308,0.0133,10.0464,-1.8151,0.9083,-0.6406,0.5933,0.8899,0.5486
2706939,0.0177,0.0117,10.0585,-1.9040,0.8488,-0.5513,0.5898,0.8865,0.5496
2707105,0.0357,-0.0021,10.0734,-1.9380,0.9498,-0.5983,0.5884,0.8904,0.5461
2707272,0.0302,0.0154,10.0564,-1.9591,0.9043,-0.5624,0.5918,0.8918,0.5540
2707439,0.0364,0.0157,10.0493,-1.8355,0.9831,-0.4989,0.5903,0.8909,0.5515
2707605,0.0253,0.0374,10.0433,-1.9105,0.8954,-0.6083,0.5923,0.8879,0.5515
2707772,0.0205,0.0090,10.0396,-1.8834,0.9112,-0.5439,0.5928,0.8940,0.5574
2707939,0.0248,0.0151,10.0732,-1.8403,0.9261,-0.5881,0.5898,0.8904,0.5496
2708105,0.0252,0.0212,10.0289,-1.8684,0.9461,-0.5948,0.5889,0.8943,0.5515
2708272,0.0091,0.0281,10.0241,-1.8834,0.9275,-0.6316,0.5879,0.8938,0.5500
2708439,0.0201,0.0381,10.0620,-1.9034,0.9268,-0.6421,0.5874,0.8958,0.5515
2708605,0.0260,0.0305,10.0484,-1.9172,0.8382,-0.6513,0.5894,0.8870,0.5491
2708772,0.0266,0.0149,10.0539,-1.8712,0.8554,-0.6090,0.5913,0.8904,0.5452
2708939,0.0148,0.0153,10.0464,-1.9424,0.9033,-0.5853,0.5869,0.8909,0.5500
2709105,0.0331,0.0088,10.0381,-1.9209,0.8852,-0.5306,0.5879,0.8884,0.5466
2709272,0.0290,0.0170,10.0575,-1.9484,0.8837,-0.6317,0.5923,0.8923,0.5520
2709439,0.0264,0.0254,10.0659,-1.8841,0.8756,-0.6204,0.5913,0.8899,0.5486
2709605,0.0186,0.0104,10.0536,-1.9343,0.8450,-0.6436,0.5913,0.8928,0.5461
2709772,0.0131,0.0103,10.0284,-1.8784,0.8969,-0.5946,0.5908,0.8894,0.5476
2709939,0.0257,0.0312,10.0430,-1.9497,0.8688,-0.6399,0.5908,0.8918,0.5520
2710105,0.0172,0.0183,10.0626,-1.8186,0.9000,-0.6393,0.5908,0.8894,0.5510
2710272,0.0245,0.0259,10.0607,-1.8657,0.8865,-0.5575,0.5889,0.8918,0.5505
2710439,0.0245,0.0264,10.0390,-1.9118,0.8079,-0.6260,0.5884,0.8923,0.5486
2710605,0.0241,0.0174,10.0335,-1.9342,0.8915,-0.6134,0.5879,0.8899,0.5491
2710772,0.0212,0.0254,10.0450,-1.9446,0.9503,-0.6263,0.5913,0.8928,0.5520
2710939,0.0146,0.0082,10.0631,-1.9591,0.9283,-0.5793,0.5908,0.8879,0.5530
2711105,0.0289,0.0255,10.0672,-1.9634,0.8538,-0.6074,0.5894,0.8904,0.5496
2711272,0.0250,0.0131,10.0373,-1.9069,0.8871,-0.5645,0.5898,0.8914,0.5491
2711439,0.0126,0.0269,10.0551,-1.8874,0.8618,-0.5925,0.5898,0.8928,0.5491
2711605,0.0430,0.0292,10.0660,-1.9542,1.0082,-0.6535,0.5884,0.8904,0.5491
2711772,0.0161,0.0188,10.0603,-1.9482,0.9621,-0.6709,0.5869,0.8923,0.5486
2711939,0.0169,0.0172,10.0402,-1.9501,0.9243,-0.6599,0.5908,0.8918,0.5486
2712105,0.0255,0.0227,10.0503,-1.8693,0.8895,-0.6093,0.5908,0.8928,0.5476
2712272,0.0180,0.0100,10.0436,-1.8644,0.9656,-0.5674,0.5894,0.8899,0.5530
2712439,0.0230,0.0200,10.0676,-1.9135,0.8568,-0.5602,0.5884,0.8928,0.5544
2712605,0.0346,0.0064,10.0366,-1.8782,0.8595,-0.5747,0.5918,0.8904,0.5530
2712772,0.0081,0.0154,10.0612,-1.8854,0.9285,-0.5748,0.5933,0.8914,0.5505
2712939,0.0117,0.0104,10.0530,-1.8572,0.8786,-0.6222,0.5918,0.8894,0.5471
2713105,0.0183,0.0110,10.0501,-1.9441,0.8523,-0.6253,0.5903,0.8889,0.5491
2713272,0.0239,0.0156,10.0615,-1.9184,0.9427,-0.6417,0.5894,0.8914,0.5486
2713439,0.0253,0.0139,10.0485,-1.9370,0.9826,-0.6125,0.5898,0.8933,0.5491
2713605,0.0258,0.0178,10.0450,-1.9384,0.8179,-0.5138,0.5889,0.8918,0.5515
2713772,0.0283,0.0299,10.0470,-1.9093,1.0009,-0.6139,0.5928,0.8884,0.5520
2713939,0.0173,0.0130,10.0754,-1.9074,0.8878,-0.6191,0.5894,0.8899,0.5510
2714105,0.0300,0.0211,10.0600,-1.9677,0.8351,-0.5390,0.5923,0.8918,0.5466
2714272,0.0092,0.0221,10.0505,-1.8795,0.9043,-0.6320,0.5908,0.8889,0.5481
2714439,0.0255,0.0253,10.0385,-1.9547,0.8998,-0.6264,0.5898,0.8909,0.5491
2714606,0.0245,0.0168,10.0258,-1.8863,0.9095,-0.5935,0.5903,0.8909,0.5510
2714772,0.0275,0.0196,10.0581,-1.8699,0.8869,-0.6436,0.5869,0.8923,0.5471
2714939,0.0280,0.0172,10.0353,-1.9056,0.9658,-0.6058,0.5923,0.8904,0.5530
2715106,0.0253,0.0290,10.0449,-1.8739,0.9818,-0.6389,0.5894,0.8909,0.5476
2715272,0.0272,0.0309,10.0804,-1.9518,0.8642,-0.5665,0.5884,0.8933,0.5466
2715439,0.0289,0.0100,10.0432,-1.9444,0.8805,-0.6474,0.5894,0.8918,0.5471
2715606,0.0225,0.0203,10.0527,-1.9444,0.9326,-0.5656,0.5874,0.8909,0.5515
2715772,0.0166,0.0152,10.0552,-1.9307,0.8527,-0.6337,0.5903,0.8889,0.5505
2715939,0.0276,0.0198,10.0357,-1.8664,0.8027,-0.6070,0.5889,0.8899,0.5471
2716106,0.0389,0.0270,10.0691,-1.8858,0.8148,-0.5775,0.5874,0.8918,0.5481
2716272,0.0289,0.0173,10.0741,-1.9853,0.8575,-0.6253,0.5903,0.8943,0.5496
2716439,0.0154,0.0072,10.0765,-1.9236,0.8963,-0.6758,0.5894,0.8894,0.5466
2716606,0.0052,0.0159,10.0481,-1.9463,0.9371,-0.6061,0.5913,0.8909,0.5525
2716772,0.0270,0.0164,10.0715,-1.9591,0.8465,-0.5979,0.5898,0.8918,0.5510
2716939,0.0208,0.0287,10.0575,-1.9463,0.9520,-0.6298,0.5884,0.8914,0.5491
2717106,0.0213,0.0074,10.0468,-1.9750,0.9120,-0.5333,0.5894,0.8909,0.5500
2717272,0.0133,0.0215,10.0802,-1.8854,0.9358,-0.6289,0.5903,0.8933,0.5544
2717439,0.0280,0.0156,10.0647,-1.9243,0.9436,-0.6222,0.5869,0.8923,0.5471
2717606,0.0335,0.0104,10.0701,-1.9801,0.8595,-0.6301,0.5942,0.8923,0.5505
2717772,0.0254,0.0169,10.0429,-1.9690,0.8918,-0.4556,0.5913,0.8899,0.5500
2717939,0.0312,0.0120,10.0514,-1.9747,0.8337,-0.5836,0.5923,0.8928,0.5486
2718106,0.0097,0.0195,10.0541,-1.9584,0.9392,-0.6443,0.5898,0.8904,0.5452
2718272,0.0227,0.0184,10.0424,-1.9138,0.9607,-0.6693,0.5879,0.8918,0.5496
2718439,0.0120,0.0267,10.0403,-1.9483,0.9215,-0.5703,0.5894,0.8884,0.5486
2718606,0.0367,0.0149,10.0599,-1.9208,0.9758,-0.6020,0.5879,0.8938,0.5486
2718772,0.0247,0.0197,10.0563,-1.9252,0.8931,-0.5965,0.5864,0.8894,0.5481
2718939,0.0354,0.0221,10.0898,-1.9422,0.9516,-0.5815,0.5908,0.8894,0.5461
2719106,0.0317,0.0237,10.0309,-1.8925,0.9161,-0.5762,0.5894,0.8914,0.5486
2719272,0.0246,0.0331,10.0390,-1.9037,0.8711,-0.6170,0.5908,0.8928,0.5530
2719439,0.0315,0.0197,10.0593,-1.9408,0.8921,-0.5522,0.5889,0.8899,0.5505
2719606,0.0188,0.0312,10.0743,-1.8381,0.9036,-0.6338,0.5884,0.8904,0.5505
2719772,0.0265,0.0190,10.0480,-1.9167,0.8947,-0.5998,0.5889,0.8894,0.5471
2719939,0.0152,0.0147,10.0503,-1.8430,0.9328,-0.5508,0.5894,0.8923,0.5486
2720106,0.0221,0.0192,10.0470,-1.9148,0.8464,-0.6473,0.5923,0.8914,0.5505
2720272,0.0153,0.0170,10.0647,-1.8869,0.8949,-0.5428,0.5913,0.8904,0.5496
2720439,0.0150,0.0213,10.0489,-1.8969,0.9714,-0.5979,0.5918,0.8909,0.5520
2720606,0.0177,0.0217,10.0644,-1.8752,0.8698,-0.6151,0.5894,0.8904,0.5432
2720772,0.0189,0.0343,10.0653,-1.9126,0.8066,-0.5823,0.5874,0.8884,0.5535
2720939,0.0261,0.0053,10.0570,-1.9171,0.9665,-0.6010,0.5913,0.8899,0.5500
2721106,0.0336,0.0181,10.0484,-1.9700,0.8896,-0.6125,0.5898,0.8914,0.5457
2721272,0.0172,0.0105,10.0368,-1.9387,0.9127,-0.6222,0.5898,0.8928,0.5496
2721439,0.0344,0.0344,10.0555,-1.9244,0.8754,-0.5561,0.5903,0.8943,0.5520
2721606,0.0354,0.0071,10.0592,-1.8715,0.7947,-0.5970,0.5923,0.8879,0.5491
2721772,0.0327,0.0119,10.0505,-1.9148,0.9447,-0.6676,0.5884,0.8899,0.5505
2721939,0.0317,0.0304,10.0505,-1.9437,0.9711,-0.6447,0.5859,0.8899,0.5510
2722106,0.0339,0.0185,10.0640,-1.9261,0.8844,-0.6368,0.5889,0.8923,0.5525
2722272,0.0350,0.0218,10.0691,-1.9105,0.8896,-0.5723,0.5859,0.8918,0.5505
2722439,0.0258,0.0135,10.0648,-1.9261,0.8824,-0.5865,0.5908,0.8894,0.5505
2722606,0.0200,0.0075,10.0646,-1.9229,0.8624,-0.5666,0.5913,0.8918,0.5500
2722772,0.0230,0.0190,10.0629,-1.9141,0.8695,-0.6465,0.5908,0.8918,0.5496
2722939,0.0212,0.0153,10.0814,-1.9436,0.8933,-0.5821,0.5894,0.8909,0.5500
2723106,0.0313,0.0124,10.0708,-1.9082,0.8954,-0.6251,0.5898,0.8889,0.5505
2723272,0.0284,0.0227,10.0369,-1.9472,0.8977,-0.6141,0.5913,0.8943,0.5486
2723439,0.0228,0.0208,10.0433,-1.9549,0.9666,-0.6275,0.5879,0.8894,0.5496
2723606,0.0096,0.0294,10.0286,-1.9599,0.9201,-0.6161,0.5884,0.8899,0.5481
2723772,0.0294,0.0206,10.0561,-1.9436,0.8901,-0.5804,0.5898,0.8914,0.5466
2723939,0.0289,0.0259,10.0543,-1.9319,0.9009,-0.5699,0.5913,0.8889,0.5486
2724106,0.0192,0.0141,10.0645,-1.9207,0.8878,-0.5780,0.5889,0.8943,0.5486
2724272,0.0289,0.0210,10.0580,-1.8906,0.9252,-0.6055,0.5889,0.8904,0.5520
2724439,0.0331,0.0198,10.0532,-1.9545,0.9179,-0.5838,0.5874,0.8914,0.5500
2724606,0.0243,0.0086,10.0630,-1.9248,0.8433,-0.6287,0.5879,0.8899,0.5515
2724772,0.0314,0.0141,10.0583,-1.9155,0.9136,-0.5390,0.5889,0.8948,0.5486
2724939,0.0431,0.0092,10.0641,-1.8887,0.8420,-0.5435,0.5918,0.8909,0.5457
2725106,0.0328,0.0211,10.0299,-1.9301,0.8226,-0.5513,0.5894,0.8889,0.5535
2725272,0.0292,0.0075,10.0371,-1.9303,0.9051,-0.5821,0.5908,0.8889,0.5520
2725439,0.0269,0.0197,10.0441,-1.8984,0.8921,-0.5602,0.5913,0.8909,0.5500
2725606,0.0225,0.0198,10.0730,-1.9865,1.0472,-0.5689,0.5894,0.8884,0.5486
2725772,0.0302,0.0210,10.0567,-1.8771,0.9530,-0.5770,0.5889,0.8958,0.5500
2725939,0.0261,0.0220,10.0350,-1.9262,0.9019,-0.5893,0.5869,0.8899,0.5496
2726106,0.0367,0.0180,10.0720,-1.9317,0.8267,-0.5771,0.5874,0.8923,0.5486
2726272,0.0362,0.0208,10.0436,-1.9110,0.8872,-0.6109,0.5918,0.8899,0.5491
2726439,0.0305,0.0119,10.0493,-1.9782,0.8495,-0.6290,0.5898,0.8943,0.5515
2726606,0.0258,0.0145,10.0656,-1.9363,0.8409,-0.5511,0.5894,0.8884,0.5491
2726772,0.0178,0.0192,10.0450,-1.9057,0.9939,-0.5738,0.5898,0.8894,0.5515
2726939,0.0308,0.0209,10.0457,-1.8921,0.9579,-0.6091,0.5928,0.8870,0.5500
2727106,0.0290,0.0158,10.0616,-1.8713,0.9031,-0.6245,0.5908,0.8909,0.5515
2727272,0.0369,0.0342,10.0330,-1.8735,0.8696,-0.6185,0.5913,0.8909,0.5505
2727439,0.0320,0.0171,10.0476,-1.9366,0.9967,-0.6382,0.5918,0.8879,0.5466
2727606,0.0276,0.0125,10.0702,-1.9644,0.8503,-0.6286,0.5908,0.8918,0.5476
2727772,0.0365,0.0147,10.0484,-1.9742,0.8977,-0.6088,0.5884,0.8909,0.5471
2727939,0.0369,0.0105,10.0126,-1.9152,0.8243,-0.5871,0.5879,0.8909,0.5476
2728106,0.0283,0.0189,10.0601,-1.9132,0.8426,-0.6787,0.5923,0.8918,0.5515
2728272,0.0333,0.0127,10.0470,-1.9524,0.8387,-0.5974,0.5874,0.8909,0.5486
2728439,0.0323,0.0268,10.0661,-1.9661,0.8691,-0.6315,0.5894,0.8904,0.5496
2728606,0.0271,0.0136,10.0672,-1.9225,0.8538,-0.5425,0.5894,0.8899,0.5471
2728772,0.0300,0.0156,10.0613,-1.9551,0.9217,-0.6454,0.5908,0.8923,0.5530
2728939,0.0299,0.0221,10.0562,-1.9475,0.9362,-0.5344,0.5908,0.8943,0.5515
2729106,0.0301,0.0162,10.0484,-1.9619,0.9347,-0.6290,0.5903,0.8943,0.5510
2729272,0.0243,0.0181,10.0619,-1.9021,0.8489,-0.6064,0.5879,0.8909,0.5491
2729439,0.0244,0.0088,10.0591,-1.9628,0.8784,-0.5458,0.5894,0.8909,0.5520
2729606,0.0248,0.0210,10.0602,-1.9412,0.8890,-0.6154,0.5884,0.8899,0.5500
2729772,0.0223,0.0235,10.0462,-1.9566,0.9151,-0.6250,0.5908,0.8938,0.5476
2729939,0.0220,0.0344,10.0662,-1.8950,0.8615,-0.6766,0.5933,0.8918,0.5515
2730106,0.0238,0.0184,10.0416,-1.9511,0.9534,-0.5520,0.5903,0.8909,0.5491
2730272,0.0220,0.0189,10.0722,-1.9062,0.8513,-0.6419,0.5898,0.8904,0.5481
2730439,0.0306,0.0205,10.0692,-1.9179,0.9421,-0.6160,0.5889,0.8879,0.5505
2730606,0.0193,0.0121,10.0480,-1.9186,0.8923,-0.6125,0.5874,0.8909,0.5486
2730772,0.0318,0.0115,10.0676,-1.8777,0.9490,-0.6202,0.5884,0.8909,0.5525
2730939,0.0238,0.0166,10.0501,-1.8860,0.9569,-0.6238,0.5923,0.8870,0.5515
2731106,0.0211,0.0110,10.0434,-1.9637,1.0292,-0.6712,0.5879,0.8889,0.5520
2731273,0.0218,0.0205,10.0598,-1.9634,0.8695,-0.6609,0.5884,0.8918,0.5432
2731439,0.0257,0.0134,10.0687,-1.9110,0.9595,-0.5658,0.5913,0.8909,0.5500
2731606,0.0311,0.0246,10.0490,-1.9619,0.8583,-0.6228,0.5898,0.8923,0.5520
2731773,0.0331,0.0129,10.0501,-1.9565,0.8887,-0.6781,0.5913,0.8894,0.5554
2731939,0.0295,0.0249,10.0282,-1.9544,0.9035,-0.6477,0.5884,0.8889,0.5525
2732106,0.0412,0.0177,10.0523,-1.8913,0.9727,-0.6071,0.5894,0.8884,0.5510
2732273,0.0350,0.0282,10.0648,-1.9786,0.8925,-0.5223,0.5879,0.8943,0.5496
2732439,0.0222,0.0242,10.0680,-1.9876,0.8694,-0.6045,0.5889,0.8904,0.5544
2732606,0.0378,0.0200,10.0689,-1.8765,0.8866,-0.5817,0.5898,0.8875,0.5471
2732773,0.0249,0.0235,10.0518,-1.9359,0.8774,-0.5965,0.5884,0.8933,0.5520
2732939,0.0154,0.0194,10.0384,-1.9657,0.9003,-0.6363,0.5898,0.8894,0.5554
2733106,0.0018,0.0128,10.0547,-1.9347,0.8646,-0.6136,0.5884,0.8909,0.5510
2733273,0.0141,0.0193,10.0458,-1.8853,0.9088,-0.5858,0.5903,0.8909,0.5549
2733439,0.0126,0.0251,10.0438,-1.9217,0.9367,-0.6593,0.5898,0.8918,0.5525
2733606,0.0156,0.0227,10.0465,-1.9377,0.8705,-0.5698,0.5933,0.8899,0.5466
2733773,0.0275,0.0139,10.0539,-1.9573,0.8773,-0.6193,0.5918,0.8909,0.5564
2733939,0.0306,0.0246,10.0659,-2.0208,0.9448,-0.6137,0.5874,0.8899,0.5486
2734106,0.0284,0.0249,10.0464,-1.9645,0.8512,-0.6301,0.5913,0.8879,0.5481
2734273,0.0359,0.0331,10.0543,-1.9339,0.9510,-0.5918,0.5923,0.8914,0.5520
2734439,0.0305,0.0307,10.0565,-1.9359,0.9136,-0.5846,0.5879,0.8909,0.5544
2734606,0.0298,0.0143,10.0617,-1.9329,0.8061,-0.6723,0.5889,0.8918,0.5510
2734773,0.0379,0.0223,10.0797,-1.9333,0.7879,-0.6413,0.5903,0.8904,0.5515
2734939,0.0189,0.0214,10.0514,-2.0233,0.8772,-0.6630,0.5898,0.8879,0.5500
2735106,0.0383,0.0055,10.0620,-1.9182,0.9453,-0.6410,0.5879,0.8923,0.5540
2735273,0.0114,0.0196,10.0600,-1.8370,0.8711,-0.6356,0.5884,0.8928,0.5544
2735439,0.0288,0.0160,10.0314,-2.0208,0.8487,-0.5868,0.5903,0.8909,0.5549
2735606,0.0273,0.0130,10.0400,-1.9144,0.8658,-0.6525,0.5884,0.8923,0.5574
2735773,0.0379,0.0107,10.0583,-1.9217,0.9319,-0.6015,0.5923,0.8904,0.5535
2735939,0.0334,0.0158,10.0415,-1.9555,0.8986,-0.6472,0.5903,0.8875,0.5535
2736106,0.0270,0.0111,10.0681,-1.8790,0.8835,-0.5455,0.5889,0.8909,0.5540
2736273,0.0310,0.0163,10.0558,-1.9346,0.8098,-0.6502,0.5913,0.8918,0.5540
2736439,0.0316,0.0145,10.0595,-1.8876,0.9660,-0.6349,0.5928,0.8899,0.5515
2736606,0.0289,0.0282,10.0587,-1.9175,0.8044,-0.6227,0.5859,0.8914,0.5549
2736773,0.0269,0.0320,10.0369,-1.9438,0.8852,-0.6416,0.5889,0.8923,0.5549
2736939,0.0312,0.0220,10.0315,-1.8863,0.8815,-0.6424,0.5903,0.8928,0.5554
2737106,0.0111,0.0299,10.0302,-1.9284,0.8072,-0.6070,0.5918,0.8879,0.5530
2737273,0.0304,0.0175,10.0249,-1.9358,0.9520,-0.6430,0.5903,0.8933,0.5549
2737439,0.0333,0.0238,10.0408,-1.8925,0.8092,-0.6692,0.5913,0.8918,0.5535
2737606,0.0140,0.0256,10.0548,-1.9254,0.9179,-0.5663,0.5962,0.8911,0.5515
2737773,0.0430,0.0364,10.0600,-1.9310,0.8866,-0.6624,0.5908,0.8928,0.5481
2737939,0.0248,0.0195,10.0795,-1.9591,0.9100,-0.6150,0.5903,0.8914,0.5491
2738106,0.0227,0.0238,10.0367,-1.8871,0.9879,-0.6714,0.5889,0.8918,0.5510
2738273
2738439
