DeviceTag: Movella DOT,FirmwareVersion: 3.0.0,AppVersion: 2023.6.0,SyncStatus: Unknown (Synced/Un-synced),OutputRate: 60,FilterProfile: Unknown,Measurement Mode: Custom Modes - Custom Mode 1,StartTime: 2025-12-02 16:02:11.979,Â© Movella Technologies B.V. 2005-2025
SampleTimeFine,Gyr_X,Gyr_Y,Gyr_Z,Quat_W,Quat_X,Quat_Y,Quat_Z,Euler_X,Euler_Y,Euler_Z,FreeAcc_X,FreeAcc_Y,FreeAcc_Z
6247530,0.1433,-0.0660,0.0457,0.9940,-0.0005,-0.0028,0.1093,-0.0974,-0.3141,12.5531,-0.0130,0.0025,0.2362
6247697,-1.9105,0.9317,-0.6265,0.9940,-0.0008,-0.0026,0.1089,-0.1243,-0.2873,12.5076,0.0012,0.0185,0.2246
6247864,-1.9145,0.9017,-0.5955,0.9941,-0.0009,-0.0025,0.1087,-0.1352,-0.2749,12.4798,-0.0028,0.0185,0.2336
6248030,-1.9735,0.8273,-0.6622,0.9940,-0.0010,-0.0024,0.1089,-0.1442,-0.2632,12.5068,0.0051,0.0258,0.2190
6248197,-1.9249,0.9498,-0.5927,0.9940,-0.0011,-0.0024,0.1089,-0.1522,-0.2543,12.5084,0.0115,0.0003,0.2116
6248364,-2.0264,0.8681,-0.6474,0.9940,-0.0013,-0.0023,0.1091,-0.1753,-0.2476,12.5248,0.0027,0.0194,0.2241
6248530,-1.9458,0.8908,-0.6120,0.9940,-0.0015,-0.0023,0.1090,-0.1968,-0.2388,12.5191,0.0226,0.0287,0.2509
6248697,-1.9049,0.9251,-0.6442,0.9940,-0.0017,-0.0022,0.1091,-0.2174,-0.2329,12.5262,0.0092,0.0315,0.2348
6248864,-1.9061,0.9041,-0.6091,0.9940,-0.0018,-0.0022,0.1091,-0.2377,-0.2262,12.5227,0.0029,0.0414,0.2446
6249030,-1.8718,0.8443,-0.6310,0.9940,-0.0020,-0.0021,0.1090,-0.2564,-0.2190,12.5125,-0.0011,0.0477,0.2334
6249197,-1.9416,0.9571,-0.5668,0.9940,-0.0022,-0.0021,0.1090,-0.2755,-0.2087,12.5103,0.0141,0.0280,0.2494
6249364,-1.9109,0.9698,-0.5742,0.9940,-0.0024,-0.0020,0.1089,-0.2960,-0.1981,12.5072,0.0045,0.0465,0.2393
6249530,-1.9090,0.9237,-0.5660,0.9940,-0.0026,-0.0019,0.1089,-0.3166,-0.1877,12.5034,0.0052,0.0389,0.2450
6249697,-1.8918,0.9843,-0.5925,0.9940,-0.0028,-0.0018,0.1089,-0.3376,-0.1759,12.5051,0.0172,0.0459,0.2452
6249864,-1.9053,0.9151,-0.5769,0.9941,-0.0030,-0.0018,0.1089,-0.3593,-0.1654,12.5002,0.0150,0.0652,0.2121
6250030,-1.9099,0.9230,-0.5669,0.9940,-0.0032,-0.0017,0.1089,-0.3808,-0.1550,12.5061,0.0108,0.0526,0.2314
6250197,-1.9215,0.9191,-0.5690,0.9940,-0.0034,-0.0016,0.1089,-0.4028,-0.1445,12.5061,0.0180,0.0551,0.2556
6250364,-1.9775,0.9413,-0.5546,0.9940,-0.0036,-0.0016,0.1089,-0.4261,-0.1336,12.4994,0.0050,0.0736,0.2398
6250530,-2.0152,0.8619,-0.6241,0.9940,-0.0038,-0.0015,0.1089,-0.4497,-0.1238,12.4991,0.0236,0.0734,0.2173
6250697,-2.0063,0.8951,-0.5824,0.9941,-0.0040,-0.0014,0.1088,-0.4733,-0.1136,12.4927,0.0465,0.0836,0.2351
6250864,-1.9477,0.8800,-0.6122,0.9941,-0.0042,-0.0014,0.1088,-0.4959,-0.1044,12.4945,0.0207,0.0879,0.2330
6251030,-1.9664,0.8307,-0.6172,0.9941,-0.0044,-0.0013,0.1088,-0.5188,-0.0959,12.4886,0.0157,0.0871,0.2532
6251197,-1.9486,0.8677,-0.5217,0.9941,-0.0046,-0.0013,0.1087,-0.5413,-0.0866,12.4832,0.0315,0.0803,0.2111
6251364,-1.9257,0.9305,-0.5880,0.9941,-0.0048,-0.0012,0.1087,-0.5636,-0.0764,12.4839,0.0171,0.1046,0.2288
6251530,-1.8716,0.9956,-0.6890,0.9941,-0.0050,-0.0011,0.1087,-0.5849,-0.0650,12.4818,0.0316,0.1024,0.2336
6251697,-1.8499,0.8778,-0.5846,0.9941,-0.0052,-0.0011,0.1087,-0.6059,-0.0557,12.4822,0.0168,0.1074,0.2389
6251864,-1.9399,0.9022,-0.6257,0.9941,-0.0054,-0.0010,0.1087,-0.6283,-0.0457,12.4790,0.0203,0.1042,0.2198
6252030,-1.9449,0.9065,-0.5782,0.9941,-0.0056,-0.0009,0.1087,-0.6508,-0.0356,12.4783,0.0264,0.1185,0.2306
6252197,-1.9469,0.9730,-0.6435,0.9941,-0.0058,-0.0009,0.1087,-0.6733,-0.0244,12.4799,0.0307,0.1157,0.2426
6252364,-1.9502,0.8616,-0.6326,0.9941,-0.0060,-0.0008,0.1087,-0.6959,-0.0151,12.4764,0.0264,0.1110,0.2310
6252530,-1.9209,0.9609,-0.6232,0.9941,-0.0062,-0.0007,0.1086,-0.7181,-0.0040,12.4689,0.0166,0.1228,0.2268
6252697,-1.8544,0.9029,-0.5888,0.9941,-0.0064,-0.0006,0.1086,-0.7392,0.0062,12.4644,0.0260,0.1266,0.2682
6252864,-1.9511,1.0062,-0.6679,0.9941,-0.0066,-0.0006,0.1085,-0.7619,0.0181,12.4590,0.0273,0.1316,0.2252
6253030,-1.9680,0.8377,-0.6038,0.9941,-0.0068,-0.0005,0.1085,-0.7849,0.0273,12.4567,0.0444,0.1268,0.2358
6253197,-1.9653,0.8591,-0.5689,0.9941,-0.0070,-0.0004,0.1084,-0.8079,0.0368,12.4510,0.0206,0.1535,0.2231
6253364,-1.9208,0.8725,-0.5636,0.9941,-0.0072,-0.0004,0.1084,-0.8301,0.0465,12.4485,0.0399,0.1325,0.2557
6253530,-1.9140,0.9452,-0.5872,0.9941,-0.0074,-0.0003,0.1084,-0.8523,0.0574,12.4476,0.0501,0.1479,0.2223
6253697,-2.0051,0.8201,-0.5357,0.9941,-0.0077,-0.0003,0.1084,-0.8760,0.0662,12.4454,0.0291,0.1543,0.2506
6253864,-1.9721,0.8965,-0.6261,0.9941,-0.0079,-0.0002,0.1084,-0.8991,0.0762,12.4428,0.0301,0.1669,0.2392
6254030,-1.9595,0.8189,-0.5880,0.9941,-0.0081,-0.0001,0.1083,-0.9219,0.0850,12.4322,0.0461,0.1678,0.2121
6254197,-1.9868,0.9853,-0.5892,0.9941,-0.0083,-0.0001,0.1083,-0.9451,0.0965,12.4300,0.0417,0.1725,0.2259
6254364,-2.0304,0.9407,-0.5895,0.9941,-0.0085,0.0000,0.1082,-0.9690,0.1072,12.4275,0.0275,0.1702,0.2143
6254530,-1.9824,0.9151,-0.6638,0.9941,-0.0087,0.0001,0.1082,-0.9921,0.1175,12.4243,0.0302,0.1838,0.2460
6254697,-1.9384,0.8993,-0.6326,0.9941,-0.0089,0.0001,0.1082,-1.0143,0.1275,12.4178,0.0389,0.1760,0.2210
6254864,-1.8964,0.9513,-0.6107,0.9941,-0.0091,0.0002,0.1081,-1.0359,0.1384,12.4109,0.0389,0.1774,0.2444
6255030,-1.9455,0.9144,-0.6094,0.9941,-0.0093,0.0003,0.1081,-1.0582,0.1488,12.4056,0.0510,0.1832,0.2476
6255197,-1.9910,0.9265,-0.5453,0.9941,-0.0095,0.0004,0.1080,-1.0813,0.1592,12.4030,0.0434,0.2036,0.2336
6255364,-1.8475,0.8718,-0.6278,0.9941,-0.0097,0.0004,0.1080,-1.1019,0.1687,12.3987,0.0505,0.1955,0.2116
6255530,-1.9418,0.9062,-0.5697,0.9941,-0.0099,0.0005,0.1079,-1.1240,0.1788,12.3922,0.0401,0.1990,0.2401
6255697,-1.9432,0.8782,-0.6352,0.9941,-0.0101,0.0006,0.1079,-1.1461,0.1884,12.3906,0.0555,0.2162,0.2366
6255864,-1.9247,0.9677,-0.5843,0.9941,-0.0103,0.0006,0.1079,-1.1678,0.1993,12.3845,0.0503,0.2177,0.2410
6256030,-1.8996,0.8787,-0.5937,0.9941,-0.0105,0.0007,0.1079,-1.1890,0.2088,12.3822,0.0371,0.2171,0.2415
6256197,-1.9394,0.9090,-0.6006,0.9941,-0.0107,0.0008,0.1078,-1.2108,0.2188,12.3789,0.0369,0.2310,0.2345
6256364,-1.8768,0.9222,-0.5949,0.9941,-0.0109,0.0008,0.1078,-1.2314,0.2290,12.3758,0.0388,0.2313,0.2404
6256530,-1.9660,0.9122,-0.6234,0.9941,-0.0111,0.0009,0.1078,-1.2534,0.2390,12.3724,0.0555,0.2182,0.2204
6256697,-1.8337,0.8132,-0.4948,0.9941,-0.0113,0.0009,0.1078,-1.2732,0.2473,12.3700,0.0566,0.2353,0.2492
6256864,-1.9050,0.9706,-0.6342,0.9941,-0.0115,0.0010,0.1077,-1.2941,0.2582,12.3646,0.0533,0.2468,0.2282
6257030,-1.9375,0.8331,-0.6097,0.9941,-0.0117,0.0011,0.1077,-1.3154,0.2668,12.3607,0.0591,0.2511,0.2377
6257197,-1.8913,0.9005,-0.6452,0.9941,-0.0118,0.0011,0.1076,-1.3358,0.2763,12.3572,0.0523,0.2446,0.2300
6257364,-1.8941,0.9709,-0.6233,0.9941,-0.0120,0.0012,0.1076,-1.3562,0.2871,12.3521,0.0653,0.2365,0.2371
6257530,-1.9322,0.9464,-0.6525,0.9941,-0.0122,0.0013,0.1076,-1.3772,0.2973,12.3485,0.0567,0.2487,0.2316
6257697,-1.9388,0.9771,-0.5876,0.9941,-0.0124,0.0014,0.1075,-1.3982,0.3080,12.3434,0.0505,0.2560,0.2287
6257864,-1.9256,0.8886,-0.6107,0.9941,-0.0126,0.0014,0.1075,-1.4188,0.3173,12.3414,0.0509,0.2648,0.2388
6258030,-1.9468,0.8736,-0.6099,0.9941,-0.0128,0.0015,0.1075,-1.4398,0.3262,12.3383,0.0477,0.2647,0.2277
6258197,-1.9498,0.9741,-0.6166,0.9941,-0.0130,0.0016,0.1075,-1.4606,0.3368,12.3347,0.0654,0.2641,0.2271
6258364,-2.0276,0.9562,-0.6122,0.9941,-0.0132,0.0016,0.1074,-1.4826,0.3470,12.3312,0.0662,0.2579,0.2297
6258530,-1.9508,0.9544,-0.5990,0.9941,-0.0134,0.0017,0.1074,-1.5033,0.3571,12.3280,0.0709,0.2720,0.2340
6258697,-1.9126,0.8900,-0.5925,0.9941,-0.0136,0.0017,0.1074,-1.5232,0.3661,12.3241,0.0601,0.2736,0.2524
6258864,-1.9785,0.9537,-0.5737,0.9941,-0.0137,0.0018,0.1073,-1.5442,0.3761,12.3198,0.0589,0.2725,0.2526
6259030,-1.8962,0.8596,-0.6676,0.9941,-0.0139,0.0019,0.1073,-1.5636,0.3844,12.3191,0.0567,0.2896,0.2289
6259197,-1.9129,0.8376,-0.5754,0.9941,-0.0141,0.0019,0.1073,-1.5832,0.3924,12.3189,0.0593,0.2955,0.2586
6259364,-1.9460,0.8685,-0.5539,0.9941,-0.0143,0.0020,0.1073,-1.6032,0.4008,12.3167,0.0689,0.2883,0.2511
6259530,-1.9942,0.8651,-0.5778,0.9941,-0.0145,0.0020,0.1073,-1.6238,0.4091,12.3172,0.0792,0.2898,0.2404
6259697,-1.9618,0.8920,-0.5944,0.9941,-0.0147,0.0021,0.1073,-1.6438,0.4177,12.3148,0.0776,0.2935,0.2246
6259864,-1.9909,0.9385,-0.6061,0.9941,-0.0148,0.0021,0.1073,-1.6642,0.4270,12.3107,0.0716,0.3077,0.2084
6260030,-1.9285,0.9329,-0.5238,0.9941,-0.0150,0.0022,0.1073,-1.6833,0.4362,12.3105,0.0659,0.3100,0.2565
6260197,-1.8611,0.8642,-0.6006,0.9941,-0.0152,0.0023,0.1073,-1.7012,0.4442,12.3092,0.0636,0.3230,0.2144
6260364,-1.8797,0.9244,-0.6250,0.9941,-0.0153,0.0023,0.1072,-1.7192,0.4530,12.3068,0.0737,0.3147,0.2500
6260531,-1.9367,0.8849,-0.6204,0.9941,-0.0155,0.0024,0.1072,-1.7380,0.4611,12.3027,0.0812,0.2952,0.2197
6260697,-1.9536,0.8867,-0.6143,0.9941,-0.0157,0.0024,0.1072,-1.7570,0.4692,12.3000,0.0672,0.3197,0.2292
6260864,-1.9465,0.8278,-0.5263,0.9941,-0.0159,0.0025,0.1072,-1.7757,0.4763,12.2982,0.0658,0.3191,0.2226
6261031,-1.8760,0.8936,-0.5487,0.9941,-0.0160,0.0025,0.1071,-1.7930,0.4844,12.2946,0.0792,0.3259,0.2260
6261197,-1.9501,0.9069,-0.6191,0.9941,-0.0162,0.0026,0.1071,-1.8114,0.4925,12.2925,0.0551,0.3623,0.2022
6261364,-1.9885,0.9065,-0.6156,0.9941,-0.0163,0.0026,0.1071,-1.8302,0.5006,12.2903,0.0709,0.3444,0.2378
6261531,-1.9080,0.8452,-0.6356,0.9941,-0.0165,0.0027,0.1071,-1.8475,0.5076,12.2875,0.0787,0.3364,0.2187
6261697,-1.9626,0.8993,-0.5766,0.9941,-0.0167,0.0027,0.1071,-1.8655,0.5154,12.2859,0.0700,0.3306,0.2207
6261864,-1.9487,0.9515,-0.5980,0.9941,-0.0168,0.0028,0.1070,-1.8831,0.5240,12.2830,0.0713,0.3428,0.2437
6262031,-1.9788,0.8506,-0.5950,0.9941,-0.0170,0.0028,0.1070,-1.9010,0.5309,12.2818,0.0690,0.3359,0.2333
6262197,-1.9387,0.8611,-0.6391,0.9941,-0.0171,0.0029,0.1070,-1.9181,0.5378,12.2799,0.0813,0.3695,0.2157
6262364,-1.9370,0.9743,-0.5407,0.9941,-0.0173,0.0029,0.1070,-1.9349,0.5466,12.2798,0.0754,0.3507,0.2306
6262531,-1.9188,0.9057,-0.6464,0.9941,-0.0174,0.0030,0.1070,-1.9512,0.5540,12.2777,0.0859,0.3593,0.2524
6262697,-1.9175,0.8872,-0.5471,0.9941,-0.0176,0.0030,0.1070,-1.9673,0.5611,12.2756,0.0903,0.3596,0.2019
6262864,-1.9684,0.9061,-0.5964,0.9941,-0.0177,0.0031,0.1070,-1.9840,0.5684,12.2741,0.0856,0.3761,0.2386
6263031,-1.8852,0.8691,-0.5020,0.9941,-0.0179,0.0031,0.1070,-1.9991,0.5750,12.2721,0.0748,0.3700,0.2310
6263197,-1.9761,0.8993,-0.5372,0.9941,-0.0180,0.0032,0.1070,-2.0155,0.5820,12.2730,0.0747,0.3738,0.2363
6263364,-1.9672,0.8611,-0.5583,0.9941,-0.0182,0.0032,0.1070,-2.0315,0.5882,12.2728,0.0739,0.3649,0.2211
6263531,-1.9339,0.9113,-0.6563,0.9941,-0.0183,0.0033,0.1069,-2.0468,0.5952,12.2705,0.0830,0.3704,0.2274
6263697,-1.8816,0.8366,-0.6522,0.9941,-0.0184,0.0033,0.1069,-2.0610,0.6008,12.2694,0.0826,0.3764,0.2262
6263864,-1.8174,0.8943,-0.5456,0.9941,-0.0186,0.0033,0.1069,-2.0738,0.6073,12.2696,0.0841,0.3828,0.2012
6264031,-1.9180,0.9063,-0.5279,0.9941,-0.0187,0.0034,0.1070,-2.0882,0.6139,12.2708,0.1011,0.3968,0.2410
6264197,-1.8963,0.9059,-0.5943,0.9941,-0.0188,0.0034,0.1070,-2.1019,0.6203,12.2702,0.0821,0.3960,0.2524
6264364,-1.9769,0.9459,-0.5948,0.9941,-0.0189,0.0035,0.1069,-2.1167,0.6273,12.2695,0.1001,0.4101,0.2409
6264531,-2.0373,0.8803,-0.5917,0.9941,-0.0191,0.0035,0.1069,-2.1322,0.6331,12.2688,0.0951,0.3888,0.2333
6264697,-1.9070,0.8735,-0.6222,0.9941,-0.0192,0.0035,0.1069,-2.1454,0.6386,12.2667,0.0990,0.3909,0.2302
6264864,-1.9297,0.8572,-0.6250,0.9941,-0.0193,0.0036,0.1069,-2.1587,0.6437,12.2661,0.0776,0.3772,0.2137
6265031,-1.8972,0.9574,-0.6137,0.9941,-0.0194,0.0036,0.1069,-2.1713,0.6504,12.2654,0.0786,0.3797,0.2039
6265197,-1.9506,0.9695,-0.6405,0.9941,-0.0196,0.0037,0.1069,-2.1845,0.6572,12.2638,0.0637,0.3956,0.2453
6265364,-1.9866,0.8934,-0.6433,0.9941,-0.0197,0.0037,0.1069,-2.1980,0.6626,12.2651,0.0805,0.4114,0.2393
6265531,-2.0043,0.8541,-0.6100,0.9941,-0.0198,0.0037,0.1069,-2.2116,0.6673,12.2656,0.0806,0.4100,0.2384
6265697,-1.9908,0.9363,-0.5454,0.9941,-0.0199,0.0038,0.1069,-2.2247,0.6733,12.2666,0.1162,0.4247,0.2235
6265864,-1.9358,0.9325,-0.6080,0.9941,-0.0200,0.0038,0.1069,-2.2367,0.6790,12.2661,0.1026,0.4078,0.2127
6266031,-1.9432,0.9180,-0.5868,0.9941,-0.0201,0.0038,0.1069,-2.2485,0.6844,12.2666,0.0971,0.4281,0.2322
6266197,-1.9439,0.8797,-0.6775,0.9941,-0.0203,0.0039,0.1069,-2.2600,0.6889,12.2652,0.0687,0.4109,0.2462
6266364,-2.0165,0.8523,-0.5923,0.9941,-0.0204,0.0039,0.1069,-2.2725,0.6930,12.2654,0.0746,0.4072,0.2384
6266531,-2.0122,0.8779,-0.6038,0.9940,-0.0205,0.0039,0.1069,-2.2847,0.6974,12.2669,0.0744,0.4151,0.2289
6266697,-2.0061,0.9263,-0.5802,0.9940,-0.0206,0.0040,0.1070,-2.2965,0.7025,12.2682,0.0936,0.4166,0.2321
6266864,-1.9482,0.8858,-0.6707,0.9940,-0.0207,0.0040,0.1069,-2.3071,0.7067,12.2666,0.0928,0.4382,0.2235
6267031,-1.9101,0.9126,-0.6027,0.9940,-0.0208,0.0040,0.1069,-2.3168,0.7113,12.2658,0.1046,0.4546,0.2295
6267197,-1.9549,0.8755,-0.6307,0.9940,-0.0209,0.0040,0.1069,-2.3269,0.7152,12.2637,0.1025,0.4401,0.2275
6267364,-1.9712,0.8856,-0.6355,0.9939,0.0002,-0.0030,0.1103,-0.0111,-0.3470,12.6658,0.0079,0.0060,0.2483
6267531,-1.9383,0.8942,-0.5966,0.9939,0.0002,-0.0030,0.1103,-0.0109,-0.3473,12.6654,-0.0007,0.0039,0.2276
6267697,-1.8901,0.9515,-0.5631,0.9939,0.0002,-0.0030,0.1103,-0.0099,-0.3466,12.6659,0.0115,-0.0116,0.2483
6267864,-1.9339,0.9350,-0.6196,0.9939,0.0002,-0.0030,0.1103,-0.0097,-0.3462,12.6656,-0.0010,-0.0045,0.2292
6268031,-1.9598,0.8729,-0.5558,0.9939,0.0002,-0.0030,0.1103,-0.0099,-0.3468,12.6661,-0.0004,0.0024,0.2238
6268197,-1.9324,0.9221,-0.5917,0.9939,0.0002,-0.0030,0.1103,-0.0097,-0.3466,12.6649,-0.0074,-0.0034,0.2347
6268364,-1.9340,0.9224,-0.5771,0.9939,0.0003,-0.0030,0.1103,-0.0095,-0.3464,12.6649,0.0200,-0.0090,0.2448
6268531,-1.9249,0.7638,-0.6045,0.9939,0.0003,-0.0030,0.1103,-0.0091,-0.3488,12.6651,-0.0076,0.0086,0.2160
6268697,-1.9358,0.8065,-0.6441,0.9939,0.0003,-0.0030,0.1103,-0.0089,-0.3505,12.6641,0.0103,0.0104,0.2405
6268864,-1.9328,0.8735,-0.5126,0.9939,0.0003,-0.0031,0.1103,-0.0087,-0.3511,12.6652,0.0076,0.0049,0.2427
6269031,-2.0067,0.9112,-0.5693,0.9939,0.0003,-0.0031,0.1103,-0.0097,-0.3511,12.6649,-0.0149,-0.0038,0.2316
6269197,-2.0073,0.9363,-0.5826,0.9939,0.0002,-0.0031,0.1103,-0.0107,-0.3506,12.6649,0.0183,0.0044,0.2348
6269364,-1.9988,0.8639,-0.6221,0.9939,0.0002,-0.0031,0.1103,-0.0116,-0.3514,12.6644,0.0019,-0.0196,0.2424
6269531,-1.8822,0.8770,-0.5814,0.9939,0.0002,-0.0031,0.1103,-0.0105,-0.3519,12.6646,0.0062,0.0038,0.2346
6269697,-1.8673,0.9686,-0.5564,0.9939,0.0003,-0.0031,0.1103,-0.0092,-0.3510,12.6641,-0.0055,0.0071,0.2133
6269864,-1.9548,0.8523,-0.6059,0.9939,0.0003,-0.0031,0.1103,-0.0094,-0.3519,12.6628,-0.0025,0.0044,0.2456
6270031,-1.9468,0.9714,-0.5801,0.9939,0.0003,-0.0031,0.1103,-0.0094,-0.3509,12.6637,-0.0086,0.0128,0.2433
6270197,-1.8980,0.9918,-0.6064,0.9939,0.0003,-0.0030,0.1103,-0.0086,-0.3495,12.6642,0.0052,0.0081,0.2389
6270364,-1.9773,0.8879,-0.6215,0.9939,0.0003,-0.0030,0.1103,-0.0092,-0.3498,12.6633,0.0107,-0.0087,0.2226
6270531,-1.9945,0.8763,-0.6092,0.9939,0.0003,-0.0030,0.1103,-0.0100,-0.3504,12.6624,-0.0024,-0.0076,0.2358
6270697,-1.8247,0.8826,-0.6910,0.9939,0.0003,-0.0031,0.1103,-0.0080,-0.3508,12.6617,0.0037,0.0020,0.2496
6270864,-1.9713,0.9865,-0.6599,0.9939,0.0003,-0.0030,0.1102,-0.0084,-0.3495,12.6595,0.0040,-0.0006,0.2377
6271031,-1.9492,0.8647,-0.6582,0.9939,0.0003,-0.0030,0.1102,-0.0085,-0.3502,12.6589,0.0046,-0.0133,0.2358
6271197,-2.0093,0.9235,-0.5710,0.9939,0.0003,-0.0030,0.1103,-0.0096,-0.3500,12.6605,0.0125,0.0025,0.2121
6271364,-1.9579,0.8779,-0.6308,0.9939,0.0003,-0.0030,0.1102,-0.0098,-0.3505,12.6588,-0.0019,0.0030,0.2690
6271531,-1.9233,0.8904,-0.5281,0.9939,0.0003,-0.0031,0.1102,-0.0095,-0.3508,12.6594,0.0003,-0.0039,0.2460
6271697,-1.8814,0.9856,-0.6146,0.9939,0.0003,-0.0030,0.1102,-0.0084,-0.3495,12.6592,-0.0009,0.0080,0.2484
6271864,-1.9156,0.8005,-0.5521,0.9939,0.0003,-0.0031,0.1102,-0.0079,-0.3513,12.6590,0.0045,-0.0147,0.2517
6272031,-1.9609,0.8711,-0.6025,0.9939,0.0003,-0.0031,0.1102,-0.0082,-0.3519,12.6585,0.0032,-0.0044,0.2315
6272197,-1.9064,0.9697,-0.5820,0.9939,0.0003,-0.0031,0.1102,-0.0076,-0.3509,12.6585,-0.0011,-0.0022,0.2374
6272364,-1.9806,0.8941,-0.6432,0.9939,0.0003,-0.0031,0.1102,-0.0082,-0.3511,12.6584,-0.0046,-0.0147,0.2248
6272531,-1.8841,0.9795,-0.6380,0.9939,0.0003,-0.0030,0.1102,-0.0073,-0.3499,12.6579,-0.0030,-0.0022,0.2210
6272697,-1.9415,0.9136,-0.5967,0.9939,0.0003,-0.0030,0.1102,-0.0072,-0.3498,12.6581,-0.0129,-0.0012,0.2405
6272864,-1.9420,0.9176,-0.6668,0.9939,0.0003,-0.0030,0.1102,-0.0072,-0.3497,12.6577,-0.0004,-0.0078,0.2417
6273031,-1.9866,0.8772,-0.5005,0.9939,0.0003,-0.0030,0.1103,-0.0080,-0.3502,12.6603,0.0136,0.0130,0.2331
6273197,-1.8939,0.9216,-0.5740,0.9939,0.0003,-0.0030,0.1103,-0.0072,-0.3499,12.6604,0.0230,0.0020,0.2432
6273364,-1.9960,0.8713,-0.6197,0.9939,0.0003,-0.0030,0.1103,-0.0081,-0.3505,12.6601,-0.0028,0.0029,0.2306
6273531,-1.9872,0.8642,-0.6304,0.9939,0.0003,-0.0031,0.1103,-0.0088,-0.3513,12.6596,-0.0030,-0.0065,0.2304
6273697,-1.9321,0.8995,-0.5646,0.9939,0.0003,-0.0031,0.1103,-0.0086,-0.3514,12.6601,-0.0167,0.0051,0.2555
6273864,-1.9072,0.9640,-0.5369,0.9939,0.0003,-0.0030,0.1103,-0.0080,-0.3505,12.6610,-0.0119,0.0095,0.2500
6274031,-1.9352,0.8270,-0.6333,0.9939,0.0003,-0.0031,0.1103,-0.0079,-0.3518,12.6596,0.0014,-0.0001,0.2475
6274197,-1.9019,0.9365,-0.6026,0.9939,0.0003,-0.0031,0.1102,-0.0072,-0.3513,12.6594,-0.0032,0.0015,0.2396
6274364,-1.9281,0.8840,-0.5858,0.9939,0.0003,-0.0031,0.1103,-0.0070,-0.3517,12.6603,0.0023,0.0064,0.2454
6274531,-1.8939,0.9330,-0.5252,0.9939,0.0003,-0.0031,0.1103,-0.0062,-0.3512,12.6609,-0.0013,-0.0149,0.2327
6274697,-1.8506,0.9578,-0.5885,0.9939,0.0003,-0.0030,0.1103,-0.0047,-0.3504,12.6603,-0.0040,-0.0023,0.2422
6274864,-1.9078,0.9527,-0.5335,0.9939,0.0003,-0.0030,0.1103,-0.0041,-0.3496,12.6606,0.0006,-0.0059,0.2567
6275031,-1.9390,0.9477,-0.5413,0.9939,0.0003,-0.0030,0.1103,-0.0041,-0.3489,12.6611,-0.0064,-0.0248,0.2363
6275197,-1.9430,0.8544,-0.6219,0.9939,0.0003,-0.0030,0.1103,-0.0041,-0.3498,12.6606,0.0008,-0.0108,0.2592
6275364,-1.9608,0.9350,-0.5740,0.9939,0.0003,-0.0030,0.1103,-0.0044,-0.3493,12.6613,0.0016,-0.0021,0.2259
6275531,-1.9499,0.9132,-0.6046,0.9939,0.0003,-0.0030,0.1103,-0.0046,-0.3492,12.6614,0.0013,0.0011,0.2333
6275697,-1.9369,0.8916,-0.5851,0.9939,0.0003,-0.0030,0.1103,-0.0045,-0.3495,12.6603,0.0090,0.0017,0.2422
6275864,-1.9130,0.9883,-0.5592,0.9939,0.0003,-0.0030,0.1103,-0.0040,-0.3481,12.6609,-0.0067,-0.0020,0.2452
6276031,-1.8971,1.0141,-0.5834,0.9939,0.0003,-0.0030,0.1103,-0.0033,-0.3463,12.6619,0.0026,-0.0075,0.2406
6276197,-1.9115,0.9315,-0.5879,0.9939,0.0003,-0.0030,0.1103,-0.0028,-0.3459,12.6620,-0.0042,-0.0024,0.2244
6276364,-1.8804,0.9574,-0.5447,0.9939,0.0003,-0.0030,0.1103,-0.0018,-0.3450,12.6634,-0.0120,-0.0156,0.2496
6276531,-1.8951,0.8362,-0.6462,0.9939,0.0003,-0.0030,0.1103,-0.0010,-0.3462,12.6630,0.0017,0.0006,0.2133
6276697,-1.9242,0.8870,-0.5884,0.9939,0.0003,-0.0030,0.1103,-0.0008,-0.3465,12.6630,0.0110,-0.0095,0.2480
6276864,-1.8975,0.8681,-0.6596,0.9939,0.0003,-0.0030,0.1103,-0.0000,-0.3471,12.6622,-0.0010,-0.0039,0.2395
6277031,-1.8830,0.9426,-0.6204,0.9939,0.0003,-0.0030,0.1103,0.0009,-0.3465,12.6621,-0.0070,0.0075,0.2609
6277198,-1.9166,0.9519,-0.5692,0.9939,0.0003,-0.0030,0.1103,0.0013,-0.3457,12.6620,0.0025,0.0040,0.2351
6277364,-1.9345,0.9775,-0.6232,0.9939,0.0003,-0.0030,0.1103,0.0014,-0.3445,12.6611,0.0096,0.0047,0.2507
6277531,-1.9416,0.9317,-0.6048,0.9939,0.0003,-0.0030,0.1103,0.0014,-0.3441,12.6611,-0.0005,-0.0155,0.2425
6277698,-1.8958,0.9060,-0.5877,0.9939,0.0003,-0.0030,0.1103,0.0021,-0.3441,12.6611,-0.0027,-0.0054,0.2320
6277864,-1.9421,0.9270,-0.6656,0.9939,0.0003,-0.0030,0.1103,0.0021,-0.3438,12.6604,-0.0110,0.0019,0.2190
6278031,-1.9074,0.9077,-0.5714,0.9939,0.0004,-0.0030,0.1103,0.0027,-0.3437,12.6608,0.0075,-0.0099,0.2173
6278198,-1.9090,0.8993,-0.6202,0.9939,0.0004,-0.0030,0.1103,0.0032,-0.3438,12.6600,0.0057,-0.0093,0.2055
6278364,-1.9111,0.8850,-0.5662,0.9939,0.0004,-0.0030,0.1103,0.0037,-0.3442,12.6615,-0.0011,-0.0089,0.2429
6278531,-1.9142,0.8588,-0.6598,0.9939,0.0004,-0.0030,0.1103,0.0041,-0.3449,12.6601,0.0041,-0.0038,0.2118
6278698,-1.9090,0.9881,-0.6863,0.9939,0.0004,-0.0030,0.1102,0.0046,-0.3436,12.6594,0.0093,0.0053,0.2593
6278864,-1.9192,0.9914,-0.6459,0.9939,0.0004,-0.0030,0.1102,0.0050,-0.3421,12.6583,0.0112,-0.0112,0.2289
6279031,-1.8935,0.9690,-0.6063,0.9939,0.0004,-0.0030,0.1102,0.0057,-0.3411,12.6579,-0.0109,-0.0076,0.2564
6279198,-1.9551,0.9212,-0.6164,0.9939,0.0004,-0.0030,0.1102,0.0055,-0.3408,12.6570,-0.0053,-0.0107,0.2419
6279364,-1.8610,0.8316,-0.6432,0.9939,0.0004,-0.0030,0.1102,0.0068,-0.3421,12.6558,0.0007,-0.0149,0.2252
6279531,-1.9513,0.8937,-0.6915,0.9939,0.0004,-0.0030,0.1102,0.0066,-0.3423,12.6540,-0.0106,-0.0048,0.2416
6279698,-1.9444,0.9059,-0.6480,0.9939,0.0004,-0.0030,0.1102,0.0065,-0.3422,12.6534,0.0023,-0.0078,0.2378
6279864,-1.9469,0.9399,-0.6331,0.9939,0.0004,-0.0030,0.1102,0.0064,-0.3417,12.6534,0.0077,0.0022,0.2561
6280031,-1.9929,0.8320,-0.5527,0.9939,0.0004,-0.0030,0.1102,0.0055,-0.3429,12.6537,0.0076,-0.0094,0.2382
6280198,-1.9700,0.8993,-0.6238,0.9939,0.0004,-0.0030,0.1102,0.0050,-0.3430,12.6531,0.0203,0.0056,0.2057
6280364,-1.9708,0.9394,-0.6452,0.9939,0.0004,-0.0030,0.1102,0.0045,-0.3424,12.6525,0.0012,0.0155,0.2549
6280531,-1.9636,0.7697,-0.6136,0.9939,0.0004,-0.0030,0.1102,0.0041,-0.3447,12.6524,-0.0016,-0.0052,0.2192
6280698,-1.9460,0.8802,-0.5491,0.9939,0.0004,-0.0030,0.1102,0.0039,-0.3451,12.6537,0.0018,-0.0095,0.2238
6280864,-1.9899,0.8094,-0.6364,0.9939,0.0004,-0.0030,0.1102,0.0031,-0.3467,12.6530,-0.0091,-0.0193,0.2503
6281031,-2.0019,0.8065,-0.6993,0.9939,0.0004,-0.0030,0.1102,0.0021,-0.3484,12.6513,-0.0059,-0.0034,0.2212
6281198,-2.0101,0.7774,-0.6579,0.9939,0.0003,-0.0030,0.1102,0.0009,-0.3505,12.6507,-0.0105,-0.0052,0.2116
6281364,-2.0303,0.7129,-0.6481,0.9939,0.0003,-0.0031,0.1102,-0.0006,-0.3537,12.6497,-0.0121,-0.0028,0.2515
6281531,-2.0789,0.8831,-0.6226,0.9939,0.0003,-0.0031,0.1102,-0.0030,-0.3541,12.6497,0.0160,-0.0115,0.2417
6281698,-2.0470,0.8372,-0.5525,0.9939,0.0003,-0.0031,0.1102,-0.0048,-0.3552,12.6508,-0.0005,0.0048,0.2517
6281864,-2.1141,0.7827,-0.6085,0.9939,0.0003,-0.0031,0.1102,-0.0077,-0.3572,12.6495,-0.0051,0.0063,0.2521
6282031,-2.1220,0.7307,-0.6108,0.9939,0.0003,-0.0031,0.1102,-0.0107,-0.3601,12.6495,-0.0056,0.0002,0.2514
6282198,-2.1416,0.8276,-0.6028,0.9939,0.0002,-0.0031,0.1102,-0.0141,-0.3614,12.6498,-0.0016,0.0074,0.2395
6282364,-2.1020,0.7206,-0.5716,0.9939,0.0002,-0.0032,0.1102,-0.0168,-0.3645,12.6498,-0.0103,-0.0015,0.2298
6282531,-2.1268,0.8117,-0.5592,0.9939,0.0002,-0.0032,0.1102,-0.0200,-0.3661,12.6507,-0.0047,-0.0196,0.2214
6282698,-2.0818,0.8988,-0.5531,0.9939,0.0002,-0.0032,0.1102,-0.0224,-0.3662,12.6514,0.0026,-0.0201,0.2353
6282864,-1.9222,0.8175,-0.5296,0.9939,0.0002,-0.0032,0.1102,-0.0221,-0.3676,12.6529,0.0107,-0.0135,0.2267
6283031,-2.0951,0.8536,-0.6464,0.9939,0.0001,-0.0032,0.1102,-0.0247,-0.3685,12.6520,0.0065,0.0060,0.2436
6283198,-1.9449,0.8408,-0.5692,0.9939,0.0001,-0.0032,0.1102,-0.0248,-0.3695,12.6524,0.0072,0.0029,0.2412
6283364,-1.8894,0.8432,-0.6190,0.9939,0.0001,-0.0032,0.1102,-0.0240,-0.3706,12.6525,0.0003,-0.0019,0.2302
6283531,-1.9486,0.9520,-0.6860,0.9939,0.0001,-0.0032,0.1102,-0.0241,-0.3698,12.6507,-0.0126,-0.0180,0.2534
6283698,-1.8480,0.8715,-0.5985,0.9939,0.0002,-0.0032,0.1102,-0.0226,-0.3703,12.6513,0.0063,-0.0208,0.2225
6283864,-1.9259,0.9806,-0.5808,0.9939,0.0002,-0.0032,0.1102,-0.0224,-0.3691,12.6515,0.0019,-0.0025,0.2472
6284031,-1.9070,0.8910,-0.5782,0.9939,0.0002,-0.0032,0.1102,-0.0219,-0.3693,12.6523,-0.0124,-0.0144,0.2048
6284198,-1.9720,0.8555,-0.6057,0.9939,0.0002,-0.0032,0.1102,-0.0225,-0.3701,12.6523,-0.0157,0.0038,0.2378
6284364,-1.9221,0.8706,-0.5704,0.9939,0.0002,-0.0032,0.1102,-0.0222,-0.3707,12.6523,0.0169,-0.0029,0.2298
6284531,-2.0010,0.8927,-0.5909,0.9939,0.0002,-0.0032,0.1102,-0.0233,-0.3709,12.6524,0.0054,0.0053,0.2535
6284698,-1.9659,0.8631,-0.5440,0.9939,0.0002,-0.0032,0.1102,-0.0237,-0.3716,12.6536,0.0025,-0.0006,0.2550
6284864,-1.8986,0.8723,-0.6433,0.9939,0.0002,-0.0032,0.1102,-0.0231,-0.3721,12.6521,-0.0013,0.0025,0.2370
6285031,-1.9799,0.9097,-0.6120,0.9939,0.0002,-0.0032,0.1102,-0.0238,-0.3720,12.6512,-0.0029,0.0026,0.2346
6285198,-2.0278,0.9694,-0.6122,0.9939,0.0001,-0.0032,0.1102,-0.0252,-0.3709,12.6513,-0.0085,-0.0090,0.2167
6285364,-1.9739,0.9524,-0.6760,0.9939,0.0001,-0.0032,0.1102,-0.0258,-0.3701,12.6504,-0.0021,-0.0094,0.2400
6285531,-1.9603,0.9009,-0.5622,0.9939,0.0001,-0.0032,0.1102,-0.0262,-0.3702,12.6513,0.0034,-0.0173,0.2546
6285698,-1.9441,0.8280,-0.6022,0.9939,0.0001,-0.0032,0.1102,-0.0263,-0.3715,12.6511,-0.0043,-0.0196,0.2220
6285864,-1.9133,0.9009,-0.5927,0.9939,0.0001,-0.0032,0.1102,-0.0259,-0.3715,12.6519,0.0072,-0.0078,0.2406
6286031,-1.9010,0.8490,-0.5972,0.9939,0.0001,-0.0033,0.1102,-0.0253,-0.3725,12.6518,-0.0005,-0.0007,0.2470
6286198,-1.9218,0.8866,-0.5026,0.9939,0.0001,-0.0033,0.1102,-0.0250,-0.3728,12.6534,-0.0105,0.0076,0.2458
6286364,-1.9573,0.9097,-0.6634,0.9939,0.0001,-0.0033,0.1102,-0.0253,-0.3727,12.6525,-0.0062,-0.0059,0.2460
6286531,-1.9959,0.8964,-0.6244,0.9939,0.0001,-0.0033,0.1102,-0.0263,-0.3728,12.6517,-0.0071,-0.0094,0.2354
6286698,-1.9975,0.8761,-0.6017,0.9939,0.0001,-0.0033,0.1102,-0.0273,-0.3733,12.6521,-0.0140,0.0034,0.2349
6286864,-1.8855,0.9177,-0.5853,0.9939,0.0001,-0.0033,0.1102,-0.0264,-0.3730,12.6529,-0.0113,-0.0104,0.2420
6287031,-1.9997,0.9010,-0.5530,0.9939,0.0001,-0.0033,0.1102,-0.0274,-0.3731,12.6531,-0.0050,-0.0188,0.2371
6287198,-2.0000,0.8763,-0.6297,0.9939,0.0001,-0.0033,0.1102,-0.0285,-0.3736,12.6521,-0.0032,-0.0089,0.2192
6287364,-1.9325,0.9675,-0.6078,0.9939,0.0001,-0.0033,0.1102,-0.0284,-0.3725,12.6526,-0.0012,-0.0093,0.2542
6287531,-1.9291,0.9046,-0.5427,0.9939,0.0001,-0.0033,0.1102,-0.0282,-0.3725,12.6536,-0.0081,-0.0021,0.2159
6287698,-1.9305,0.8919,-0.5890,0.9939,0.0001,-0.0033,0.1102,-0.0281,-0.3727,12.6528,0.0021,0.0011,0.2081
6287864,-1.9591,0.8834,-0.5887,0.9939,0.0001,-0.0033,0.1102,-0.0285,-0.3730,12.6526,-0.0012,-0.0166,0.2168
6288031,-1.9317,0.8797,-0.5565,0.9939,0.0001,-0.0033,0.1102,-0.0284,-0.3734,12.6532,0.0006,-0.0001,0.2288
6288198,-1.9289,0.8037,-0.5529,0.9939,0.0001,-0.0033,0.1102,-0.0282,-0.3751,12.6538,-0.0154,-0.0094,0.2521
6288364,-1.9377,0.8961,-0.5665,0.9939,0.0001,-0.0033,0.1102,-0.0282,-0.3752,12.6545,-0.0011,-0.0197,0.1909
6288531,-1.9067,0.9401,-0.6873,0.9939,0.0001,-0.0033,0.1102,-0.0277,-0.3746,12.6533,0.0009,0.0032,0.2273
6288698,-1.9324,0.8834,-0.5432,0.9939,0.0001,-0.0033,0.1102,-0.0276,-0.3750,12.6541,-0.0024,0.0067,0.2162
6288864,-1.8476,1.0015,-0.5485,0.9939,0.0001,-0.0033,0.1102,-0.0261,-0.3733,12.6550,0.0043,0.0042,0.2618
6289031,-1.9777,0.7866,-0.5618,0.9939,0.0001,-0.0033,0.1102,-0.0268,-0.3753,12.6556,-0.0058,0.0191,0.2401
6289198,-1.8755,0.9423,-0.6211,0.9939,0.0001,-0.0033,0.1102,-0.0258,-0.3746,12.6554,0.0010,-0.0039,0.1981
6289364,-1.9259,0.8636,-0.5358,0.9939,0.0001,-0.0033,0.1102,-0.0256,-0.3753,12.6568,-0.0050,-0.0214,0.2252
6289531,-1.8104,0.9625,-0.5898,0.9939,0.0002,-0.0033,0.1102,-0.0234,-0.3743,12.6570,-0.0057,-0.0026,0.2644
6289698,-1.8519,0.9758,-0.5883,0.9939,0.0002,-0.0033,0.1102,-0.0220,-0.3731,12.6566,-0.0133,-0.0071,0.2384
6289864,-1.9109,0.8475,-0.5579,0.9939,0.0002,-0.0033,0.1102,-0.0216,-0.3741,12.6577,-0.0042,0.0152,0.2448
6290031,-1.9430,0.9064,-0.6049,0.9939,0.0002,-0.0033,0.1102,-0.0216,-0.3740,12.6578,-0.0179,-0.0085,0.2537
6290198,-1.9319,0.8391,-0.6161,0.9939,0.0002,-0.0033,0.1102,-0.0215,-0.3751,12.6570,0.0059,-0.0059,0.2386
6290364,-1.9305,0.8059,-0.6316,0.9939,0.0002,-0.0033,0.1102,-0.0214,-0.3767,12.6560,0.0038,0.0034,0.2279
6290531,-1.9773,0.8046,-0.6172,0.9939,0.0002,-0.0033,0.1102,-0.0221,-0.3784,12.6549,0.0102,0.0115,0.2715
6290698,-1.8700,0.9208,-0.5662,0.9939,0.0002,-0.0033,0.1102,-0.0209,-0.3781,12.6554,-0.0084,-0.0109,0.2572
6290864,-2.0282,0.9363,-0.5935,0.9939,0.0002,-0.0033,0.1102,-0.0224,-0.3775,12.6558,-0.0047,0.0011,0.2310
6291031,-2.0034,0.8231,-0.5879,0.9939,0.0002,-0.0033,0.1102,-0.0235,-0.3789,12.6568,-0.0137,-0.0129,0.2554
6291198,-2.0229,0.8811,-0.6235,0.9939,0.0001,-0.0033,0.1102,-0.0249,-0.3793,12.6563,-0.0023,-0.0078,0.2378
6291364,-1.9501,0.8582,-0.6372,0.9939,0.0001,-0.0033,0.1102,-0.0251,-0.3800,12.6554,-0.0206,-0.0231,0.2274
6291531,-1.9183,0.9615,-0.6138,0.9939,0.0001,-0.0033,0.1102,-0.0248,-0.3790,12.6551,-0.0211,-0.0143,0.2190
6291698,-1.9827,0.8582,-0.6077,0.9939,0.0001,-0.0033,0.1102,-0.0256,-0.3798,12.6552,-0.0047,-0.0083,0.2222
6291864,-1.9231,0.9295,-0.6304,0.9939,0.0001,-0.0033,0.1102,-0.0253,-0.3794,12.6545,-0.0010,0.0008,0.2470
6292031,-1.8481,0.8755,-0.6620,0.9939,0.0002,-0.0033,0.1102,-0.0238,-0.3798,12.6531,0.0034,-0.0023,0.2519
6292198,-1.9629,0.9598,-0.5341,0.9939,0.0002,-0.0033,0.1102,-0.0242,-0.3789,12.6535,-0.0065,-0.0020,0.2646
6292364,-1.9937,0.8799,-0.5965,0.9939,0.0001,-0.0033,0.1102,-0.0252,-0.3793,12.6540,-0.0140,-0.0034,0.2452
6292531,-1.9464,0.8857,-0.5958,0.9939,0.0001,-0.0033,0.1102,-0.0253,-0.3796,12.6540,-0.0159,-0.0174,0.2383
6292698,-1.9926,0.9588,-0.5499,0.9939,0.0001,-0.0033,0.1102,-0.0262,-0.3786,12.6550,0.0014,-0.0006,0.2492
6292864,-1.9211,0.8888,-0.6284,0.9939,0.0001,-0.0033,0.1102,-0.0259,-0.3789,12.6543,-0.0163,-0.0082,0.2495
6293031,-1.9791,0.8552,-0.6845,0.9939,0.0001,-0.0033,0.1102,-0.0266,-0.3797,12.6529,-0.0020,0.0036,0.2230
6293198,-1.8885,0.9525,-0.5976,0.9939,0.0001,-0.0033,0.1102,-0.0258,-0.3788,12.6531,0.0058,-0.0308,0.2730
6293364,-1.9407,0.9532,-0.6465,0.9939,0.0001,-0.0033,0.1102,-0.0258,-0.3780,12.6520,-0.0018,0.0100,0.1972
6293531,-1.9354,0.9060,-0.6274,0.9939,0.0001,-0.0033,0.1102,-0.0258,-0.3780,12.6521,0.0030,-0.0082,0.2475
6293698,-2.0051,0.8207,-0.7021,0.9939,0.0001,-0.0033,0.1102,-0.0269,-0.3793,12.6506,-0.0205,-0.0006,0.2248
6293865,-1.9723,0.8823,-0.6434,0.9939,0.0001,-0.0033,0.1102,-0.0275,-0.3797,12.6501,-0.0086,-0.0184,0.2407
6294031,-1.9931,0.9056,-0.5994,0.9939,0.0001,-0.0033,0.1102,-0.0284,-0.3796,12.6501,-0.0058,-0.0105,0.2404
6294198,-1.8636,0.9846,-0.5801,0.9939,0.0001,-0.0033,0.1102,-0.0272,-0.3783,12.6506,-0.0202,-0.0125,0.2228
6294365,-1.9310,0.9033,-0.5347,0.9939,0.0001,-0.0033,0.1102,-0.0271,-0.3783,12.6517,-0.0022,-0.0066,0.2182
6294531,-1.9690,0.9034,-0.5414,0.9939,0.0001,-0.0033,0.1102,-0.0276,-0.3782,12.6527,-0.0181,-0.0041,0.2381
6294698,-1.9921,0.8709,-0.6375,0.9939,0.0001,-0.0033,0.1102,-0.0285,-0.3788,12.6516,0.0146,0.0125,0.2309
6294865,-1.9345,0.8874,-0.5808,0.9939,0.0001,-0.0033,0.1102,-0.0285,-0.3790,12.6522,0.0132,0.0015,0.2492
6295031,-1.9279,0.9533,-0.6086,0.9939,0.0001,-0.0033,0.1102,-0.0283,-0.3782,12.6524,-0.0154,0.0001,0.2579
6295198,-1.9524,0.8838,-0.6180,0.9939,0.0001,-0.0033,0.1102,-0.0285,-0.3785,12.6527,-0.0129,0.0050,0.2203
6295365,-1.8629,0.9587,-0.6039,0.9939,0.0001,-0.0033,0.1102,-0.0273,-0.3776,12.6530,-0.0109,-0.0051,0.2118
6295531,-1.9648,0.9663,-0.6431,0.9939,0.0001,-0.0033,0.1102,-0.0277,-0.3765,12.6522,-0.0100,0.0014,0.2663
6295698,-1.9180,0.9205,-0.5832,0.9939,0.0001,-0.0033,0.1102,-0.0274,-0.3762,12.6526,-0.0069,0.0001,0.2300
6295865,-1.9611,0.8265,-0.6061,0.9939,0.0001,-0.0033,0.1102,-0.0278,-0.3775,12.6529,-0.0066,-0.0100,0.2706
6296031,-1.9152,0.9449,-0.6405,0.9939,0.0001,-0.0033,0.1102,-0.0274,-0.3768,12.6522,0.0135,-0.0008,0.2508
6296198,-1.9421,0.8766,-0.5609,0.9939,0.0001,-0.0033,0.1102,-0.0275,-0.3772,12.6529,-0.0113,0.0052,0.2258
6296365,-1.9276,0.8620,-0.5883,0.9939,0.0001,-0.0033,0.1102,-0.0273,-0.3779,12.6532,0.0043,-0.0005,0.2413
6296531,-1.8527,0.9705,-0.6319,0.9939,0.0001,-0.0033,0.1102,-0.0259,-0.3768,12.6525,-0.0178,0.0059,0.2442
6296698,-1.9391,0.9179,-0.6647,0.9939,0.0001,-0.0033,0.1102,-0.0259,-0.3765,12.6513,-0.0059,-0.0139,0.2104
6296865,-1.9143,0.8551,-0.6027,0.9939,0.0001,-0.0033,0.1102,-0.0255,-0.3773,12.6510,-0.0010,-0.0015,0.2419
6297031,-1.9098,0.9197,-0.5844,0.9939,0.0001,-0.0033,0.1102,-0.0250,-0.3770,12.6509,-0.0156,0.0031,0.2068
6297198,-1.9728,0.9058,-0.6064,0.9939,0.0001,-0.0033,0.1102,-0.0256,-0.3770,12.6506,-0.0079,-0.0094,0.2427
6297365,-1.9737,0.8119,-0.6573,0.9939,0.0001,-0.0033,0.1102,-0.0262,-0.3785,12.6502,0.0006,0.0096,0.2379
6297531,-1.9248,0.9233,-0.6149,0.9939,0.0001,-0.0033,0.1102,-0.0260,-0.3781,12.6498,0.0071,0.0160,0.2474
6297698,-1.9972,0.8611,-0.5540,1.0000,-0.0002,-0.0033,-0.0000,-0.0270,-0.3788,-0.0000,0.0071,0.0097,0.2589
6297865,-1.9200,0.8527,-0.6123,1.0000,-0.0002,-0.0033,-0.0000,-0.0267,-0.3797,-0.0006,-0.0061,-0.0057,0.2452
6298031,-1.9805,0.8915,-0.6097,1.0000,-0.0002,-0.0033,-0.0000,-0.0274,-0.3799,-0.0010,-0.0033,-0.0083,0.2241
6298198,-1.9655,0.8826,-0.6334,1.0000,-0.0002,-0.0033,-0.0000,-0.0278,-0.3802,-0.0020,0.0015,-0.0058,0.2435
6298365,-1.9361,0.9081,-0.6175,1.0000,-0.0002,-0.0033,-0.0000,-0.0278,-0.3801,-0.0026,0.0043,-0.0252,0.2249
6298531,-1.8401,0.9161,-0.6411,1.0000,-0.0002,-0.0033,-0.0000,-0.0262,-0.3799,-0.0032,-0.0099,-0.0028,0.2376
6298698,-1.7601,1.0249,-0.4951,1.0000,-0.0002,-0.0033,-0.0000,-0.0232,-0.3779,-0.0011,-0.0053,-0.0109,0.2256
6298865,-1.8102,0.9849,-0.6107,1.0000,-0.0002,-0.0033,-0.0000,-0.0211,-0.3765,-0.0014,-0.0031,-0.0119,0.2449
6299031,-1.8347,1.0044,-0.6281,1.0000,-0.0002,-0.0033,-0.0000,-0.0194,-0.3748,-0.0024,-0.0103,0.0158,0.2478
6299198,-1.9429,0.9433,-0.5142,1.0000,-0.0002,-0.0033,-0.0000,-0.0195,-0.3741,-0.0012,-0.0098,0.0173,0.2511
6299365,-1.9522,0.8548,-0.6392,1.0000,-0.0002,-0.0033,-0.0000,-0.0197,-0.3749,-0.0012,-0.0131,-0.0001,0.2523
6299531,-2.0067,0.9171,-0.5430,1.0000,-0.0002,-0.0033,-0.0000,-0.0208,-0.3747,-0.0002,-0.0078,-0.0000,0.2332
6299698,-1.9108,0.9526,-0.6477,1.0000,-0.0002,-0.0033,-0.0000,-0.0204,-0.3738,-0.0011,0.0106,-0.0176,0.2171
6299865,-1.8128,0.9476,-0.6065,1.0000,-0.0002,-0.0033,-0.0000,-0.0183,-0.3731,-0.0013,0.0013,-0.0047,0.2700
6300031,-1.8769,0.9823,-0.5845,1.0000,-0.0002,-0.0032,-0.0000,-0.0173,-0.3718,-0.0014,0.0230,-0.0013,0.2162
6300198,-1.7702,0.9300,-0.5811,1.0000,-0.0001,-0.0032,-0.0000,-0.0145,-0.3713,-0.0012,0.0052,0.0059,0.2773
6300365,-1.9103,0.9254,-0.5832,1.0000,-0.0001,-0.0032,-0.0000,-0.0140,-0.3709,-0.0012,-0.0074,-0.0014,0.2520
6300531,-2.0006,0.8851,-0.6464,1.0000,-0.0001,-0.0032,-0.0000,-0.0151,-0.3712,-0.0027,-0.0143,0.0073,0.2536
6300698,-1.9661,0.9872,-0.6042,1.0000,-0.0001,-0.0032,-0.0000,-0.0155,-0.3698,-0.0025,-0.0110,0.0006,0.2423
6300865,-1.8930,0.9578,-0.5502,1.0000,-0.0001,-0.0032,-0.0000,-0.0148,-0.3689,-0.0013,-0.0126,0.0029,0.2505
6301031,-1.8714,0.9106,-0.6150,1.0000,-0.0001,-0.0032,-0.0000,-0.0137,-0.3688,-0.0017,-0.0131,-0.0069,0.2209
6301198,-1.9263,0.8598,-0.6867,1.0000,-0.0001,-0.0032,-0.0000,-0.0135,-0.3695,-0.0031,-0.0091,-0.0002,0.2195
6301365,-1.8391,1.0213,-0.5831,1.0000,-0.0001,-0.0032,-0.0000,-0.0118,-0.3675,-0.0024,-0.0058,-0.0009,0.2290
6301531,-1.8762,0.9092,-0.6465,1.0000,-0.0001,-0.0032,-0.0000,-0.0108,-0.3674,-0.0031,0.0075,0.0035,0.2458
6301698,-1.8426,0.8852,-0.5782,1.0000,-0.0001,-0.0032,-0.0000,-0.0092,-0.3677,-0.0027,-0.0042,-0.0046,0.2601
6301865,-1.9007,0.9411,-0.6237,1.0000,-0.0001,-0.0032,-0.0000,-0.0086,-0.3671,-0.0033,-0.0057,-0.0066,0.2412
6302031,-1.8319,0.9945,-0.6241,1.0000,-0.0001,-0.0032,-0.0000,-0.0068,-0.3655,-0.0041,0.0057,0.0021,0.2228
6302198,-1.8663,0.8804,-0.6442,1.0000,-0.0000,-0.0032,-0.0000,-0.0056,-0.3659,-0.0049,0.0073,0.0032,0.2521
6302365,-1.9151,0.9544,-0.6464,1.0000,-0.0000,-0.0032,-0.0000,-0.0052,-0.3650,-0.0056,0.0041,0.0021,0.2481
6302531,-1.8735,0.9749,-0.6026,1.0000,-0.0000,-0.0032,-0.0000,-0.0041,-0.3638,-0.0055,-0.0006,-0.0043,0.2398
6302698,-1.8539,0.9523,-0.5299,1.0000,-0.0000,-0.0032,-0.0000,-0.0027,-0.3630,-0.0039,-0.0036,0.0063,0.2310
6302865,-1.7747,0.9217,-0.5976,1.0000,-0.0000,-0.0032,-0.0000,0.0000,-0.3627,-0.0040,0.0061,-0.0163,0.2390
6303031,-1.8493,0.9873,-0.6015,1.0000,0.0000,-0.0032,-0.0000,0.0015,-0.3613,-0.0042,-0.0074,-0.0107,0.2175
6303198,-1.8248,0.9326,-0.6707,1.0000,0.0000,-0.0031,-0.0000,0.0034,-0.3608,-0.0055,-0.0158,0.0038,0.2431
6303365,-1.8418,0.9218,-0.5991,1.0000,0.0000,-0.0031,-0.0001,0.0050,-0.3605,-0.0061,-0.0124,0.0122,0.2398
6303531,-1.9162,0.9105,-0.5627,1.0000,0.0000,-0.0031,-0.0000,0.0054,-0.3603,-0.0050,-0.0145,0.0055,0.2182
6303698,-1.9174,0.9547,-0.5661,1.0000,0.0000,-0.0031,-0.0000,0.0057,-0.3595,-0.0047,-0.0229,-0.0055,0.2621
6303865,-1.9163,0.9774,-0.6185,1.0000,0.0001,-0.0031,-0.0000,0.0061,-0.3582,-0.0053,-0.0153,-0.0006,0.2413
6304031,-1.8724,1.0006,-0.5808,1.0000,0.0001,-0.0031,-0.0000,0.0072,-0.3566,-0.0046,0.0077,-0.0056,0.2366
6304198,-1.8502,1.0053,-0.6161,1.0000,0.0001,-0.0031,-0.0000,0.0086,-0.3549,-0.0043,-0.0081,0.0015,0.2098
6304365,-1.8479,0.9593,-0.6757,1.0000,0.0001,-0.0031,-0.0001,0.0102,-0.3539,-0.0058,-0.0138,0.0079,0.2594
6304531,-1.8736,0.9216,-0.5516,1.0000,0.0001,-0.0031,-0.0000,0.0112,-0.3536,-0.0050,0.0050,0.0037,0.2217
6304698,-1.8772,0.9168,-0.5882,1.0000,0.0001,-0.0031,-0.0000,0.0122,-0.3534,-0.0045,-0.0021,-0.0037,0.2304
6304865,-1.9027,0.9593,-0.5784,1.0000,0.0001,-0.0031,-0.0000,0.0128,-0.3524,-0.0042,-0.0114,-0.0001,0.2441
6305031,-1.7968,0.9069,-0.6040,1.0000,0.0001,-0.0031,-0.0000,0.0152,-0.3524,-0.0043,-0.0128,0.0037,0.2217
6305198,-1.9945,0.9022,-0.5821,1.0000,0.0001,-0.0031,-0.0000,0.0142,-0.3524,-0.0037,-0.0188,0.0165,0.2809
6305365,-1.9651,0.9094,-0.5943,1.0000,0.0001,-0.0031,-0.0000,0.0138,-0.3523,-0.0037,0.0057,-0.0067,0.2193
6305531,-1.9921,0.8279,-0.5724,1.0000,0.0001,-0.0031,-0.0000,0.0129,-0.3535,-0.0033,-0.0113,-0.0229,0.2419
6305698,-1.9421,0.8961,-0.6345,1.0000,0.0001,-0.0031,-0.0000,0.0128,-0.3536,-0.0039,0.0089,-0.0068,0.2257
6305865,-1.9640,0.8755,-0.5723,1.0000,0.0001,-0.0031,-0.0000,0.0124,-0.3541,-0.0035,-0.0043,-0.0134,0.2294
6306031,-1.8649,0.8804,-0.6709,1.0000,0.0001,-0.0031,-0.0000,0.0136,-0.3544,-0.0048,0.0099,0.0023,0.2648
6306198,-1.8980,0.9326,-0.5796,1.0000,0.0001,-0.0031,-0.0000,0.0143,-0.3539,-0.0043,-0.0085,0.0123,0.2394
6306365,-1.9493,0.8864,-0.6612,1.0000,0.0001,-0.0031,-0.0000,0.0141,-0.3542,-0.0056,0.0131,0.0083,0.2177
6306531,-1.9847,0.8195,-0.6076,1.0000,0.0001,-0.0031,-0.0000,0.0134,-0.3556,-0.0056,-0.0111,0.0050,0.2590
6306698,-1.9761,0.9459,-0.6416,1.0000,0.0001,-0.0031,-0.0001,0.0127,-0.3549,-0.0065,0.0082,-0.0038,0.2530
6306865,-1.9834,0.8803,-0.6233,1.0000,0.0001,-0.0031,-0.0001,0.0120,-0.3552,-0.0071,0.0017,-0.0155,0.2633
6307031,-1.8579,0.9264,-0.5893,1.0000,0.0001,-0.0031,-0.0001,0.0133,-0.3549,-0.0071,-0.0096,-0.0082,0.2507
6307198,-1.9409,1.0129,-0.7158,1.0000,0.0001,-0.0031,-0.0001,0.0133,-0.3530,-0.0091,-0.0074,-0.0053,0.2516
6307365,-1.9688,0.8938,-0.6257,1.0000,0.0001,-0.0031,-0.0001,0.0128,-0.3532,-0.0096,-0.0181,0.0136,0.2790
6307531,-1.8882,0.9070,-0.5894,1.0000,0.0001,-0.0031,-0.0001,0.0136,-0.3531,-0.0092,-0.0051,-0.0125,0.2595
6307698,-1.9798,0.9130,-0.6222,1.0000,0.0001,-0.0031,-0.0001,0.0129,-0.3529,-0.0094,-0.0069,-0.0117,0.2426
6307865,-1.9213,0.8717,-0.5637,1.0000,0.0001,-0.0031,-0.0001,0.0132,-0.3534,-0.0090,0.0009,-0.0016,0.2334
6308031,-1.8748,0.9154,-0.5976,1.0000,0.0001,-0.0031,-0.0001,0.0143,-0.3532,-0.0088,0.0173,-0.0070,0.2459
6308198,-1.9198,0.9592,-0.5809,1.0000,0.0001,-0.0031,-0.0001,0.0146,-0.3523,-0.0083,-0.0049,-0.0128,0.2377
6308365,-1.9018,0.8196,-0.6137,1.0000,0.0001,-0.0031,-0.0001,0.0152,-0.3537,-0.0087,0.0028,-0.0198,0.2206
6308531,-1.9909,0.8656,-0.6014,1.0000,0.0001,-0.0031,-0.0001,0.0143,-0.3543,-0.0087,-0.0015,0.0011,0.2473
6308698,-1.9297,0.8898,-0.5636,1.0000,0.0001,-0.0031,-0.0001,0.0144,-0.3545,-0.0079,-0.0113,0.0111,0.2469
6308865,-1.8491,0.9084,-0.6149,1.0000,0.0001,-0.0031,-0.0001,0.0159,-0.3544,-0.0081,-0.0280,-0.0143,0.2392
6309031,-1.9003,0.9409,-0.7156,1.0000,0.0001,-0.0031,-0.0001,0.0166,-0.3538,-0.0101,-0.0144,-0.0111,0.2634
6309198,-1.9409,0.8866,-0.6053,1.0000,0.0001,-0.0031,-0.0001,0.0165,-0.3540,-0.0101,-0.0173,0.0035,0.2441
6309365,-1.9162,0.8643,-0.6162,1.0000,0.0001,-0.0031,-0.0001,0.0169,-0.3547,-0.0100,-0.0090,-0.0027,0.2190
6309531,-2.0028,0.8984,-0.5808,1.0000,0.0001,-0.0031,-0.0001,0.0158,-0.3547,-0.0097,-0.0019,-0.0044,0.2158
6309698,-1.9837,1.0019,-0.6149,1.0000,0.0001,-0.0031,-0.0001,0.0150,-0.3531,-0.0098,-0.0036,-0.0070,0.2224
6309865,-1.9494,0.8730,-0.5953,1.0000,0.0001,-0.0031,-0.0001,0.0149,-0.3536,-0.0097,-0.0052,-0.0069,0.2549
6310031,-1.8956,0.9717,-0.5922,1.0000,0.0001,-0.0031,-0.0001,0.0156,-0.3524,-0.0092,0.0073,0.0027,0.2403
6310198,-1.8198,0.9313,-0.6280,1.0000,0.0002,-0.0031,-0.0001,0.0175,-0.3519,-0.0095,-0.0007,0.0118,0.2526
6310365,-1.9285,0.9265,-0.5908,1.0000,0.0002,-0.0031,-0.0001,0.0177,-0.3515,-0.0092,-0.0099,-0.0152,0.2349
6310532,-1.9618,0.9437,-0.6623,1.0000,0.0002,-0.0031,-0.0001,0.0173,-0.3509,-0.0103,-0.0029,0.0123,0.2413
6310698,-1.9099,0.7562,-0.6209,1.0000,0.0002,-0.0031,-0.0001,0.0178,-0.3533,-0.0108,-0.0113,0.0073,0.2318
6310865,-2.0337,0.9420,-0.6208,1.0000,0.0001,-0.0031,-0.0001,0.0162,-0.3526,-0.0110,-0.0057,-0.0204,0.2415
6311032,-1.8724,0.8864,-0.5588,1.0000,0.0002,-0.0031,-0.0001,0.0173,-0.3529,-0.0108,-0.0060,-0.0040,0.2546
6311198,-1.9196,1.0130,-0.4535,1.0000,0.0002,-0.0031,-0.0001,0.0176,-0.3511,-0.0080,-0.0143,-0.0011,0.2224
6311365,-1.9019,0.9484,-0.5867,1.0000,0.0002,-0.0031,-0.0001,0.0182,-0.3503,-0.0078,0.0044,-0.0015,0.2274
6311532,-1.9946,0.8874,-0.6259,1.0000,0.0002,-0.0031,-0.0001,0.0173,-0.3506,-0.0082,-0.0103,-0.0037,0.2367
6311698,-1.9150,0.8559,-0.6059,1.0000,0.0002,-0.0031,-0.0001,0.0176,-0.3513,-0.0081,0.0034,0.0050,0.2070
6311865,-1.9419,0.8728,-0.6159,1.0000,0.0002,-0.0031,-0.0001,0.0176,-0.3518,-0.0083,0.0156,-0.0071,0.2418
6312032,-1.9335,0.9353,-0.5959,1.0000,0.0002,-0.0031,-0.0001,0.0177,-0.3513,-0.0079,0.0126,0.0087,0.2716
6312198,-1.9871,0.9057,-0.6039,1.0000,0.0001,-0.0031,-0.0001,0.0169,-0.3512,-0.0079,0.0056,0.0144,0.2310
6312365,-1.9590,0.9105,-0.6548,1.0000,0.0001,-0.0031,-0.0001,0.0165,-0.3511,-0.0089,0.0093,0.0160,0.2465
6312532,-1.9143,0.8821,-0.6076,1.0000,0.0001,-0.0031,-0.0001,0.0169,-0.3515,-0.0096,-0.0022,-0.0034,0.2236
6312698,-1.9490,0.9175,-0.6369,1.0000,0.0001,-0.0031,-0.0001,0.0167,-0.3512,-0.0099,-0.0175,-0.0159,0.2380
6312865,-1.8249,0.8734,-0.6282,1.0000,0.0002,-0.0031,-0.0001,0.0186,-0.3517,-0.0105,-0.0315,-0.0149,0.2785
6313032,-1.9493,0.8373,-0.5698,1.0000,0.0002,-0.0031,-0.0001,0.0184,-0.3528,-0.0100,0.0045,0.0072,0.2212
6313198,-1.8724,0.8973,-0.6211,1.0000,0.0002,-0.0031,-0.0001,0.0195,-0.3529,-0.0102,-0.0078,0.0099,0.2534
6313365,-1.9832,0.9803,-0.6170,1.0000,0.0002,-0.0031,-0.0001,0.0188,-0.3516,-0.0103,-0.0026,0.0180,0.2556
6313532,-1.9751,0.9832,-0.6404,1.0000,0.0002,-0.0031,-0.0001,0.0182,-0.3502,-0.0110,-0.0084,-0.0163,0.2583
6313698,-1.9265,0.8527,-0.6308,1.0000,0.0002,-0.0031,-0.0001,0.0184,-0.3511,-0.0113,0.0052,0.0033,0.2364
6313865,-1.8831,0.8436,-0.6258,1.0000,0.0002,-0.0031,-0.0001,0.0193,-0.3521,-0.0116,0.0010,-0.0076,0.2426
6314032,-1.9615,0.8770,-0.5981,1.0000,0.0002,-0.0031,-0.0001,0.0189,-0.3525,-0.0117,-0.0034,0.0041,0.2597
6314198,-1.9187,0.8913,-0.5954,1.0000,0.0002,-0.0031,-0.0001,0.0193,-0.3527,-0.0115,-0.0253,0.0021,0.2315
6314365,-1.9824,0.9489,-0.6210,1.0000,0.0002,-0.0031,-0.0001,0.0185,-0.3519,-0.0116,-0.0166,0.0049,0.2519
6314532,-1.9664,0.9391,-0.6115,1.0000,0.0002,-0.0031,-0.0001,0.0181,-0.3513,-0.0117,-0.0026,0.0022,0.2427
6314698,-1.8697,0.9461,-0.6230,1.0000,0.0002,-0.0031,-0.0001,0.0192,-0.3506,-0.0119,-0.0051,0.0057,0.2513
6314865,-2.0020,0.9635,-0.6517,1.0000,0.0002,-0.0031,-0.0001,0.0182,-0.3496,-0.0129,0.0143,-0.0231,0.2261
6315032,-1.8736,0.9506,-0.5638,1.0000,0.0002,-0.0030,-0.0001,0.0192,-0.3488,-0.0122,-0.0004,-0.0150,0.2518
6315198,-1.9976,1.0220,-0.5815,1.0000,0.0002,-0.0030,-0.0001,0.0183,-0.3468,-0.0118,-0.0220,0.0285,0.2320
6315365,-1.9204,0.9371,-0.6018,1.0000,0.0002,-0.0030,-0.0001,0.0186,-0.3462,-0.0119,0.0011,0.0032,0.2454
6315532,-1.9123,0.8513,-0.5884,1.0000,0.0002,-0.0030,-0.0001,0.0190,-0.3471,-0.0118,-0.0137,0.0012,0.2224
6315698,-1.9756,0.9217,-0.5673,1.0000,0.0002,-0.0030,-0.0001,0.0184,-0.3467,-0.0112,0.0157,-0.0366,0.2294
6315865,-1.9674,1.0001,-0.5881,1.0000,0.0002,-0.0030,-0.0001,0.0179,-0.3451,-0.0108,-0.0117,-0.0162,0.2399
6316032,-1.9797,0.9256,-0.5881,1.0000,0.0001,-0.0030,-0.0001,0.0172,-0.3447,-0.0105,-0.0323,0.0019,0.2127
6316198,-1.9449,0.9630,-0.5915,1.0000,0.0001,-0.0030,-0.0001,0.0171,-0.3437,-0.0101,-0.0221,-0.0102,0.2365
6316365,-1.9536,0.8281,-0.6309,1.0000,0.0001,-0.0030,-0.0001,0.0168,-0.3450,-0.0105,-0.0245,0.0079,0.2478
6316532,-1.9929,0.8118,-0.6418,1.0000,0.0001,-0.0030,-0.0001,0.0159,-0.3465,-0.0111,0.0074,-0.0022,0.2429
6316698,-1.9117,0.8044,-0.5399,1.0000,0.0001,-0.0030,-0.0001,0.0164,-0.3481,-0.0099,0.0307,-0.0052,0.2433
6316865,-1.9020,0.9102,-0.5563,1.0000,0.0001,-0.0030,-0.0001,0.0170,-0.3480,-0.0089,0.0093,0.0069,0.2279
6317032,-1.9561,0.9138,-0.5514,1.0000,0.0001,-0.0030,-0.0001,0.0167,-0.3478,-0.0080,-0.0143,-0.0025,0.2243
6317198,-1.9386,0.9657,-0.5942,1.0000,0.0001,-0.0030,-0.0001,0.0167,-0.3468,-0.0081,-0.0401,0.0189,0.2530
6317365,-1.9649,0.8313,-0.6138,1.0000,0.0001,-0.0030,-0.0001,0.0162,-0.3479,-0.0084,-0.0311,-0.0172,0.2447
6317532,-2.0055,0.8898,-0.6612,1.0000,0.0001,-0.0030,-0.0001,0.0151,-0.3482,-0.0092,0.0018,-0.0072,0.2145
6317698,-1.9027,0.9200,-0.6026,1.0000,0.0001,-0.0030,-0.0001,0.0157,-0.3479,-0.0091,0.0124,0.0016,0.2521
6317865,-1.9094,0.7727,-0.6175,1.0000,0.0001,-0.0031,-0.0001,0.0162,-0.3500,-0.0094,0.0160,0.0075,0.2278
6318032,-1.9660,0.8971,-0.6090,1.0000,0.0001,-0.0031,-0.0001,0.0157,-0.3501,-0.0090,0.0104,0.0035,0.2551
6318198,-1.9614,0.8874,-0.6074,1.0000,0.0001,-0.0031,-0.0001,0.0153,-0.3504,-0.0092,-0.0025,0.0113,0.2432
6318365,-1.9090,0.9418,-0.5663,1.0000,0.0001,-0.0031,-0.0001,0.0158,-0.3497,-0.0086,-0.0256,0.0016,0.2270
6318532,-1.9462,0.8553,-0.6569,1.0000,0.0001,-0.0031,-0.0001,0.0157,-0.3505,-0.0099,-0.0128,0.0006,0.2486
6318698,-1.9339,1.0002,-0.6649,1.0000,0.0001,-0.0030,-0.0001,0.0158,-0.3489,-0.0109,0.0007,-0.0041,0.2107
6318865,-1.9245,0.8888,-0.5944,1.0000,0.0001,-0.0030,-0.0001,0.0160,-0.3491,-0.0110,-0.0074,-0.0115,0.2174
6319032,-1.9221,0.9127,-0.6062,1.0000,0.0001,-0.0030,-0.0001,0.0163,-0.3489,-0.0111,-0.0066,0.0232,0.2522
6319198,-1.9546,0.8871,-0.6374,1.0000,0.0001,-0.0030,-0.0001,0.0160,-0.3492,-0.0120,-0.0304,0.0112,0.2456
6319365,-1.9340,0.8388,-0.5574,1.0000,0.0001,-0.0031,-0.0001,0.0161,-0.3503,-0.0113,-0.0100,-0.0053,0.2274
6319532,-1.9379,0.8697,-0.7173,1.0000,0.0001,-0.0031,-0.0001,0.0161,-0.3508,-0.0131,-0.0060,0.0197,0.2438
6319698,-1.9509,0.8667,-0.5411,1.0000,0.0001,-0.0031,-0.0001,0.0159,-0.3514,-0.0120,-0.0006,-0.0018,0.2214
6319865,-1.8769,0.8817,-0.6213,1.0000,0.0001,-0.0031,-0.0001,0.0169,-0.3518,-0.0121,-0.0121,-0.0006,0.2566
6320032,-1.9816,0.8367,-0.6146,1.0000,0.0001,-0.0031,-0.0001,0.0162,-0.3529,-0.0127,-0.0143,0.0078,0.2251
6320198,-1.9371,0.8784,-0.5755,1.0000,0.0001,-0.0031,-0.0001,0.0163,-0.3533,-0.0122,-0.0205,0.0051,0.2390
6320365,-1.9686,0.8887,-0.6612,1.0000,0.0001,-0.0031,-0.0001,0.0158,-0.3535,-0.0133,-0.0025,-0.0040,0.2545
6320532,-1.9249,0.8765,-0.6273,1.0000,0.0001,-0.0031,-0.0001,0.0160,-0.3539,-0.0137,0.0126,0.0189,0.2284
6320698,-1.9864,0.9044,-0.6110,1.0000,0.0001,-0.0031,-0.0001,0.0152,-0.3539,-0.0138,0.0079,0.0264,0.2277
6320865,-2.0567,0.8189,-0.5472,1.0000,0.0001,-0.0031,-0.0001,0.0132,-0.3553,-0.0130,-0.0123,0.0101,0.2298
6321032,-2.0435,0.9343,-0.6355,1.0000,0.0001,-0.0031,-0.0001,0.0115,-0.3547,-0.0131,-0.0065,-0.0027,0.2236
6321198,-1.8772,0.9719,-0.6477,1.0000,0.0001,-0.0031,-0.0001,0.0125,-0.3536,-0.0143,-0.0080,-0.0021,0.2466
6321365,-1.8699,0.9045,-0.6011,1.0000,0.0001,-0.0031,-0.0001,0.0137,-0.3536,-0.0139,-0.0133,-0.0105,0.2389
6321532,-1.8975,0.9666,-0.5885,1.0000,0.0001,-0.0031,-0.0001,0.0143,-0.3525,-0.0137,-0.0132,-0.0007,0.2494
6321698,-1.8863,0.9038,-0.5380,1.0000,0.0001,-0.0031,-0.0001,0.0152,-0.3525,-0.0124,-0.0102,-0.0104,0.2298
6321865,-2.0062,0.8923,-0.5371,1.0000,0.0001,-0.0031,-0.0001,0.0141,-0.3526,-0.0111,-0.0086,0.0023,0.2592
6322032,-1.9710,0.9230,-0.5791,1.0000,0.0001,-0.0031,-0.0001,0.0135,-0.3523,-0.0110,-0.0067,0.0114,0.2353
6322198,-1.9423,0.8479,-0.6157,1.0000,0.0001,-0.0031,-0.0001,0.0135,-0.3532,-0.0110,-0.0074,0.0104,0.2021
6322365,-2.0451,0.8589,-0.6302,1.0000,0.0001,-0.0031,-0.0001,0.0117,-0.3539,-0.0116,-0.0180,0.0027,0.2382
6322532,-1.8548,0.9460,-0.6078,1.0000,0.0001,-0.0031,-0.0001,0.0131,-0.3532,-0.0117,0.0116,-0.0127,0.2202
6322698,-1.9119,0.8798,-0.6030,1.0000,0.0001,-0.0031,-0.0001,0.0136,-0.3536,-0.0119,-0.0042,0.0188,0.2463
6322865,-1.8937,0.9611,-0.5594,1.0000,0.0001,-0.0031,-0.0001,0.0143,-0.3526,-0.0110,-0.0003,-0.0040,0.2276
6323032,-1.9270,0.9067,-0.6294,1.0000,0.0001,-0.0031,-0.0001,0.0145,-0.3525,-0.0117,-0.0114,0.0003,0.2549
6323198,-1.9104,0.9122,-0.5866,1.0000,0.0001,-0.0031,-0.0001,0.0150,-0.3524,-0.0117,-0.0114,-0.0033,0.2269
6323365,-1.9524,0.9868,-0.5952,1.0000,0.0001,-0.0031,-0.0001,0.0147,-0.3510,-0.0115,-0.0017,-0.0150,0.2485
6323532,-1.9547,0.8332,-0.5689,1.0000,0.0001,-0.0031,-0.0001,0.0145,-0.3521,-0.0107,-0.0034,0.0046,0.2148
6323698,-1.9728,0.9200,-0.5682,1.0000,0.0001,-0.0031,-0.0001,0.0139,-0.3518,-0.0101,-0.0106,0.0023,0.2285
6323865,-1.9540,0.8906,-0.6024,1.0000,0.0001,-0.0031,-0.0001,0.0137,-0.3520,-0.0102,-0.0173,0.0025,0.2471
6324032,-1.8861,0.9294,-0.5070,1.0000,0.0001,-0.0031,-0.0001,0.0145,-0.3516,-0.0085,-0.0119,0.0058,0.2147
6324198,-1.9134,0.8906,-0.6025,1.0000,0.0001,-0.0031,-0.0001,0.0149,-0.3518,-0.0087,0.0013,-0.0050,0.2450
6324365,-1.9179,0.8798,-0.6562,1.0000,0.0001,-0.0031,-0.0001,0.0153,-0.3522,-0.0098,-0.0135,-0.0212,0.2235
6324532,-1.9333,0.9233,-0.6963,1.0000,0.0001,-0.0031,-0.0001,0.0154,-0.3518,-0.0114,-0.0213,-0.0139,0.2682
6324698,-1.9737,0.8705,-0.5536,1.0000,0.0001,-0.0031,-0.0001,0.0148,-0.3523,-0.0104,-0.0023,-0.0048,0.2183
6324865,-1.9013,0.9068,-0.5906,1.0000,0.0001,-0.0031,-0.0001,0.0154,-0.3523,-0.0101,-0.0001,-0.0014,0.2578
6325032,-1.9498,0.8955,-0.5730,1.0000,0.0001,-0.0031,-0.0001,0.0152,-0.3524,-0.0094,-0.0051,0.0090,0.2265
6325198,-1.9464,0.8811,-0.6380,1.0000,0.0001,-0.0031,-0.0001,0.0151,-0.3527,-0.0101,-0.0087,-0.0017,0.2434
6325365,-1.8834,0.9518,-0.6438,1.0000,0.0001,-0.0031,-0.0001,0.0160,-0.3519,-0.0108,0.0075,-0.0016,0.2309
6325532,-1.8750,0.9465,-0.5830,1.0000,0.0001,-0.0031,-0.0001,0.0171,-0.3512,-0.0106,0.0024,0.0194,0.2305
6325698,-1.9166,0.9831,-0.6185,1.0000,0.0002,-0.0031,-0.0001,0.0175,-0.3498,-0.0109,-0.0059,0.0039,0.2496
6325865,-1.8991,0.9062,-0.5352,1.0000,0.0002,-0.0031,-0.0001,0.0181,-0.3498,-0.0095,-0.0117,-0.0037,0.2202
6326032,-1.9504,0.9669,-0.5613,1.0000,0.0002,-0.0030,-0.0001,0.0179,-0.3487,-0.0087,-0.0336,-0.0101,0.2305
6326198,-1.8202,1.0641,-0.5872,1.0000,0.0002,-0.0030,-0.0001,0.0199,-0.3460,-0.0085,-0.0219,-0.0155,0.2470
6326365,-1.8128,0.9103,-0.5552,1.0000,0.0002,-0.0030,-0.0001,0.0220,-0.3459,-0.0074,-0.0044,-0.0080,0.2548
6326532,-1.8888,0.8496,-0.6063,1.0000,0.0002,-0.0030,-0.0001,0.0228,-0.3468,-0.0076,-0.0044,0.0148,0.2378
6326698,-2.0341,0.7502,-0.6064,1.0000,0.0002,-0.0030,-0.0001,0.0213,-0.3493,-0.0076,0.0003,0.0233,0.2430
6326865,-2.0712,0.8192,-0.6033,1.0000,0.0002,-0.0031,-0.0001,0.0190,-0.3507,-0.0075,-0.0109,0.0021,0.2295
6327032,-2.0578,0.9658,-0.5749,1.0000,0.0001,-0.0031,-0.0001,0.0171,-0.3496,-0.0070,-0.0103,-0.0200,0.2469
6327199,-1.9875,0.8340,-0.5794,1.0000,0.0001,-0.0031,-0.0001,0.0162,-0.3508,-0.0062,-0.0211,-0.0265,0.2325
6327365,-1.9040,0.8256,-0.5994,1.0000,0.0001,-0.0031,-0.0000,0.0126,-0.3522,-0.0018,-0.0136,-0.0222,0.2260
6327532,-1.9353,0.9458,-0.5922,1.0000,0.0001,-0.0031,-0.0000,0.0127,-0.3515,-0.0018,0.0035,-0.0013,0.2377
6327699,-1.8476,0.9725,-0.5622,1.0000,0.0001,-0.0031,-0.0000,0.0142,-0.3503,-0.0009,-0.0027,0.0027,0.2409
6327865,-1.9039,0.8418,-0.4976,1.0000,0.0001,-0.0031,0.0000,0.0147,-0.3513,0.0009,-0.0000,0.0158,0.2725
6328032,-1.8612,0.9843,-0.5966,1.0000,0.0001,-0.0031,0.0000,0.0160,-0.3500,0.0010,0.0354,-0.0018,0.2295
6328199,-1.9471,0.8861,-0.6218,1.0000,0.0001,-0.0031,0.0000,0.0159,-0.3502,0.0009,-0.0088,0.0146,0.2590
6328365,-1.9008,0.8830,-0.6027,1.0000,0.0001,-0.0031,0.0000,0.0165,-0.3505,0.0009,0.0033,-0.0172,0.2233
6328532,-1.8787,0.9311,-0.5171,1.0000,0.0002,-0.0031,0.0000,0.0175,-0.3501,0.0019,-0.0216,-0.0217,0.2472
6328699,-1.9406,0.8600,-0.6483,1.0000,0.0002,-0.0031,0.0000,0.0174,-0.3508,0.0014,-0.0405,-0.0166,0.2337
6328865,-1.9621,0.8900,-0.5590,1.0000,0.0001,-0.0031,0.0000,0.0170,-0.3510,0.0023,-0.0371,-0.0087,0.2523
6329032,-2.0020,0.8607,-0.6137,1.0000,0.0001,-0.0031,0.0000,0.0160,-0.3517,0.0020,-0.0205,-0.0213,0.2345
6329199,-1.9417,0.8455,-0.5915,1.0000,0.0001,-0.0031,0.0000,0.0159,-0.3526,0.0023,-0.0031,0.0012,0.2310
6329365,-1.9130,0.9294,-0.6458,1.0000,0.0001,-0.0031,0.0000,0.0164,-0.3522,0.0014,-0.0023,0.0100,0.2272
6329532,-1.9455,0.8726,-0.6868,1.0000,0.0001,-0.0031,-0.0000,0.0162,-0.3527,-0.0002,0.0207,0.0325,0.2226
6329699,-1.9381,0.8937,-0.5868,1.0000,0.0001,-0.0031,0.0000,0.0162,-0.3528,0.0001,0.0042,0.0089,0.2544
6329865,-2.0140,0.9006,-0.5688,1.0000,0.0001,-0.0031,0.0000,0.0150,-0.3529,0.0009,-0.0080,0.0053,0.2173
6330032,-1.9892,0.8737,-0.6789,1.0000,0.0001,-0.0031,-0.0000,0.0141,-0.3533,-0.0003,-0.0293,-0.0183,0.2311
6330199,-1.9246,0.8096,-0.4858,1.0000,0.0001,-0.0031,0.0000,0.0143,-0.3549,0.0022,-0.0150,-0.0033,0.2493
6330365,-1.9097,0.8204,-0.6044,1.0000,0.0001,-0.0031,0.0000,0.0148,-0.3562,0.0022,-0.0234,-0.0214,0.2612
6330532,-1.9294,0.8848,-0.6467,1.0000,0.0001,-0.0031,0.0000,0.0150,-0.3565,0.0018,-0.0235,-0.0085,0.2581
6330699,-1.8637,0.9735,-0.6233,1.0000,0.0001,-0.0031,0.0000,0.0162,-0.3553,0.0013,-0.0015,0.0075,0.2342
6330865,-1.9101,0.9488,-0.5911,1.0000,0.0001,-0.0031,0.0000,0.0167,-0.3546,0.0013,0.0041,0.0073,0.2423
6331032,-1.9729,0.7889,-0.6040,1.0000,0.0001,-0.0031,0.0000,0.0161,-0.3565,0.0011,0.0092,0.0104,0.2265
6331199,-1.9305,0.8484,-0.6310,1.0000,0.0001,-0.0031,0.0000,0.0162,-0.3574,0.0004,-0.0098,0.0179,0.2340
6331365,-2.0014,0.8702,-0.6211,1.0000,0.0001,-0.0031,0.0000,0.0151,-0.3579,-0.0000,-0.0225,-0.0045,0.2493
6331532,-1.8512,0.9086,-0.6819,1.0000,0.0001,-0.0031,-0.0000,0.0166,-0.3578,-0.0012,-0.0129,-0.0004,0.2352
6331699,-1.8825,0.8856,-0.5893,1.0000,0.0002,-0.0031,-0.0000,0.0175,-0.3581,-0.0007,-0.0221,-0.0178,0.2572
6331865,-1.9293,0.8798,-0.6283,1.0000,0.0002,-0.0031,-0.0000,0.0177,-0.3584,-0.0010,-0.0127,-0.0063,0.2534
6332032,-1.9606,0.8916,-0.5947,1.0000,0.0002,-0.0031,-0.0000,0.0173,-0.3586,-0.0008,-0.0116,-0.0003,0.2186
6332199,-1.8850,0.8690,-0.5683,1.0000,0.0002,-0.0031,-0.0000,0.0182,-0.3592,-0.0004,0.0011,-0.0083,0.2347
6332365,-1.9122,0.8585,-0.5845,1.0000,0.0002,-0.0031,0.0000,0.0186,-0.3599,0.0000,0.0071,0.0124,0.2286
6332532,-1.8401,0.9837,-0.6514,1.0000,0.0002,-0.0031,-0.0000,0.0203,-0.3585,-0.0004,-0.0223,-0.0059,0.2463
6332699,-1.9867,0.9083,-0.6725,1.0000,0.0002,-0.0031,-0.0000,0.0195,-0.3584,-0.0015,-0.0153,0.0045,0.2409
6332865,-1.9664,0.8997,-0.6259,1.0000,0.0002,-0.0031,-0.0000,0.0190,-0.3585,-0.0016,0.0019,0.0011,0.2212
6333032,-2.0266,0.8450,-0.6425,1.0000,0.0002,-0.0031,-0.0000,0.0175,-0.3594,-0.0019,-0.0079,0.0177,0.2621
6333199,-1.9049,0.8810,-0.5991,1.0000,0.0002,-0.0031,-0.0000,0.0181,-0.3598,-0.0017,-0.0060,-0.0107,0.2092
6333365,-1.8662,0.8690,-0.6299,1.0000,0.0002,-0.0031,-0.0000,0.0193,-0.3604,-0.0022,-0.0056,-0.0018,0.2566
6333532,-1.9140,0.8507,-0.6509,1.0000,0.0002,-0.0032,-0.0000,0.0197,-0.3612,-0.0029,-0.0103,0.0091,0.2375
6333699,-1.8360,0.9335,-0.5935,1.0000,0.0002,-0.0031,-0.0000,0.0214,-0.3607,-0.0028,-0.0113,0.0094,0.2446
6333865,-1.9262,0.9422,-0.6315,1.0000,0.0002,-0.0031,-0.0000,0.0216,-0.3600,-0.0032,-0.0098,0.0139,0.2328
6334032,-2.0670,0.8928,-0.6627,1.0000,0.0002,-0.0031,-0.0000,0.0195,-0.3602,-0.0042,-0.0012,0.0219,0.2501
6334199,-2.0124,0.8076,-0.6214,1.0000,0.0002,-0.0032,-0.0000,0.0182,-0.3618,-0.0047,-0.0062,0.0089,0.2344
6334365,-1.9203,0.9279,-0.6281,1.0000,0.0002,-0.0032,-0.0000,0.0185,-0.3613,-0.0046,-0.0198,0.0004,0.2396
6334532,-1.9479,0.9455,-0.5808,1.0000,0.0002,-0.0031,-0.0000,0.0184,-0.3606,-0.0044,-0.0203,0.0075,0.2188
6334699,-1.8992,0.9080,-0.5802,1.0000,0.0002,-0.0031,-0.0000,0.0190,-0.3605,-0.0039,-0.0097,-0.0071,0.2286
6334865,-1.8230,1.0000,-0.5966,1.0000,0.0002,-0.0031,-0.0000,0.0209,-0.3589,-0.0037,-0.0106,-0.0015,0.2568
6335032,-1.9444,0.9233,-0.5971,1.0000,0.0002,-0.0031,-0.0000,0.0208,-0.3585,-0.0038,-0.0205,-0.0044,0.2599
6335199,-1.8858,0.8728,-0.6100,1.0000,0.0002,-0.0031,-0.0000,0.0217,-0.3590,-0.0041,-0.0089,-0.0071,0.2527
6335365,-1.9494,0.7945,-0.5702,1.0000,0.0002,-0.0031,-0.0000,0.0215,-0.3608,-0.0037,-0.0090,0.0102,0.2704
6335532,-1.9635,0.7614,-0.5805,1.0000,0.0002,-0.0032,-0.0000,0.0211,-0.3632,-0.0034,0.0014,0.0062,0.2274
6335699,-1.9751,0.8250,-0.5818,1.0000,0.0002,-0.0032,-0.0000,0.0205,-0.3645,-0.0032,-0.0110,0.0237,0.2477
6335865,-1.8949,0.8943,-0.5996,1.0000,0.0002,-0.0032,-0.0000,0.0212,-0.3646,-0.0031,-0.0005,-0.0019,0.2175
6336032,-1.9533,0.8479,-0.6226,1.0000,0.0002,-0.0032,-0.0000,0.0209,-0.3655,-0.0034,-0.0039,0.0010,0.2568
6336199,-1.9306,0.9023,-0.6837,1.0000,0.0002,-0.0032,-0.0000,0.0211,-0.3655,-0.0050,-0.0166,0.0150,0.2315
6336365,-1.8738,0.8965,-0.6227,1.0000,0.0002,-0.0032,-0.0000,0.0222,-0.3656,-0.0055,-0.0145,-0.0102,0.2214
6336532,-1.9459,0.9333,-0.6025,1.0000,0.0002,-0.0032,-0.0000,0.0220,-0.3651,-0.0056,-0.0137,0.0021,0.2898
6336699,-2.0062,0.9177,-0.6187,1.0000,0.0002,-0.0032,-0.0001,0.0209,-0.3648,-0.0058,0.0133,0.0167,0.1840
6336865,-1.9014,0.9467,-0.5632,1.0000,0.0002,-0.0032,-0.0000,0.0215,-0.3641,-0.0051,0.0232,0.0019,0.2673
6337032,-2.0321,0.7963,-0.6096,1.0000,0.0002,-0.0032,-0.0000,0.0199,-0.3658,-0.0050,-0.0019,0.0077,0.2402
6337199,-1.8440,0.8913,-0.5716,1.0000,0.0002,-0.0032,-0.0000,0.0215,-0.3660,-0.0045,-0.0089,-0.0099,0.2351
6337365,-1.9462,0.8442,-0.4941,1.0000,0.0002,-0.0032,-0.0000,0.0214,-0.3670,-0.0027,0.0024,0.0067,0.2393
6337532,-1.9071,0.8872,-0.5958,1.0000,0.0002,-0.0032,-0.0000,0.0219,-0.3672,-0.0027,-0.0210,-0.0008,0.2377
6337699,-1.9528,0.8183,-0.5463,1.0000,0.0002,-0.0032,-0.0000,0.0216,-0.3686,-0.0017,-0.0243,-0.0084,0.2189
6337865,-1.8867,0.9241,-0.5785,1.0000,0.0002,-0.0032,-0.0000,0.0225,-0.3683,-0.0014,-0.0091,0.0078,0.2528
6338032,-2.0103,0.8366,-0.6045,1.0000,0.0002,-0.0032,-0.0000,0.0213,-0.3694,-0.0014,0.0108,-0.0026,0.2531
6338199,-1.9235,0.8704,-0.5850,1.0000,0.0002,-0.0032,-0.0000,0.0215,-0.3699,-0.0011,-0.0194,0.0039,0.2382
6338365,-1.9618,0.8534,-0.5803,1.0000,0.0002,-0.0032,-0.0000,0.0212,-0.3707,-0.0003,-0.0032,-0.0098,0.2288
6338532,-1.9357,0.7974,-0.6100,1.0000,0.0002,-0.0033,-0.0000,0.0212,-0.3725,-0.0003,-0.0145,0.0094,0.2317
6338699,-1.9453,0.9697,-0.6095,1.0000,0.0002,-0.0032,-0.0000,0.0211,-0.3714,-0.0006,-0.0024,0.0013,0.2460
6338865,-1.9871,0.9234,-0.6161,1.0000,0.0002,-0.0032,-0.0000,0.0203,-0.3710,-0.0004,-0.0114,-0.0071,0.2567
6339032,-1.8890,0.9266,-0.6258,1.0000,0.0002,-0.0032,-0.0000,0.0211,-0.3706,-0.0009,-0.0056,-0.0113,0.2308
6339199,-1.8595,0.9149,-0.5821,1.0000,0.0002,-0.0032,-0.0000,0.0224,-0.3704,-0.0005,-0.0105,-0.0056,0.2438
6339365,-1.9815,0.8981,-0.5603,1.0000,0.0002,-0.0032,0.0000,0.0217,-0.3705,0.0000,-0.0059,0.0051,0.2285
6339532,-1.8812,0.8978,-0.5717,1.0000,0.0002,-0.0032,0.0000,0.0226,-0.3705,0.0004,-0.0068,-0.0022,0.2392
6339699,-1.9004,0.8929,-0.5888,1.0000,0.0002,-0.0032,0.0000,0.0233,-0.3707,0.0007,-0.0160,-0.0084,0.2340
6339865,-1.9109,0.8754,-0.6059,1.0000,0.0002,-0.0032,0.0000,0.0237,-0.3711,0.0006,-0.0084,0.0048,0.2315
6340032,-1.9583,0.8911,-0.5984,1.0000,0.0002,-0.0032,0.0000,0.0234,-0.3713,0.0005,0.0010,0.0141,0.2149
6340199,-1.8974,0.9511,-0.6222,1.0000,0.0002,-0.0032,-0.0000,0.0241,-0.3705,-0.0001,-0.0296,-0.0106,0.2296
6340365,-1.9205,0.8353,-0.5384,1.0000,0.0002,-0.0032,0.0000,0.0244,-0.3716,0.0010,-0.0261,-0.0162,0.2513
6340532,-1.9029,0.9040,-0.6490,1.0000,0.0002,-0.0032,0.0000,0.0250,-0.3716,0.0002,0.0040,-0.0050,0.2304
6340699,-1.9615,0.8146,-0.6068,1.0000,0.0002,-0.0033,0.0000,0.0246,-0.3730,0.0002,0.0007,0.0164,0.2321
6340865,-1.9432,0.8728,-0.6051,1.0000,0.0002,-0.0033,0.0000,0.0245,-0.3735,0.0000,-0.0102,-0.0077,0.2416
6341032,-2.0135,0.9862,-0.5408,1.0000,0.0002,-0.0032,0.0000,0.0232,-0.3721,0.0008,-0.0209,-0.0037,0.2619
6341199,-1.9882,0.8473,-0.5333,1.0000,0.0002,-0.0033,0.0000,0.0224,-0.3731,0.0020,-0.0117,-0.0085,0.2417
6341365,-1.8991,0.8839,-0.5700,1.0000,0.0002,-0.0033,0.0000,0.0230,-0.3734,0.0024,-0.0084,0.0019,0.2230
6341532,-1.9505,0.9489,-0.5880,1.0000,0.0002,-0.0033,0.0000,0.0228,-0.3726,0.0025,-0.0065,0.0028,0.2525
6341699,-1.9709,0.8369,-0.5303,1.0000,0.0002,-0.0033,0.0000,0.0223,-0.3737,0.0038,-0.0087,-0.0156,0.2292
6341865,-1.8697,0.8496,-0.6259,1.0000,0.0002,-0.0033,0.0000,0.0234,-0.3746,0.0033,-0.0117,0.0119,0.2357
6342032,-1.9317,0.8850,-0.6344,1.0000,0.0002,-0.0033,0.0000,0.0235,-0.3748,0.0030,-0.0134,-0.0050,0.2662
6342199,-1.9071,0.8793,-0.5619,1.0000,0.0002,-0.0033,0.0000,0.0241,-0.3752,0.0040,0.0027,-0.0002,0.2362
6342365,-1.8936,0.9951,-0.6319,1.0000,0.0002,-0.0033,0.0000,0.0248,-0.3737,0.0034,-0.0108,0.0011,0.2262
6342532,-1.9597,0.8692,-0.6574,1.0000,0.0002,-0.0033,0.0000,0.0244,-0.3742,0.0023,-0.0082,-0.0002,0.2500
6342699,-1.9835,0.9127,-0.5090,1.0000,0.0002,-0.0033,0.0000,0.0237,-0.3741,0.0040,-0.0103,0.0050,0.2498
6342865,-1.9118,0.8884,-0.5505,1.0000,0.0002,-0.0033,0.0000,0.0241,-0.3743,0.0049,-0.0137,-0.0070,0.2403
6343032,-1.9965,0.9068,-0.5518,1.0000,0.0002,-0.0033,0.0000,0.0232,-0.3742,0.0055,0.0025,-0.0006,0.2418
6343199,-1.9071,0.8421,-0.6576,1.0000,0.0002,-0.0033,0.0000,0.0237,-0.3752,0.0048,-0.0153,-0.0106,0.2162
6343365,-1.9260,0.9374,-0.5335,1.0000,0.0002,-0.0033,0.0001,0.0239,-0.3746,0.0058,-0.0121,-0.0007,0.2304
6343532,-1.8974,0.8359,-0.6248,1.0000,0.0002,-0.0033,0.0000,0.0246,-0.3757,0.0055,-0.0111,0.0048,0.2525
6343699,-1.9737,0.9587,-0.6545,1.0000,0.0002,-0.0033,0.0000,0.0240,-0.3748,0.0043,0.0054,-0.0090,0.2643
6343866,-1.8907,0.9867,-0.6186,1.0000,0.0002,-0.0033,0.0000,0.0248,-0.3734,0.0041,-0.0010,0.0023,0.2411
6344032,-1.8650,0.8918,-0.5540,1.0000,0.0002,-0.0033,0.0000,0.0260,-0.3736,0.0048,-0.0166,0.0007,0.2552
6344199,-1.9560,0.9568,-0.5796,1.0000,0.0002,-0.0033,0.0000,0.0257,-0.3726,0.0050,-0.0148,-0.0025,0.2283
6344366,-1.9682,0.9199,-0.5796,1.0000,0.0002,-0.0032,0.0000,0.0252,-0.3724,0.0053,-0.0007,0.0187,0.2377
6344532,-1.9437,0.8870,-0.6167,1.0000,0.0002,-0.0033,0.0000,0.0251,-0.3726,0.0051,-0.0163,0.0001,0.2482
6344699,-1.9377,0.8967,-0.6338,1.0000,0.0002,-0.0033,0.0000,0.0251,-0.3727,0.0045,-0.0097,-0.0045,0.2241
6344866,-1.8985,0.8408,-0.6307,1.0000,0.0002,-0.0033,0.0000,0.0258,-0.3737,0.0037,-0.0097,0.0066,0.2559
6345032,-2.0360,0.8299,-0.6312,1.0000,0.0002,-0.0033,0.0000,0.0242,-0.3749,0.0031,0.0021,-0.0198,0.2492
6345199,-2.0288,0.7691,-0.5729,1.0000,0.0002,-0.0033,0.0000,0.0227,-0.3772,0.0036,0.0023,-0.0110,0.2340
6345366,-1.9994,0.9016,-0.5912,1.0000,0.0002,-0.0033,0.0000,0.0216,-0.3772,0.0039,0.0079,0.0016,0.2534
6345532,-1.9413,0.8114,-0.6356,1.0000,0.0002,-0.0033,0.0000,0.0216,-0.3787,0.0033,-0.0052,0.0008,0.2581
6345699,-1.9718,0.9290,-0.5663,1.0000,0.0002,-0.0033,0.0000,0.0210,-0.3782,0.0038,0.0106,0.0034,0.2260
6345866,-1.9731,0.9131,-0.5845,1.0000,0.0002,-0.0033,0.0000,0.0205,-0.3780,0.0040,-0.0211,-0.0057,0.2284
6346032,-1.9096,0.8984,-0.6911,1.0000,0.0002,-0.0033,0.0000,0.0209,-0.3781,0.0024,-0.0123,-0.0085,0.2187
6346199,-1.9468,0.8894,-0.6795,1.0000,0.0002,-0.0033,0.0000,0.0208,-0.3783,0.0013,-0.0230,-0.0018,0.2474
6346366,-1.8706,0.8183,-0.6533,1.0000,0.0002,-0.0033,0.0000,0.0219,-0.3797,0.0004,-0.0197,-0.0007,0.2661
6346532,-2.0757,0.8567,-0.5560,1.0000,0.0002,-0.0033,0.0000,0.0196,-0.3805,0.0014,-0.0146,0.0084,0.2421
6346699,-2.0122,0.8633,-0.5912,1.0000,0.0002,-0.0033,0.0000,0.0184,-0.3811,0.0014,-0.0316,-0.0050,0.2094
6346866,-1.9394,0.8263,-0.5317,1.0000,0.0002,-0.0033,0.0000,0.0184,-0.3824,0.0022,-0.0353,-0.0149,0.2387
6347032,-1.9432,0.8177,-0.5624,1.0000,0.0002,-0.0033,0.0000,0.0183,-0.3838,0.0028,-0.0206,-0.0057,0.2418
6347199,-1.9945,0.9519,-0.6381,0.9939,0.0005,-0.0033,0.1102,0.0174,-0.3830,12.6525,-0.0088,-0.0111,0.2401
6347366,-1.8644,0.9206,-0.6330,0.9939,0.0004,-0.0030,0.1102,0.0136,-0.3436,12.6509,0.0005,0.0091,0.2391
6347532
6347699
